sparse:decode,is_fp8:1,topk:2048,batch_size:128,seqlen_q:1,seqlen_k:4096,num_heads:128,num_heads_kv:1,head_dim:576,head_dim_v:512,causal:0,dtype:bf16
sparse:decode,is_fp8:1,topk:2048,batch_size:128,seqlen_q:1,seqlen_k:8192,num_heads:128,num_heads_kv:1,head_dim:576,head_dim_v:512,causal:0,dtype:bf16
sparse:decode,is_fp8:1,topk:2048,batch_size:128,seqlen_q:1,seqlen_k:16384,num_heads:128,num_heads_kv:1,head_dim:576,head_dim_v:512,causal:0,dtype:bf16
sparse:decode,is_fp8:1,topk:2048,batch_size:128,seqlen_q:1,seqlen_k:32768,num_heads:128,num_heads_kv:1,head_dim:576,head_dim_v:512,causal:0,dtype:bf16
sparse:decode,is_fp8:1,topk:2048,batch_size:128,seqlen_q:2,seqlen_k:4096,num_heads:128,num_heads_kv:1,head_dim:576,head_dim_v:512,causal:0,dtype:bf16
sparse:decode,is_fp8:1,topk:2048,batch_size:128,seqlen_q:2,seqlen_k:8192,num_heads:128,num_heads_kv:1,head_dim:576,head_dim_v:512,causal:0,dtype:bf16
sparse:decode,is_fp8:1,topk:2048,batch_size:128,seqlen_q:2,seqlen_k:16384,num_heads:128,num_heads_kv:1,head_dim:576,head_dim_v:512,causal:0,dtype:bf16
sparse:decode,is_fp8:1,topk:2048,batch_size:128,seqlen_q:2,seqlen_k:32768,num_heads:128,num_heads_kv:1,head_dim:576,head_dim_v:512,causal:0,dtype:bf16
flash_mla:[D][1,194]flash_mla,MLA:sparse:decode,is_fp8:1,topk:2048,batch_size:1,seqlen_q:1,seqlen_k:[194],num_heads:128,num_heads_kv:1,head_dim:576,head_dim_v:512,causal:0,dtype:bf16.
flash_mla:[D][2,194]flash_mla,MLA:sparse:decode,is_fp8:1,topk:2048,batch_size:2,seqlen_q:1,seqlen_k:[194,160],num_heads:128,num_heads_kv:1,head_dim:576,head_dim_v:512,causal:0,dtype:bf16.
flash_mla:[D][3,194]flash_mla,MLA:sparse:decode,is_fp8:1,topk:2048,batch_size:3,seqlen_q:1,seqlen_k:[194,160,174],num_heads:128,num_heads_kv:1,head_dim:576,head_dim_v:512,causal:0,dtype:bf16.
flash_mla:[D][4,200]flash_mla,MLA:sparse:decode,is_fp8:1,topk:2048,batch_size:4,seqlen_q:1,seqlen_k:[194,160,174,200],num_heads:128,num_heads_kv:1,head_dim:576,head_dim_v:512,causal:0,dtype:bf16.
flash_mla:[D][7,200]flash_mla,MLA:sparse:decode,is_fp8:1,topk:2048,batch_size:7,seqlen_q:1,seqlen_k:[194,160,174,200,196,125,173],num_heads:128,num_heads_kv:1,head_dim:576,head_dim_v:512,causal:0,dtype:bf16.
flash_mla:[D][11,200]flash_mla,MLA:sparse:decode,is_fp8:1,topk:2048,batch_size:11,seqlen_q:1,seqlen_k:[194,160,174,200,196,125,173,146,147,160,153],num_heads:128,num_heads_kv:1,head_dim:576,head_dim_v:512,causal:0,dtype:bf16.
flash_mla:[D][19,200]flash_mla,MLA:sparse:decode,is_fp8:1,topk:2048,batch_size:19,seqlen_q:1,seqlen_k:[194,160,174,200,196,125,173,146,147,160,153,186,169,153,161,158,187,144,157],num_heads:128,num_heads_kv:1,head_dim:576,head_dim_v:512,causal:0,dtype:bf16.
flash_mla:[D][30,200]flash_mla,MLA:sparse:decode,is_fp8:1,topk:2048,batch_size:30,seqlen_q:1,seqlen_k:[194,160,174,200,196,125,173,146,147,160,153,186,169,153,161,158,187,144,157,128,100,166,171,131,200,113,151,145,188,186],num_heads:128,num_heads_kv:1,head_dim:576,head_dim_v:512,causal:0,dtype:bf16.
flash_mla:[D][49,200]flash_mla,MLA:sparse:decode,is_fp8:1,topk:2048,batch_size:49,seqlen_q:1,seqlen_k:[194,160,174,200,196,125,173,146,147,160,153,186,169,153,161,158,187,144,157,128,100,166,171,131,200,113,151,145,188,186,153,159,127,100,141,153,180,180,140,142,123,114,107,198,137,139,118,169,109],num_heads:128,num_heads_kv:1,head_dim:576,head_dim_v:512,causal:0,dtype:bf16.
flash_mla:[D][80,200]flash_mla,MLA:sparse:decode,is_fp8:1,topk:2048,batch_size:80,seqlen_q:1,seqlen_k:[194,160,174,200,196,125,173,146,147,160,153,186,169,153,161,158,187,144,157,128,100,166,171,131,200,113,151,145,188,186,153,159,127,100,141,153,180,180,140,142,123,114,107,198,137,139,118,169,109,144,127,159,137,120,149,160,151,157,134,140,133,141,129,106,154,139,109,161,127,151,168,153,178,119,160,132,128,135,142,151],num_heads:128,num_heads_kv:1,head_dim:576,head_dim_v:512,causal:0,dtype:bf16.
flash_mla:[D][131,200]flash_mla,MLA:sparse:decode,is_fp8:1,topk:2048,batch_size:131,seqlen_q:1,seqlen_k:[194,160,174,200,196,125,173,146,147,160,153,186,169,153,161,158,187,144,157,128,100,166,171,131,200,113,151,145,188,186,153,159,127,100,141,153,180,180,140,142,123,114,107,198,137,139,118,169,109,144,127,159,137,120,149,160,151,157,134,140,133,141,129,106,154,139,109,161,127,151,168,153,178,119,160,132,128,135,142,151,120,172,161,111,187,197,179,145,123,176,139,180,155,174,158,167,150,194,153,160,197,116,118,174,120,198,139,131,198,187,196,172,128,197,143,170,173,146,165,173,159,122,157,183,132,146,139,196,166,160,130],num_heads:128,num_heads_kv:1,head_dim:576,head_dim_v:512,causal:0,dtype:bf16.
flash_mla:[D][213,200]flash_mla,MLA:sparse:decode,is_fp8:1,topk:2048,batch_size:213,seqlen_q:1,seqlen_k:[194,160,174,200,196,125,173,146,147,160,153,186,169,153,161,158,187,144,157,128,100,166,171,131,200,113,151,145,188,186,153,159,127,100,141,153,180,180,140,142,123,114,107,198,137,139,118,169,109,144,127,159,137,120,149,160,151,157,134,140,133,141,129,106,154,139,109,161,127,151,168,153,178,119,160,132,128,135,142,151,120,172,161,111,187,197,179,145,123,176,139,180,155,174,158,167,150,194,153,160,197,116,118,174,120,198,139,131,198,187,196,172,128,197,143,170,173,146,165,173,159,122,157,183,132,146,139,196,166,160,130,163,133,150,134,166,164,144,159,122,112,160,154,165,200,173,127,177,117,138,148,192,131,129,147,133,178,123,121,139,137,198,173,152,119,171,124,111,179,157,173,157,171,133,124,167,129,132,138,150,141,115,133,100,165,109,122,151,131,188,117,156,149,120,163,145,169,170,200,183,140,144,177,166,166,109,149,131,156,147,172,157,169],num_heads:128,num_heads_kv:1,head_dim:576,head_dim_v:512,causal:0,dtype:bf16.
flash_mla:[D][346,200]flash_mla,MLA:sparse:decode,is_fp8:1,topk:2048,batch_size:346,seqlen_q:1,seqlen_k:[194,160,174,200,196,125,173,146,147,160,153,186,169,153,161,158,187,144,157,128,100,166,171,131,200,113,151,145,188,186,153,159,127,100,141,153,180,180,140,142,123,114,107,198,137,139,118,169,109,144,127,159,137,120,149,160,151,157,134,140,133,141,129,106,154,139,109,161,127,151,168,153,178,119,160,132,128,135,142,151,120,172,161,111,187,197,179,145,123,176,139,180,155,174,158,167,150,194,153,160,197,116,118,174,120,198,139,131,198,187,196,172,128,197,143,170,173,146,165,173,159,122,157,183,132,146,139,196,166,160,130,163,133,150,134,166,164,144,159,122,112,160,154,165,200,173,127,177,117,138,148,192,131,129,147,133,178,123,121,139,137,198,173,152,119,171,124,111,179,157,173,157,171,133,124,167,129,132,138,150,141,115,133,100,165,109,122,151,131,188,117,156,149,120,163,145,169,170,200,183,140,144,177,166,166,109,149,131,156,147,172,157,169,138,126,139,149,159,200,148,126,141,138,162,111,151,153,155,135,144,114,137,136,160,121,169,187,100,160,166,134,140,146,142,142,108,178,176,129,113,163,135,153,142,167,167,131,115,110,165,120,137,135,148,101,154,163,152,142,152,159,100,198,159,133,140,162,147,100,200,147,175,132,188,157,165,123,180,167,182,134,137,200,123,146,178,152,164,140,159,117,191,147,132,166,138,116,116,167,146,146,176,121,131,140,152,148,142,148,147,132,129,156,127,121,142,146,200,132,173,168,120,169,120,100,165,106,161,132,191,176,138,132,119,138,142],num_heads:128,num_heads_kv:1,head_dim:576,head_dim_v:512,causal:0,dtype:bf16.
flash_mla:[D][563,200]flash_mla,MLA:sparse:decode,is_fp8:1,topk:2048,batch_size:563,seqlen_q:1,seqlen_k:[194,160,174,200,196,125,173,146,147,160,153,186,169,153,161,158,187,144,157,128,100,166,171,131,200,113,151,145,188,186,153,159,127,100,141,153,180,180,140,142,123,114,107,198,137,139,118,169,109,144,127,159,137,120,149,160,151,157,134,140,133,141,129,106,154,139,109,161,127,151,168,153,178,119,160,132,128,135,142,151,120,172,161,111,187,197,179,145,123,176,139,180,155,174,158,167,150,194,153,160,197,116,118,174,120,198,139,131,198,187,196,172,128,197,143,170,173,146,165,173,159,122,157,183,132,146,139,196,166,160,130,163,133,150,134,166,164,144,159,122,112,160,154,165,200,173,127,177,117,138,148,192,131,129,147,133,178,123,121,139,137,198,173,152,119,171,124,111,179,157,173,157,171,133,124,167,129,132,138,150,141,115,133,100,165,109,122,151,131,188,117,156,149,120,163,145,169,170,200,183,140,144,177,166,166,109,149,131,156,147,172,157,169,138,126,139,149,159,200,148,126,141,138,162,111,151,153,155,135,144,114,137,136,160,121,169,187,100,160,166,134,140,146,142,142,108,178,176,129,113,163,135,153,142,167,167,131,115,110,165,120,137,135,148,101,154,163,152,142,152,159,100,198,159,133,140,162,147,100,200,147,175,132,188,157,165,123,180,167,182,134,137,200,123,146,178,152,164,140,159,117,191,147,132,166,138,116,116,167,146,146,176,121,131,140,152,148,142,148,147,132,129,156,127,121,142,146,200,132,173,168,120,169,120,100,165,106,161,132,191,176,138,132,119,138,142,140,153,164,158,130,114,184,132,133,136,103,138,138,165,167,150,173,158,149,154,145,140,143,121,157,125,171,143,151,162,166,110,144,172,107,159,100,124,150,108,125,113,191,154,164,144,141,109,142,130,171,178,186,171,135,122,169,158,105,158,170,151,145,129,113,170,142,144,193,167,159,153,187,192,173,164,100,153,146,152,173,100,135,156,138,114,171,156,125,157,170,150,170,151,140,121,147,154,171,147,161,125,130,147,123,170,161,156,158,200,138,100,154,148,137,125,139,154,137,200,125,130,100,156,100,136,143,132,193,174,182,127,178,162,169,175,127,139,171,100,187,163,148,155,124,141,177,182,200,148,133,137,124,148,159,149,177,144,141,135,109,110,120,182,172,184,116,100,133,154,162,176,157,193,144,127,107,127,156,127,173,185,100,171,100,160,180,151,118,135,143,145,144,147,155,119,143,187,140,138,176,100,179,134,154,152,173,143,133,182,100,150,116,130,200,148,154],num_heads:128,num_heads_kv:1,head_dim:576,head_dim_v:512,causal:0,dtype:bf16.
flash_mla:[D][917,200]flash_mla,MLA:sparse:decode,is_fp8:1,topk:2048,batch_size:917,seqlen_q:1,seqlen_k:[194,160,174,200,196,125,173,146,147,160,153,186,169,153,161,158,187,144,157,128,100,166,171,131,200,113,151,145,188,186,153,159,127,100,141,153,180,180,140,142,123,114,107,198,137,139,118,169,109,144,127,159,137,120,149,160,151,157,134,140,133,141,129,106,154,139,109,161,127,151,168,153,178,119,160,132,128,135,142,151,120,172,161,111,187,197,179,145,123,176,139,180,155,174,158,167,150,194,153,160,197,116,118,174,120,198,139,131,198,187,196,172,128,197,143,170,173,146,165,173,159,122,157,183,132,146,139,196,166,160,130,163,133,150,134,166,164,144,159,122,112,160,154,165,200,173,127,177,117,138,148,192,131,129,147,133,178,123,121,139,137,198,173,152,119,171,124,111,179,157,173,157,171,133,124,167,129,132,138,150,141,115,133,100,165,109,122,151,131,188,117,156,149,120,163,145,169,170,200,183,140,144,177,166,166,109,149,131,156,147,172,157,169,138,126,139,149,159,200,148,126,141,138,162,111,151,153,155,135,144,114,137,136,160,121,169,187,100,160,166,134,140,146,142,142,108,178,176,129,113,163,135,153,142,167,167,131,115,110,165,120,137,135,148,101,154,163,152,142,152,159,100,198,159,133,140,162,147,100,200,147,175,132,188,157,165,123,180,167,182,134,137,200,123,146,178,152,164,140,159,117,191,147,132,166,138,116,116,167,146,146,176,121,131,140,152,148,142,148,147,132,129,156,127,121,142,146,200,132,173,168,120,169,120,100,165,106,161,132,191,176,138,132,119,138,142,140,153,164,158,130,114,184,132,133,136,103,138,138,165,167,150,173,158,149,154,145,140,143,121,157,125,171,143,151,162,166,110,144,172,107,159,100,124,150,108,125,113,191,154,164,144,141,109,142,130,171,178,186,171,135,122,169,158,105,158,170,151,145,129,113,170,142,144,193,167,159,153,187,192,173,164,100,153,146,152,173,100,135,156,138,114,171,156,125,157,170,150,170,151,140,121,147,154,171,147,161,125,130,147,123,170,161,156,158,200,138,100,154,148,137,125,139,154,137,200,125,130,100,156,100,136,143,132,193,174,182,127,178,162,169,175,127,139,171,100,187,163,148,155,124,141,177,182,200,148,133,137,124,148,159,149,177,144,141,135,109,110,120,182,172,184,116,100,133,154,162,176,157,193,144,127,107,127,156,127,173,185,100,171,100,160,180,151,118,135,143,145,144,147,155,119,143,187,140,138,176,100,179,134,154,152,173,143,133,182,100,150,116,130,200,148,154,105,131,154,158,165,150,163,161,104,150,169,164,140,129,122,146,178,101,133,121,169,136,138,144,161,140,100,163,160,144,122,158,159,138,144,126,145,111,160,126,155,114,135,147,108,152,140,106,117,165,172,146,160,155,158,182,112,166,140,144,142,140,119,154,191,148,149,132,147,161,140,138,160,127,156,170,183,147,184,175,125,119,142,175,148,134,188,157,100,157,163,155,161,148,117,140,126,126,118,161,152,138,133,149,176,100,159,136,102,101,127,155,159,126,175,185,159,135,178,168,171,133,100,200,109,149,200,158,173,112,105,136,177,141,130,154,177,113,119,130,177,155,200,173,149,181,155,132,166,132,142,183,147,129,138,175,136,140,137,154,140,109,127,126,181,170,164,137,129,137,123,200,100,164,117,147,125,120,121,193,146,130,163,150,168,104,157,169,108,161,192,149,170,166,132,150,110,138,156,168,150,167,122,147,150,196,144,137,150,127,154,140,105,148,142,109,148,187,163,165,116,161,153,163,160,116,148,131,148,127,182,128,127,151,123,139,129,185,169,148,140,173,160,162,149,107,147,136,166,175,133,161,193,133,192,128,150,149,150,129,135,133,158,158,200,184,137,158,174,150,148,151,171,128,141,161,157,155,140,174,200,160,145,168,136,131,150,100,121,141,116,124,139,108,139,136,150,178,154,150,152,155,124,147,157,115,171,177,134,143,128,167,123,144,128,151,105,183,125,151,144,130,127,173,136,156,129,133,161,173,145,114,199,128,111,200,139,113,132,159,154,128,195,136,120,174,183,129,114,175,100,119,174,148],num_heads:128,num_heads_kv:1,head_dim:576,head_dim_v:512,causal:0,dtype:bf16.
flash_mla:[D][1492,200]flash_mla,MLA:sparse:decode,is_fp8:1,topk:2048,batch_size:1492,seqlen_q:1,seqlen_k:[194,160,174,200,196,125,173,146,147,160,153,186,169,153,161,158,187,144,157,128,100,166,171,131,200,113,151,145,188,186,153,159,127,100,141,153,180,180,140,142,123,114,107,198,137,139,118,169,109,144,127,159,137,120,149,160,151,157,134,140,133,141,129,106,154,139,109,161,127,151,168,153,178,119,160,132,128,135,142,151,120,172,161,111,187,197,179,145,123,176,139,180,155,174,158,167,150,194,153,160,197,116,118,174,120,198,139,131,198,187,196,172,128,197,143,170,173,146,165,173,159,122,157,183,132,146,139,196,166,160,130,163,133,150,134,166,164,144,159,122,112,160,154,165,200,173,127,177,117,138,148,192,131,129,147,133,178,123,121,139,137,198,173,152,119,171,124,111,179,157,173,157,171,133,124,167,129,132,138,150,141,115,133,100,165,109,122,151,131,188,117,156,149,120,163,145,169,170,200,183,140,144,177,166,166,109,149,131,156,147,172,157,169,138,126,139,149,159,200,148,126,141,138,162,111,151,153,155,135,144,114,137,136,160,121,169,187,100,160,166,134,140,146,142,142,108,178,176,129,113,163,135,153,142,167,167,131,115,110,165,120,137,135,148,101,154,163,152,142,152,159,100,198,159,133,140,162,147,100,200,147,175,132,188,157,165,123,180,167,182,134,137,200,123,146,178,152,164,140,159,117,191,147,132,166,138,116,116,167,146,146,176,121,131,140,152,148,142,148,147,132,129,156,127,121,142,146,200,132,173,168,120,169,120,100,165,106,161,132,191,176,138,132,119,138,142,140,153,164,158,130,114,184,132,133,136,103,138,138,165,167,150,173,158,149,154,145,140,143,121,157,125,171,143,151,162,166,110,144,172,107,159,100,124,150,108,125,113,191,154,164,144,141,109,142,130,171,178,186,171,135,122,169,158,105,158,170,151,145,129,113,170,142,144,193,167,159,153,187,192,173,164,100,153,146,152,173,100,135,156,138,114,171,156,125,157,170,150,170,151,140,121,147,154,171,147,161,125,130,147,123,170,161,156,158,200,138,100,154,148,137,125,139,154,137,200,125,130,100,156,100,136,143,132,193,174,182,127,178,162,169,175,127,139,171,100,187,163,148,155,124,141,177,182,200,148,133,137,124,148,159,149,177,144,141,135,109,110,120,182,172,184,116,100,133,154,162,176,157,193,144,127,107,127,156,127,173,185,100,171,100,160,180,151,118,135,143,145,144,147,155,119,143,187,140,138,176,100,179,134,154,152,173,143,133,182,100,150,116,130,200,148,154,105,131,154,158,165,150,163,161,104,150,169,164,140,129,122,146,178,101,133,121,169,136,138,144,161,140,100,163,160,144,122,158,159,138,144,126,145,111,160,126,155,114,135,147,108,152,140,106,117,165,172,146,160,155,158,182,112,166,140,144,142,140,119,154,191,148,149,132,147,161,140,138,160,127,156,170,183,147,184,175,125,119,142,175,148,134,188,157,100,157,163,155,161,148,117,140,126,126,118,161,152,138,133,149,176,100,159,136,102,101,127,155,159,126,175,185,159,135,178,168,171,133,100,200,109,149,200,158,173,112,105,136,177,141,130,154,177,113,119,130,177,155,200,173,149,181,155,132,166,132,142,183,147,129,138,175,136,140,137,154,140,109,127,126,181,170,164,137,129,137,123,200,100,164,117,147,125,120,121,193,146,130,163,150,168,104,157,169,108,161,192,149,170,166,132,150,110,138,156,168,150,167,122,147,150,196,144,137,150,127,154,140,105,148,142,109,148,187,163,165,116,161,153,163,160,116,148,131,148,127,182,128,127,151,123,139,129,185,169,148,140,173,160,162,149,107,147,136,166,175,133,161,193,133,192,128,150,149,150,129,135,133,158,158,200,184,137,158,174,150,148,151,171,128,141,161,157,155,140,174,200,160,145,168,136,131,150,100,121,141,116,124,139,108,139,136,150,178,154,150,152,155,124,147,157,115,171,177,134,143,128,167,123,144,128,151,105,183,125,151,144,130,127,173,136,156,129,133,161,173,145,114,199,128,111,200,139,113,132,159,154,128,195,136,120,174,183,129,114,175,100,119,174,148,143,158,146,117,181,183,155,151,200,143,143,159,186,189,143,157,115,142,128,124,192,130,136,159,182,162,200,148,156,156,185,162,147,126,156,185,139,163,156,171,129,200,118,140,173,157,170,137,148,150,189,167,169,133,174,155,184,200,142,139,128,146,140,158,146,140,176,126,160,139,168,184,142,161,154,130,156,157,160,145,152,121,141,163,172,139,152,155,155,163,104,148,155,124,191,154,189,130,127,155,108,155,152,175,167,139,122,192,130,123,122,177,137,131,153,144,133,168,176,174,169,160,105,191,157,165,177,185,160,160,135,150,128,132,127,146,176,200,154,116,181,142,133,155,118,155,147,152,159,151,150,157,160,124,114,148,114,152,173,165,123,128,158,139,142,164,125,139,129,123,128,166,151,128,144,109,131,200,147,168,148,158,166,122,149,189,130,135,142,156,163,181,162,148,181,167,112,200,194,145,159,183,145,168,177,124,134,173,161,173,146,142,100,121,151,170,163,146,143,155,151,185,153,112,118,187,120,169,143,145,146,180,145,149,111,155,163,155,184,151,157,191,111,138,185,173,166,170,158,190,159,155,153,154,121,169,146,195,148,160,156,134,174,197,149,142,141,102,145,156,176,174,139,143,178,145,137,184,175,150,135,100,164,127,100,189,166,121,119,171,128,182,165,163,160,154,172,138,152,168,164,120,137,156,139,194,140,145,169,158,146,131,157,175,161,130,193,113,110,174,155,136,122,200,152,163,157,160,163,168,140,142,106,130,156,176,164,141,118,100,178,135,138,153,114,141,200,162,158,110,200,114,198,100,185,190,129,160,163,129,113,117,163,147,135,174,162,131,119,163,136,152,189,162,128,154,126,190,135,155,157,153,101,113,138,157,146,126,116,139,138,162,141,165,135,143,141,130,165,129,136,148,117,141,132,140,148,130,144,182,149,178,158,169,130,152,153,134,129,112,187,125,183,138,128,165,134,164,141,162,125,170,162,127,200,163,200,190,145,139,139,104,132,156,188,130,172,118,135,138,159,161,174,169,156,159,189,137,169,104,160,137,150,176,154,172,186,159,179,141,149,136,176,160,137,153,176,149,126,153,100,169,139,138,171,115,198,137,136,175,167,200,144,146,113,141,131,138,106,191,114,100,120,134,121,177,146,150,165,157,174,122,136,166,100,115,162,137,173,170,120,160,180,153,125,171,165,163,167,100,172,195,160,154,167,158,166,150,130,124,125,115,123,194,168,134,140,152,133,151,169,149,158,172,143,157,142,149,141,136,154,164,153,162,131,119,160,167,151,183,172,200,144,125,131],num_heads:128,num_heads_kv:1,head_dim:576,head_dim_v:512,causal:0,dtype:bf16.
flash_mla:[D][1,489]flash_mla,MLA:sparse:decode,is_fp8:1,topk:2048,batch_size:1,seqlen_q:1,seqlen_k:[489],num_heads:128,num_heads_kv:1,head_dim:576,head_dim_v:512,causal:0,dtype:bf16.
flash_mla:[D][2,489]flash_mla,MLA:sparse:decode,is_fp8:1,topk:2048,batch_size:2,seqlen_q:1,seqlen_k:[489,403],num_heads:128,num_heads_kv:1,head_dim:576,head_dim_v:512,causal:0,dtype:bf16.
flash_mla:[D][3,489]flash_mla,MLA:sparse:decode,is_fp8:1,topk:2048,batch_size:3,seqlen_q:1,seqlen_k:[489,403,439],num_heads:128,num_heads_kv:1,head_dim:576,head_dim_v:512,causal:0,dtype:bf16.
flash_mla:[D][4,505]flash_mla,MLA:sparse:decode,is_fp8:1,topk:2048,batch_size:4,seqlen_q:1,seqlen_k:[489,403,439,505],num_heads:128,num_heads_kv:1,head_dim:576,head_dim_v:512,causal:0,dtype:bf16.
flash_mla:[D][7,505]flash_mla,MLA:sparse:decode,is_fp8:1,topk:2048,batch_size:7,seqlen_q:1,seqlen_k:[489,403,439,505,495,316,437],num_heads:128,num_heads_kv:1,head_dim:576,head_dim_v:512,causal:0,dtype:bf16.
flash_mla:[D][11,505]flash_mla,MLA:sparse:decode,is_fp8:1,topk:2048,batch_size:11,seqlen_q:1,seqlen_k:[489,403,439,505,495,316,437,368,371,403,387],num_heads:128,num_heads_kv:1,head_dim:576,head_dim_v:512,causal:0,dtype:bf16.
flash_mla:[D][19,505]flash_mla,MLA:sparse:decode,is_fp8:1,topk:2048,batch_size:19,seqlen_q:1,seqlen_k:[489,403,439,505,495,316,437,368,371,403,387,469,425,385,405,399,472,365,397],num_heads:128,num_heads_kv:1,head_dim:576,head_dim_v:512,causal:0,dtype:bf16.
flash_mla:[D][30,505]flash_mla,MLA:sparse:decode,is_fp8:1,topk:2048,batch_size:30,seqlen_q:1,seqlen_k:[489,403,439,505,495,316,437,368,371,403,387,469,425,385,405,399,472,365,397,324,252,419,432,331,505,286,380,366,474,470],num_heads:128,num_heads_kv:1,head_dim:576,head_dim_v:512,causal:0,dtype:bf16.
flash_mla:[D][49,505]flash_mla,MLA:sparse:decode,is_fp8:1,topk:2048,batch_size:49,seqlen_q:1,seqlen_k:[489,403,439,505,495,316,437,368,371,403,387,469,425,385,405,399,472,365,397,324,252,419,432,331,505,286,380,366,474,470,387,401,322,253,356,387,455,453,353,358,311,288,270,500,345,350,299,426,276],num_heads:128,num_heads_kv:1,head_dim:576,head_dim_v:512,causal:0,dtype:bf16.
flash_mla:[D][80,505]flash_mla,MLA:sparse:decode,is_fp8:1,topk:2048,batch_size:80,seqlen_q:1,seqlen_k:[489,403,439,505,495,316,437,368,371,403,387,469,425,385,405,399,472,365,397,324,252,419,432,331,505,286,380,366,474,470,387,401,322,253,356,387,455,453,353,358,311,288,270,500,345,350,299,426,276,364,321,402,345,303,376,404,382,397,338,355,335,355,326,269,389,352,275,407,320,381,423,386,449,300,403,334,323,341,358,381],num_heads:128,num_heads_kv:1,head_dim:576,head_dim_v:512,causal:0,dtype:bf16.
flash_mla:[D][131,505]flash_mla,MLA:sparse:decode,is_fp8:1,topk:2048,batch_size:131,seqlen_q:1,seqlen_k:[489,403,439,505,495,316,437,368,371,403,387,469,425,385,405,399,472,365,397,324,252,419,432,331,505,286,380,366,474,470,387,401,322,253,356,387,455,453,353,358,311,288,270,500,345,350,299,426,276,364,321,402,345,303,376,404,382,397,338,355,335,355,326,269,389,352,275,407,320,381,423,386,449,300,403,334,323,341,358,381,304,434,407,281,471,497,452,366,310,444,352,455,391,439,400,422,378,490,385,403,496,293,297,439,304,500,351,330,499,471,495,435,323,498,361,428,437,368,416,436,401,308,396,461,334,368,350,494,420,403,329],num_heads:128,num_heads_kv:1,head_dim:576,head_dim_v:512,causal:0,dtype:bf16.
flash_mla:[D][213,505]flash_mla,MLA:sparse:decode,is_fp8:1,topk:2048,batch_size:213,seqlen_q:1,seqlen_k:[489,403,439,505,495,316,437,368,371,403,387,469,425,385,405,399,472,365,397,324,252,419,432,331,505,286,380,366,474,470,387,401,322,253,356,387,455,453,353,358,311,288,270,500,345,350,299,426,276,364,321,402,345,303,376,404,382,397,338,355,335,355,326,269,389,352,275,407,320,381,423,386,449,300,403,334,323,341,358,381,304,434,407,281,471,497,452,366,310,444,352,455,391,439,400,422,378,490,385,403,496,293,297,439,304,500,351,330,499,471,495,435,323,498,361,428,437,368,416,436,401,308,396,461,334,368,350,494,420,403,329,411,335,380,337,420,414,364,402,309,284,405,388,418,505,437,320,448,295,348,373,485,331,325,371,336,448,309,305,350,346,499,437,383,300,431,314,280,452,397,436,398,431,336,312,420,327,334,349,379,355,291,337,252,417,277,308,381,331,475,296,394,375,304,410,367,426,429,505,462,354,362,447,419,418,276,376,331,395,371,435,397,427],num_heads:128,num_heads_kv:1,head_dim:576,head_dim_v:512,causal:0,dtype:bf16.
flash_mla:[D][346,505]flash_mla,MLA:sparse:decode,is_fp8:1,topk:2048,batch_size:346,seqlen_q:1,seqlen_k:[489,403,439,505,495,316,437,368,371,403,387,469,425,385,405,399,472,365,397,324,252,419,432,331,505,286,380,366,474,470,387,401,322,253,356,387,455,453,353,358,311,288,270,500,345,350,299,426,276,364,321,402,345,303,376,404,382,397,338,355,335,355,326,269,389,352,275,407,320,381,423,386,449,300,403,334,323,341,358,381,304,434,407,281,471,497,452,366,310,444,352,455,391,439,400,422,378,490,385,403,496,293,297,439,304,500,351,330,499,471,495,435,323,498,361,428,437,368,416,436,401,308,396,461,334,368,350,494,420,403,329,411,335,380,337,420,414,364,402,309,284,405,388,418,505,437,320,448,295,348,373,485,331,325,371,336,448,309,305,350,346,499,437,383,300,431,314,280,452,397,436,398,431,336,312,420,327,334,349,379,355,291,337,252,417,277,308,381,331,475,296,394,375,304,410,367,426,429,505,462,354,362,447,419,418,276,376,331,395,371,435,397,427,348,318,352,376,401,505,375,317,356,348,408,280,381,387,392,340,363,288,346,343,404,305,427,472,252,404,420,337,352,369,359,358,272,450,446,326,285,410,341,386,357,421,421,332,290,278,416,303,346,340,374,256,389,411,383,358,384,403,252,501,402,336,353,409,370,252,505,371,442,334,474,396,416,312,454,421,460,338,347,505,311,369,449,384,414,352,401,295,482,370,335,419,348,293,293,421,367,369,445,307,331,353,383,375,359,374,371,332,326,395,321,305,358,368,505,333,437,425,303,426,303,252,416,267,406,334,482,445,349,334,301,350,360],num_heads:128,num_heads_kv:1,head_dim:576,head_dim_v:512,causal:0,dtype:bf16.
flash_mla:[D][563,505]flash_mla,MLA:sparse:decode,is_fp8:1,topk:2048,batch_size:563,seqlen_q:1,seqlen_k:[489,403,439,505,495,316,437,368,371,403,387,469,425,385,405,399,472,365,397,324,252,419,432,331,505,286,380,366,474,470,387,401,322,253,356,387,455,453,353,358,311,288,270,500,345,350,299,426,276,364,321,402,345,303,376,404,382,397,338,355,335,355,326,269,389,352,275,407,320,381,423,386,449,300,403,334,323,341,358,381,304,434,407,281,471,497,452,366,310,444,352,455,391,439,400,422,378,490,385,403,496,293,297,439,304,500,351,330,499,471,495,435,323,498,361,428,437,368,416,436,401,308,396,461,334,368,350,494,420,403,329,411,335,380,337,420,414,364,402,309,284,405,388,418,505,437,320,448,295,348,373,485,331,325,371,336,448,309,305,350,346,499,437,383,300,431,314,280,452,397,436,398,431,336,312,420,327,334,349,379,355,291,337,252,417,277,308,381,331,475,296,394,375,304,410,367,426,429,505,462,354,362,447,419,418,276,376,331,395,371,435,397,427,348,318,352,376,401,505,375,317,356,348,408,280,381,387,392,340,363,288,346,343,404,305,427,472,252,404,420,337,352,369,359,358,272,450,446,326,285,410,341,386,357,421,421,332,290,278,416,303,346,340,374,256,389,411,383,358,384,403,252,501,402,336,353,409,370,252,505,371,442,334,474,396,416,312,454,421,460,338,347,505,311,369,449,384,414,352,401,295,482,370,335,419,348,293,293,421,367,369,445,307,331,353,383,375,359,374,371,332,326,395,321,305,358,368,505,333,437,425,303,426,303,252,416,267,406,334,482,445,349,334,301,350,360,355,387,414,400,329,287,463,334,336,345,261,347,347,417,422,378,436,399,377,388,365,353,361,306,395,315,431,362,381,409,418,279,364,433,271,402,252,313,380,273,315,285,481,388,413,363,355,276,359,330,432,449,470,431,340,307,426,400,266,400,429,381,366,327,286,428,358,363,487,421,401,386,473,486,436,414,252,385,369,383,437,252,342,395,348,288,432,395,316,397,429,378,428,382,353,304,372,390,433,370,406,317,328,371,311,429,407,395,399,505,348,252,390,374,345,316,350,389,346,505,317,328,252,393,252,344,360,333,487,440,461,322,449,409,426,442,320,351,432,252,473,412,375,391,313,355,447,459,505,373,336,345,313,373,402,375,447,363,356,341,275,279,303,459,434,464,294,253,336,389,409,444,395,487,363,320,272,321,393,322,437,466,252,432,252,403,455,382,297,341,361,366,365,371,391,301,362,473,353,350,445,252,452,338,388,384,437,361,335,459,252,379,293,330,504,375,390],num_heads:128,num_heads_kv:1,head_dim:576,head_dim_v:512,causal:0,dtype:bf16.
flash_mla:[D][917,505]flash_mla,MLA:sparse:decode,is_fp8:1,topk:2048,batch_size:917,seqlen_q:1,seqlen_k:[489,403,439,505,495,316,437,368,371,403,387,469,425,385,405,399,472,365,397,324,252,419,432,331,505,286,380,366,474,470,387,401,322,253,356,387,455,453,353,358,311,288,270,500,345,350,299,426,276,364,321,402,345,303,376,404,382,397,338,355,335,355,326,269,389,352,275,407,320,381,423,386,449,300,403,334,323,341,358,381,304,434,407,281,471,497,452,366,310,444,352,455,391,439,400,422,378,490,385,403,496,293,297,439,304,500,351,330,499,471,495,435,323,498,361,428,437,368,416,436,401,308,396,461,334,368,350,494,420,403,329,411,335,380,337,420,414,364,402,309,284,405,388,418,505,437,320,448,295,348,373,485,331,325,371,336,448,309,305,350,346,499,437,383,300,431,314,280,452,397,436,398,431,336,312,420,327,334,349,379,355,291,337,252,417,277,308,381,331,475,296,394,375,304,410,367,426,429,505,462,354,362,447,419,418,276,376,331,395,371,435,397,427,348,318,352,376,401,505,375,317,356,348,408,280,381,387,392,340,363,288,346,343,404,305,427,472,252,404,420,337,352,369,359,358,272,450,446,326,285,410,341,386,357,421,421,332,290,278,416,303,346,340,374,256,389,411,383,358,384,403,252,501,402,336,353,409,370,252,505,371,442,334,474,396,416,312,454,421,460,338,347,505,311,369,449,384,414,352,401,295,482,370,335,419,348,293,293,421,367,369,445,307,331,353,383,375,359,374,371,332,326,395,321,305,358,368,505,333,437,425,303,426,303,252,416,267,406,334,482,445,349,334,301,350,360,355,387,414,400,329,287,463,334,336,345,261,347,347,417,422,378,436,399,377,388,365,353,361,306,395,315,431,362,381,409,418,279,364,433,271,402,252,313,380,273,315,285,481,388,413,363,355,276,359,330,432,449,470,431,340,307,426,400,266,400,429,381,366,327,286,428,358,363,487,421,401,386,473,486,436,414,252,385,369,383,437,252,342,395,348,288,432,395,316,397,429,378,428,382,353,304,372,390,433,370,406,317,328,371,311,429,407,395,399,505,348,252,390,374,345,316,350,389,346,505,317,328,252,393,252,344,360,333,487,440,461,322,449,409,426,442,320,351,432,252,473,412,375,391,313,355,447,459,505,373,336,345,313,373,402,375,447,363,356,341,275,279,303,459,434,464,294,253,336,389,409,444,395,487,363,320,272,321,393,322,437,466,252,432,252,403,455,382,297,341,361,366,365,371,391,301,362,473,353,350,445,252,452,338,388,384,437,361,335,459,252,379,293,330,504,375,390,265,332,390,400,416,378,411,406,262,380,426,415,355,327,307,369,449,255,336,306,427,343,348,364,406,353,252,412,405,364,309,400,401,348,364,319,366,280,404,318,393,289,340,371,273,385,354,268,295,416,434,369,403,392,398,459,283,420,353,363,358,354,300,389,483,374,377,334,370,407,354,349,403,320,393,429,463,372,464,443,315,301,358,442,373,340,475,396,252,397,410,392,406,373,294,354,318,319,298,406,384,349,337,376,445,252,401,343,259,255,320,391,402,318,442,467,402,340,448,425,432,336,252,505,276,375,505,398,437,283,266,344,446,356,327,390,446,286,301,328,446,392,505,436,375,457,391,333,420,334,359,461,371,327,348,442,343,353,345,389,353,277,322,319,456,429,414,346,326,346,311,505,252,413,297,371,315,303,306,488,369,329,413,378,423,263,397,426,273,406,484,377,429,420,333,380,279,349,394,423,379,423,308,371,379,494,364,346,379,320,390,355,265,374,357,275,373,471,410,416,293,408,387,411,404,292,375,330,374,321,460,323,321,382,310,351,325,466,427,374,353,437,403,409,376,271,370,344,418,441,336,407,487,335,483,324,379,377,378,325,340,335,398,398,505,464,345,398,440,379,373,381,432,324,357,407,397,393,354,439,505,403,365,425,344,330,380,252,305,356,292,312,350,274,352,344,379,450,388,379,384,392,313,370,397,291,432,446,338,362,322,422,311,363,323,381,264,461,317,381,364,329,322,436,344,395,327,337,407,436,366,288,503,324,280,505,352,285,334,401,389,324,492,345,303,438,461,326,289,442,252,300,438,374],num_heads:128,num_heads_kv:1,head_dim:576,head_dim_v:512,causal:0,dtype:bf16.
flash_mla:[D][1492,505]flash_mla,MLA:sparse:decode,is_fp8:1,topk:2048,batch_size:1492,seqlen_q:1,seqlen_k:[489,403,439,505,495,316,437,368,371,403,387,469,425,385,405,399,472,365,397,324,252,419,432,331,505,286,380,366,474,470,387,401,322,253,356,387,455,453,353,358,311,288,270,500,345,350,299,426,276,364,321,402,345,303,376,404,382,397,338,355,335,355,326,269,389,352,275,407,320,381,423,386,449,300,403,334,323,341,358,381,304,434,407,281,471,497,452,366,310,444,352,455,391,439,400,422,378,490,385,403,496,293,297,439,304,500,351,330,499,471,495,435,323,498,361,428,437,368,416,436,401,308,396,461,334,368,350,494,420,403,329,411,335,380,337,420,414,364,402,309,284,405,388,418,505,437,320,448,295,348,373,485,331,325,371,336,448,309,305,350,346,499,437,383,300,431,314,280,452,397,436,398,431,336,312,420,327,334,349,379,355,291,337,252,417,277,308,381,331,475,296,394,375,304,410,367,426,429,505,462,354,362,447,419,418,276,376,331,395,371,435,397,427,348,318,352,376,401,505,375,317,356,348,408,280,381,387,392,340,363,288,346,343,404,305,427,472,252,404,420,337,352,369,359,358,272,450,446,326,285,410,341,386,357,421,421,332,290,278,416,303,346,340,374,256,389,411,383,358,384,403,252,501,402,336,353,409,370,252,505,371,442,334,474,396,416,312,454,421,460,338,347,505,311,369,449,384,414,352,401,295,482,370,335,419,348,293,293,421,367,369,445,307,331,353,383,375,359,374,371,332,326,395,321,305,358,368,505,333,437,425,303,426,303,252,416,267,406,334,482,445,349,334,301,350,360,355,387,414,400,329,287,463,334,336,345,261,347,347,417,422,378,436,399,377,388,365,353,361,306,395,315,431,362,381,409,418,279,364,433,271,402,252,313,380,273,315,285,481,388,413,363,355,276,359,330,432,449,470,431,340,307,426,400,266,400,429,381,366,327,286,428,358,363,487,421,401,386,473,486,436,414,252,385,369,383,437,252,342,395,348,288,432,395,316,397,429,378,428,382,353,304,372,390,433,370,406,317,328,371,311,429,407,395,399,505,348,252,390,374,345,316,350,389,346,505,317,328,252,393,252,344,360,333,487,440,461,322,449,409,426,442,320,351,432,252,473,412,375,391,313,355,447,459,505,373,336,345,313,373,402,375,447,363,356,341,275,279,303,459,434,464,294,253,336,389,409,444,395,487,363,320,272,321,393,322,437,466,252,432,252,403,455,382,297,341,361,366,365,371,391,301,362,473,353,350,445,252,452,338,388,384,437,361,335,459,252,379,293,330,504,375,390,265,332,390,400,416,378,411,406,262,380,426,415,355,327,307,369,449,255,336,306,427,343,348,364,406,353,252,412,405,364,309,400,401,348,364,319,366,280,404,318,393,289,340,371,273,385,354,268,295,416,434,369,403,392,398,459,283,420,353,363,358,354,300,389,483,374,377,334,370,407,354,349,403,320,393,429,463,372,464,443,315,301,358,442,373,340,475,396,252,397,410,392,406,373,294,354,318,319,298,406,384,349,337,376,445,252,401,343,259,255,320,391,402,318,442,467,402,340,448,425,432,336,252,505,276,375,505,398,437,283,266,344,446,356,327,390,446,286,301,328,446,392,505,436,375,457,391,333,420,334,359,461,371,327,348,442,343,353,345,389,353,277,322,319,456,429,414,346,326,346,311,505,252,413,297,371,315,303,306,488,369,329,413,378,423,263,397,426,273,406,484,377,429,420,333,380,279,349,394,423,379,423,308,371,379,494,364,346,379,320,390,355,265,374,357,275,373,471,410,416,293,408,387,411,404,292,375,330,374,321,460,323,321,382,310,351,325,466,427,374,353,437,403,409,376,271,370,344,418,441,336,407,487,335,483,324,379,377,378,325,340,335,398,398,505,464,345,398,440,379,373,381,432,324,357,407,397,393,354,439,505,403,365,425,344,330,380,252,305,356,292,312,350,274,352,344,379,450,388,379,384,392,313,370,397,291,432,446,338,362,322,422,311,363,323,381,264,461,317,381,364,329,322,436,344,395,327,337,407,436,366,288,503,324,280,505,352,285,334,401,389,324,492,345,303,438,461,326,289,442,252,300,438,374,361,400,368,296,458,461,390,380,505,360,361,400,470,478,361,397,291,358,325,314,483,328,344,401,459,408,505,373,394,395,468,409,370,318,393,466,352,411,393,432,327,505,297,354,437,396,430,346,373,378,476,421,428,336,439,392,465,504,358,352,323,368,353,400,368,355,445,318,405,352,423,465,358,405,389,327,393,396,404,365,383,305,355,413,434,351,384,392,390,412,263,374,393,314,483,388,476,328,320,392,272,391,384,441,422,351,308,485,328,312,309,448,345,330,386,364,335,425,445,440,426,403,266,483,397,416,448,468,404,405,340,380,324,332,321,368,444,505,389,293,457,359,336,391,299,392,372,384,402,382,379,395,404,313,287,374,287,383,437,416,311,323,398,352,358,415,315,352,327,312,324,420,381,322,363,274,331,505,372,424,373,399,419,308,376,477,327,342,358,394,411,457,409,374,457,422,283,505,489,367,401,461,367,424,447,314,340,436,407,436,369,359,252,305,380,429,411,369,360,391,382,466,387,284,297,473,304,426,361,367,369,454,365,375,281,391,411,393,466,381,396,481,280,349,467,436,420,430,398,480,401,393,388,390,305,426,369,492,373,404,393,338,440,498,377,359,355,258,366,393,444,438,351,360,448,367,345,465,443,379,340,252,415,321,254,477,418,306,301,432,322,459,416,411,403,390,433,349,383,425,413,302,346,393,352,489,353,367,426,398,368,330,396,443,408,328,487,286,278,438,392,343,308,505,385,411,398,405,412,424,354,359,268,328,395,443,415,356,298,252,450,340,349,386,289,355,505,409,400,278,505,288,499,252,466,479,326,404,412,326,286,294,412,372,342,438,410,330,302,410,344,384,477,409,323,388,317,479,342,391,397,388,254,286,349,398,369,317,293,352,348,410,357,415,340,361,356,328,417,326,345,373,296,357,333,353,374,327,364,460,376,450,399,426,329,384,386,339,326,284,472,316,462,348,323,417,338,413,357,408,317,430,408,320,505,412,505,478,366,352,352,262,334,393,474,329,433,299,341,349,401,406,438,426,393,402,478,345,426,264,403,347,378,443,388,433,470,402,451,357,377,345,443,404,346,387,443,375,318,386,253,426,351,348,433,291,500,347,345,442,422,505,364,370,284,357,332,349,268,482,288,252,303,339,305,447,369,379,416,396,439,308,343,419,252,291,409,347,436,428,302,403,453,387,316,433,418,412,423,252,433,491,405,390,421,399,419,378,329,314,315,291,310,488,425,338,353,385,336,382,426,375,399,433,360,395,358,376,357,344,388,413,387,409,331,302,404,421,381,462,435,505,365,315,331],num_heads:128,num_heads_kv:1,head_dim:576,head_dim_v:512,causal:0,dtype:bf16.
flash_mla:[D][1,1237]flash_mla,MLA:sparse:decode,is_fp8:1,topk:2048,batch_size:1,seqlen_q:1,seqlen_k:[1237],num_heads:128,num_heads_kv:1,head_dim:576,head_dim_v:512,causal:0,dtype:bf16.
flash_mla:[D][2,1237]flash_mla,MLA:sparse:decode,is_fp8:1,topk:2048,batch_size:2,seqlen_q:1,seqlen_k:[1237,1020],num_heads:128,num_heads_kv:1,head_dim:576,head_dim_v:512,causal:0,dtype:bf16.
flash_mla:[D][3,1237]flash_mla,MLA:sparse:decode,is_fp8:1,topk:2048,batch_size:3,seqlen_q:1,seqlen_k:[1237,1020,1112],num_heads:128,num_heads_kv:1,head_dim:576,head_dim_v:512,causal:0,dtype:bf16.
flash_mla:[D][4,1276]flash_mla,MLA:sparse:decode,is_fp8:1,topk:2048,batch_size:4,seqlen_q:1,seqlen_k:[1237,1020,1112,1276],num_heads:128,num_heads_kv:1,head_dim:576,head_dim_v:512,causal:0,dtype:bf16.
flash_mla:[D][7,1276]flash_mla,MLA:sparse:decode,is_fp8:1,topk:2048,batch_size:7,seqlen_q:1,seqlen_k:[1237,1020,1112,1276,1253,801,1108],num_heads:128,num_heads_kv:1,head_dim:576,head_dim_v:512,causal:0,dtype:bf16.
flash_mla:[D][11,1276]flash_mla,MLA:sparse:decode,is_fp8:1,topk:2048,batch_size:11,seqlen_q:1,seqlen_k:[1237,1020,1112,1276,1253,801,1108,932,940,1022,979],num_heads:128,num_heads_kv:1,head_dim:576,head_dim_v:512,causal:0,dtype:bf16.
flash_mla:[D][19,1276]flash_mla,MLA:sparse:decode,is_fp8:1,topk:2048,batch_size:19,seqlen_q:1,seqlen_k:[1237,1020,1112,1276,1253,801,1108,932,940,1022,979,1188,1078,976,1027,1010,1194,924,1006],num_heads:128,num_heads_kv:1,head_dim:576,head_dim_v:512,causal:0,dtype:bf16.
flash_mla:[D][30,1276]flash_mla,MLA:sparse:decode,is_fp8:1,topk:2048,batch_size:30,seqlen_q:1,seqlen_k:[1237,1020,1112,1276,1253,801,1108,932,940,1022,979,1188,1078,976,1027,1010,1194,924,1006,821,638,1060,1094,838,1276,725,964,927,1200,1190],num_heads:128,num_heads_kv:1,head_dim:576,head_dim_v:512,causal:0,dtype:bf16.
flash_mla:[D][49,1276]flash_mla,MLA:sparse:decode,is_fp8:1,topk:2048,batch_size:49,seqlen_q:1,seqlen_k:[1237,1020,1112,1276,1253,801,1108,932,940,1022,979,1188,1078,976,1027,1010,1194,924,1006,821,638,1060,1094,838,1276,725,964,927,1200,1190,981,1017,815,642,901,981,1152,1148,895,908,790,731,685,1267,875,887,757,1080,700],num_heads:128,num_heads_kv:1,head_dim:576,head_dim_v:512,causal:0,dtype:bf16.
flash_mla:[D][80,1276]flash_mla,MLA:sparse:decode,is_fp8:1,topk:2048,batch_size:80,seqlen_q:1,seqlen_k:[1237,1020,1112,1276,1253,801,1108,932,940,1022,979,1188,1078,976,1027,1010,1194,924,1006,821,638,1060,1094,838,1276,725,964,927,1200,1190,981,1017,815,642,901,981,1152,1148,895,908,790,731,685,1267,875,887,757,1080,700,923,814,1018,875,769,952,1025,967,1005,856,899,850,899,827,682,985,893,697,1030,812,965,1072,977,1138,760,1020,848,818,864,907,965],num_heads:128,num_heads_kv:1,head_dim:576,head_dim_v:512,causal:0,dtype:bf16.
flash_mla:[D][131,1276]flash_mla,MLA:sparse:decode,is_fp8:1,topk:2048,batch_size:131,seqlen_q:1,seqlen_k:[1237,1020,1112,1276,1253,801,1108,932,940,1022,979,1188,1078,976,1027,1010,1194,924,1006,821,638,1060,1094,838,1276,725,964,927,1200,1190,981,1017,815,642,901,981,1152,1148,895,908,790,731,685,1267,875,887,757,1080,700,923,814,1018,875,769,952,1025,967,1005,856,899,850,899,827,682,985,893,697,1030,812,965,1072,977,1138,760,1020,848,818,864,907,965,771,1100,1031,712,1193,1258,1144,928,786,1124,892,1151,990,1112,1013,1069,958,1240,977,1020,1256,742,754,1111,770,1266,891,838,1262,1192,1253,1101,820,1260,914,1084,1107,932,1054,1103,1016,782,1004,1167,846,933,887,1251,1063,1021,834],num_heads:128,num_heads_kv:1,head_dim:576,head_dim_v:512,causal:0,dtype:bf16.
flash_mla:[D][213,1276]flash_mla,MLA:sparse:decode,is_fp8:1,topk:2048,batch_size:213,seqlen_q:1,seqlen_k:[1237,1020,1112,1276,1253,801,1108,932,940,1022,979,1188,1078,976,1027,1010,1194,924,1006,821,638,1060,1094,838,1276,725,964,927,1200,1190,981,1017,815,642,901,981,1152,1148,895,908,790,731,685,1267,875,887,757,1080,700,923,814,1018,875,769,952,1025,967,1005,856,899,850,899,827,682,985,893,697,1030,812,965,1072,977,1138,760,1020,848,818,864,907,965,771,1100,1031,712,1193,1258,1144,928,786,1124,892,1151,990,1112,1013,1069,958,1240,977,1020,1256,742,754,1111,770,1266,891,838,1262,1192,1253,1101,820,1260,914,1084,1107,932,1054,1103,1016,782,1004,1167,846,933,887,1251,1063,1021,834,1042,849,962,855,1064,1048,923,1019,783,719,1026,983,1057,1276,1107,811,1134,747,883,946,1229,838,825,941,851,1136,785,774,887,877,1263,1107,970,762,1091,797,711,1145,1007,1103,1007,1093,853,792,1065,829,847,884,959,900,738,854,638,1056,702,781,965,839,1202,751,999,950,771,1040,929,1079,1087,1276,1169,898,918,1131,1061,1058,699,953,839,1001,941,1101,1007,1082],num_heads:128,num_heads_kv:1,head_dim:576,head_dim_v:512,causal:0,dtype:bf16.
flash_mla:[D][346,1276]flash_mla,MLA:sparse:decode,is_fp8:1,topk:2048,batch_size:346,seqlen_q:1,seqlen_k:[1237,1020,1112,1276,1253,801,1108,932,940,1022,979,1188,1078,976,1027,1010,1194,924,1006,821,638,1060,1094,838,1276,725,964,927,1200,1190,981,1017,815,642,901,981,1152,1148,895,908,790,731,685,1267,875,887,757,1080,700,923,814,1018,875,769,952,1025,967,1005,856,899,850,899,827,682,985,893,697,1030,812,965,1072,977,1138,760,1020,848,818,864,907,965,771,1100,1031,712,1193,1258,1144,928,786,1124,892,1151,990,1112,1013,1069,958,1240,977,1020,1256,742,754,1111,770,1266,891,838,1262,1192,1253,1101,820,1260,914,1084,1107,932,1054,1103,1016,782,1004,1167,846,933,887,1251,1063,1021,834,1042,849,962,855,1064,1048,923,1019,783,719,1026,983,1057,1276,1107,811,1134,747,883,946,1229,838,825,941,851,1136,785,774,887,877,1263,1107,970,762,1091,797,711,1145,1007,1103,1007,1093,853,792,1065,829,847,884,959,900,738,854,638,1056,702,781,965,839,1202,751,999,950,771,1040,929,1079,1087,1276,1169,898,918,1131,1061,1058,699,953,839,1001,941,1101,1007,1082,882,806,891,954,1017,1276,950,805,901,883,1033,712,967,981,993,862,919,730,878,870,1023,773,1081,1194,638,1024,1064,855,893,935,909,907,690,1140,1128,827,723,1039,865,979,906,1066,1067,841,737,705,1054,767,876,862,948,649,987,1040,971,907,972,1020,638,1267,1019,853,894,1035,938,638,1276,939,1119,846,1201,1002,1053,790,1149,1066,1163,857,880,1276,788,935,1137,972,1049,893,1015,749,1220,938,848,1062,883,744,742,1067,931,935,1128,777,840,895,972,950,911,947,939,842,827,1000,815,772,907,931,1276,844,1106,1075,767,1079,768,638,1053,677,1028,848,1220,1126,884,847,763,886,912],num_heads:128,num_heads_kv:1,head_dim:576,head_dim_v:512,causal:0,dtype:bf16.
flash_mla:[D][563,1276]flash_mla,MLA:sparse:decode,is_fp8:1,topk:2048,batch_size:563,seqlen_q:1,seqlen_k:[1237,1020,1112,1276,1253,801,1108,932,940,1022,979,1188,1078,976,1027,1010,1194,924,1006,821,638,1060,1094,838,1276,725,964,927,1200,1190,981,1017,815,642,901,981,1152,1148,895,908,790,731,685,1267,875,887,757,1080,700,923,814,1018,875,769,952,1025,967,1005,856,899,850,899,827,682,985,893,697,1030,812,965,1072,977,1138,760,1020,848,818,864,907,965,771,1100,1031,712,1193,1258,1144,928,786,1124,892,1151,990,1112,1013,1069,958,1240,977,1020,1256,742,754,1111,770,1266,891,838,1262,1192,1253,1101,820,1260,914,1084,1107,932,1054,1103,1016,782,1004,1167,846,933,887,1251,1063,1021,834,1042,849,962,855,1064,1048,923,1019,783,719,1026,983,1057,1276,1107,811,1134,747,883,946,1229,838,825,941,851,1136,785,774,887,877,1263,1107,970,762,1091,797,711,1145,1007,1103,1007,1093,853,792,1065,829,847,884,959,900,738,854,638,1056,702,781,965,839,1202,751,999,950,771,1040,929,1079,1087,1276,1169,898,918,1131,1061,1058,699,953,839,1001,941,1101,1007,1082,882,806,891,954,1017,1276,950,805,901,883,1033,712,967,981,993,862,919,730,878,870,1023,773,1081,1194,638,1024,1064,855,893,935,909,907,690,1140,1128,827,723,1039,865,979,906,1066,1067,841,737,705,1054,767,876,862,948,649,987,1040,971,907,972,1020,638,1267,1019,853,894,1035,938,638,1276,939,1119,846,1201,1002,1053,790,1149,1066,1163,857,880,1276,788,935,1137,972,1049,893,1015,749,1220,938,848,1062,883,744,742,1067,931,935,1128,777,840,895,972,950,911,947,939,842,827,1000,815,772,907,931,1276,844,1106,1075,767,1079,768,638,1053,677,1028,848,1220,1126,884,847,763,886,912,899,981,1048,1012,835,728,1173,847,853,874,663,881,880,1055,1068,957,1105,1011,954,982,926,894,914,777,1001,799,1090,917,964,1035,1059,707,924,1096,687,1018,638,794,963,693,800,722,1219,983,1047,921,900,699,910,835,1093,1138,1190,1092,861,779,1078,1013,675,1013,1086,966,927,828,727,1084,907,919,1232,1065,1015,979,1198,1230,1104,1049,638,976,936,971,1106,638,866,999,882,731,1095,1001,802,1007,1087,957,1084,969,894,772,943,987,1096,938,1029,803,832,939,789,1087,1030,1001,1010,1276,882,638,988,948,874,801,887,985,877,1276,804,830,638,996,638,871,913,844,1233,1115,1166,816,1136,1035,1079,1120,812,889,1094,638,1197,1044,949,992,793,901,1131,1163,1276,945,852,875,795,944,1017,951,1131,919,901,864,697,707,769,1163,1099,1175,745,643,852,984,1036,1123,1002,1234,921,811,689,815,995,815,1105,1181,638,1094,638,1020,1151,967,753,863,915,928,924,939,990,764,918,1198,895,886,1128,638,1144,856,983,972,1106,914,849,1163,638,960,742,835,1276,949,988],num_heads:128,num_heads_kv:1,head_dim:576,head_dim_v:512,causal:0,dtype:bf16.
flash_mla:[D][917,1276]flash_mla,MLA:sparse:decode,is_fp8:1,topk:2048,batch_size:917,seqlen_q:1,seqlen_k:[1237,1020,1112,1276,1253,801,1108,932,940,1022,979,1188,1078,976,1027,1010,1194,924,1006,821,638,1060,1094,838,1276,725,964,927,1200,1190,981,1017,815,642,901,981,1152,1148,895,908,790,731,685,1267,875,887,757,1080,700,923,814,1018,875,769,952,1025,967,1005,856,899,850,899,827,682,985,893,697,1030,812,965,1072,977,1138,760,1020,848,818,864,907,965,771,1100,1031,712,1193,1258,1144,928,786,1124,892,1151,990,1112,1013,1069,958,1240,977,1020,1256,742,754,1111,770,1266,891,838,1262,1192,1253,1101,820,1260,914,1084,1107,932,1054,1103,1016,782,1004,1167,846,933,887,1251,1063,1021,834,1042,849,962,855,1064,1048,923,1019,783,719,1026,983,1057,1276,1107,811,1134,747,883,946,1229,838,825,941,851,1136,785,774,887,877,1263,1107,970,762,1091,797,711,1145,1007,1103,1007,1093,853,792,1065,829,847,884,959,900,738,854,638,1056,702,781,965,839,1202,751,999,950,771,1040,929,1079,1087,1276,1169,898,918,1131,1061,1058,699,953,839,1001,941,1101,1007,1082,882,806,891,954,1017,1276,950,805,901,883,1033,712,967,981,993,862,919,730,878,870,1023,773,1081,1194,638,1024,1064,855,893,935,909,907,690,1140,1128,827,723,1039,865,979,906,1066,1067,841,737,705,1054,767,876,862,948,649,987,1040,971,907,972,1020,638,1267,1019,853,894,1035,938,638,1276,939,1119,846,1201,1002,1053,790,1149,1066,1163,857,880,1276,788,935,1137,972,1049,893,1015,749,1220,938,848,1062,883,744,742,1067,931,935,1128,777,840,895,972,950,911,947,939,842,827,1000,815,772,907,931,1276,844,1106,1075,767,1079,768,638,1053,677,1028,848,1220,1126,884,847,763,886,912,899,981,1048,1012,835,728,1173,847,853,874,663,881,880,1055,1068,957,1105,1011,954,982,926,894,914,777,1001,799,1090,917,964,1035,1059,707,924,1096,687,1018,638,794,963,693,800,722,1219,983,1047,921,900,699,910,835,1093,1138,1190,1092,861,779,1078,1013,675,1013,1086,966,927,828,727,1084,907,919,1232,1065,1015,979,1198,1230,1104,1049,638,976,936,971,1106,638,866,999,882,731,1095,1001,802,1007,1087,957,1084,969,894,772,943,987,1096,938,1029,803,832,939,789,1087,1030,1001,1010,1276,882,638,988,948,874,801,887,985,877,1276,804,830,638,996,638,871,913,844,1233,1115,1166,816,1136,1035,1079,1120,812,889,1094,638,1197,1044,949,992,793,901,1131,1163,1276,945,852,875,795,944,1017,951,1131,919,901,864,697,707,769,1163,1099,1175,745,643,852,984,1036,1123,1002,1234,921,811,689,815,995,815,1105,1181,638,1094,638,1020,1151,967,753,863,915,928,924,939,990,764,918,1198,895,886,1128,638,1144,856,983,972,1106,914,849,1163,638,960,742,835,1276,949,988,673,841,988,1013,1055,958,1040,1029,666,962,1079,1050,899,828,779,936,1137,646,852,775,1081,868,882,922,1027,894,638,1043,1026,922,784,1012,1017,882,922,809,928,710,1023,806,994,733,863,939,692,975,896,679,749,1053,1099,936,1021,992,1009,1161,717,1064,896,921,908,897,762,986,1222,948,956,847,938,1031,898,884,1021,811,997,1087,1173,942,1174,1121,798,763,908,1120,945,861,1203,1002,638,1007,1039,992,1028,946,747,898,806,808,756,1028,972,885,853,953,1128,638,1016,870,657,647,811,991,1019,807,1118,1183,1019,862,1135,1077,1094,852,638,1276,700,951,1276,1009,1107,718,674,872,1130,901,830,988,1129,727,764,831,1131,994,1276,1105,951,1158,990,844,1065,846,910,1168,940,829,883,1119,869,895,875,986,895,702,815,808,1154,1086,1050,876,827,876,789,1276,638,1046,752,940,799,769,775,1236,935,835,1045,958,1071,666,1005,1079,692,1028,1226,954,1087,1063,844,963,707,885,999,1071,960,1071,781,940,960,1251,922,877,960,810,987,898,672,947,906,697,946,1193,1039,1054,743,1032,980,1041,1024,740,950,836,949,814,1165,820,814,968,785,889,825,1181,1081,947,894,1106,1021,1036,952,688,939,872,1059,1117,852,1031,1233,850,1224,821,960,955,958,823,863,850,1008,1009,1276,1174,875,1008,1115,961,945,965,1094,822,905,1031,1006,995,898,1111,1276,1021,926,1077,871,837,962,638,773,901,741,792,887,695,892,871,961,1140,984,960,972,993,795,938,1006,739,1094,1128,856,918,817,1068,788,921,820,965,671,1167,803,966,923,835,815,1105,873,1000,829,854,1032,1104,929,730,1274,820,711,1276,892,724,848,1015,987,821,1246,874,768,1109,1168,827,734,1120,638,761,1110,948],num_heads:128,num_heads_kv:1,head_dim:576,head_dim_v:512,causal:0,dtype:bf16.
flash_mla:[D][1492,1276]flash_mla,MLA:sparse:decode,is_fp8:1,topk:2048,batch_size:1492,seqlen_q:1,seqlen_k:[1237,1020,1112,1276,1253,801,1108,932,940,1022,979,1188,1078,976,1027,1010,1194,924,1006,821,638,1060,1094,838,1276,725,964,927,1200,1190,981,1017,815,642,901,981,1152,1148,895,908,790,731,685,1267,875,887,757,1080,700,923,814,1018,875,769,952,1025,967,1005,856,899,850,899,827,682,985,893,697,1030,812,965,1072,977,1138,760,1020,848,818,864,907,965,771,1100,1031,712,1193,1258,1144,928,786,1124,892,1151,990,1112,1013,1069,958,1240,977,1020,1256,742,754,1111,770,1266,891,838,1262,1192,1253,1101,820,1260,914,1084,1107,932,1054,1103,1016,782,1004,1167,846,933,887,1251,1063,1021,834,1042,849,962,855,1064,1048,923,1019,783,719,1026,983,1057,1276,1107,811,1134,747,883,946,1229,838,825,941,851,1136,785,774,887,877,1263,1107,970,762,1091,797,711,1145,1007,1103,1007,1093,853,792,1065,829,847,884,959,900,738,854,638,1056,702,781,965,839,1202,751,999,950,771,1040,929,1079,1087,1276,1169,898,918,1131,1061,1058,699,953,839,1001,941,1101,1007,1082,882,806,891,954,1017,1276,950,805,901,883,1033,712,967,981,993,862,919,730,878,870,1023,773,1081,1194,638,1024,1064,855,893,935,909,907,690,1140,1128,827,723,1039,865,979,906,1066,1067,841,737,705,1054,767,876,862,948,649,987,1040,971,907,972,1020,638,1267,1019,853,894,1035,938,638,1276,939,1119,846,1201,1002,1053,790,1149,1066,1163,857,880,1276,788,935,1137,972,1049,893,1015,749,1220,938,848,1062,883,744,742,1067,931,935,1128,777,840,895,972,950,911,947,939,842,827,1000,815,772,907,931,1276,844,1106,1075,767,1079,768,638,1053,677,1028,848,1220,1126,884,847,763,886,912,899,981,1048,1012,835,728,1173,847,853,874,663,881,880,1055,1068,957,1105,1011,954,982,926,894,914,777,1001,799,1090,917,964,1035,1059,707,924,1096,687,1018,638,794,963,693,800,722,1219,983,1047,921,900,699,910,835,1093,1138,1190,1092,861,779,1078,1013,675,1013,1086,966,927,828,727,1084,907,919,1232,1065,1015,979,1198,1230,1104,1049,638,976,936,971,1106,638,866,999,882,731,1095,1001,802,1007,1087,957,1084,969,894,772,943,987,1096,938,1029,803,832,939,789,1087,1030,1001,1010,1276,882,638,988,948,874,801,887,985,877,1276,804,830,638,996,638,871,913,844,1233,1115,1166,816,1136,1035,1079,1120,812,889,1094,638,1197,1044,949,992,793,901,1131,1163,1276,945,852,875,795,944,1017,951,1131,919,901,864,697,707,769,1163,1099,1175,745,643,852,984,1036,1123,1002,1234,921,811,689,815,995,815,1105,1181,638,1094,638,1020,1151,967,753,863,915,928,924,939,990,764,918,1198,895,886,1128,638,1144,856,983,972,1106,914,849,1163,638,960,742,835,1276,949,988,673,841,988,1013,1055,958,1040,1029,666,962,1079,1050,899,828,779,936,1137,646,852,775,1081,868,882,922,1027,894,638,1043,1026,922,784,1012,1017,882,922,809,928,710,1023,806,994,733,863,939,692,975,896,679,749,1053,1099,936,1021,992,1009,1161,717,1064,896,921,908,897,762,986,1222,948,956,847,938,1031,898,884,1021,811,997,1087,1173,942,1174,1121,798,763,908,1120,945,861,1203,1002,638,1007,1039,992,1028,946,747,898,806,808,756,1028,972,885,853,953,1128,638,1016,870,657,647,811,991,1019,807,1118,1183,1019,862,1135,1077,1094,852,638,1276,700,951,1276,1009,1107,718,674,872,1130,901,830,988,1129,727,764,831,1131,994,1276,1105,951,1158,990,844,1065,846,910,1168,940,829,883,1119,869,895,875,986,895,702,815,808,1154,1086,1050,876,827,876,789,1276,638,1046,752,940,799,769,775,1236,935,835,1045,958,1071,666,1005,1079,692,1028,1226,954,1087,1063,844,963,707,885,999,1071,960,1071,781,940,960,1251,922,877,960,810,987,898,672,947,906,697,946,1193,1039,1054,743,1032,980,1041,1024,740,950,836,949,814,1165,820,814,968,785,889,825,1181,1081,947,894,1106,1021,1036,952,688,939,872,1059,1117,852,1031,1233,850,1224,821,960,955,958,823,863,850,1008,1009,1276,1174,875,1008,1115,961,945,965,1094,822,905,1031,1006,995,898,1111,1276,1021,926,1077,871,837,962,638,773,901,741,792,887,695,892,871,961,1140,984,960,972,993,795,938,1006,739,1094,1128,856,918,817,1068,788,921,820,965,671,1167,803,966,923,835,815,1105,873,1000,829,854,1032,1104,929,730,1274,820,711,1276,892,724,848,1015,987,821,1246,874,768,1109,1168,827,734,1120,638,761,1110,948,915,1013,932,750,1159,1167,989,964,1276,913,915,1014,1190,1210,915,1006,737,907,823,796,1224,831,872,1015,1163,1033,1276,945,998,1000,1185,1037,938,806,995,1179,891,1041,996,1094,829,1276,753,898,1106,1004,1088,878,945,958,1206,1066,1083,852,1111,992,1177,1276,908,892,819,934,896,1014,934,899,1126,807,1025,892,1072,1177,908,1027,985,829,995,1002,1022,925,971,774,900,1045,1098,889,973,993,989,1042,667,949,995,797,1223,982,1205,831,812,992,690,991,972,1118,1068,890,782,1229,831,790,784,1134,874,837,978,924,849,1076,1126,1113,1078,1021,674,1222,1005,1053,1134,1184,1023,1026,861,962,821,842,814,932,1123,1276,987,742,1158,909,851,990,759,992,942,972,1017,967,959,1002,1023,792,729,947,729,970,1106,1053,790,820,1009,893,906,1051,800,893,829,791,820,1064,965,817,920,696,840,1276,942,1073,946,1012,1062,781,952,1208,830,866,908,999,1040,1158,1036,947,1157,1068,719,1276,1238,930,1017,1167,929,1073,1132,795,861,1103,1030,1103,935,911,639,774,964,1088,1041,936,913,991,969,1180,980,721,754,1198,770,1078,914,930,935,1151,926,951,713,989,1041,995,1179,965,1004,1219,710,884,1183,1105,1064,1089,1009,1216,1017,995,982,987,773,1079,936,1246,944,1023,996,857,1114,1259,954,909,900,656,928,996,1124,1109,890,912,1135,929,875,1178,1121,959,862,638,1050,814,644,1208,1060,775,763,1095,817,1163,1055,1042,1021,987,1097,884,970,1076,1046,766,877,997,892,1239,894,931,1079,1009,933,836,1004,1122,1033,833,1233,726,705,1109,992,869,782,1276,975,1041,1007,1026,1042,1073,897,910,680,832,1000,1123,1052,902,756,638,1140,863,885,977,733,901,1276,1037,1014,705,1276,730,1262,638,1180,1214,825,1024,1044,827,726,747,1043,943,867,1110,1037,836,766,1040,871,972,1207,1036,819,982,805,1212,867,989,1005,982,645,727,885,1007,935,804,742,893,882,1038,905,1052,862,916,901,832,1056,827,874,945,750,905,843,895,947,829,922,1165,952,1139,1012,1080,833,973,978,859,826,720,1194,802,1171,882,819,1055,856,1047,904,1033,803,1089,1034,810,1276,1042,1276,1211,926,891,892,666,846,996,1199,834,1097,757,863,884,1016,1029,1110,1079,995,1019,1209,875,1080,669,1022,880,957,1122,983,1097,1191,1018,1143,905,955,873,1122,1022,876,981,1122,950,806,977,642,1079,890,882,1096,739,1266,880,873,1119,1069,1276,923,937,721,904,842,885,679,1221,731,638,768,860,774,1131,935,961,1054,1002,1112,780,869,1062,638,738,1036,880,1105,1085,766,1021,1148,980,801,1096,1058,1043,1070,638,1097,1244,1026,987,1067,1010,1060,957,835,797,798,738,787,1237,1076,857,894,974,852,967,1080,951,1010,1097,913,1002,907,952,905,872,984,1047,980,1036,839,765,1023,1066,964,1171,1101,1276,925,798,839],num_heads:128,num_heads_kv:1,head_dim:576,head_dim_v:512,causal:0,dtype:bf16.
flash_mla:[D][1,3126]flash_mla,MLA:sparse:decode,is_fp8:1,topk:2048,batch_size:1,seqlen_q:1,seqlen_k:[3126],num_heads:128,num_heads_kv:1,head_dim:576,head_dim_v:512,causal:0,dtype:bf16.
flash_mla:[D][2,3126]flash_mla,MLA:sparse:decode,is_fp8:1,topk:2048,batch_size:2,seqlen_q:1,seqlen_k:[3126,2577],num_heads:128,num_heads_kv:1,head_dim:576,head_dim_v:512,causal:0,dtype:bf16.
flash_mla:[D][3,3126]flash_mla,MLA:sparse:decode,is_fp8:1,topk:2048,batch_size:3,seqlen_q:1,seqlen_k:[3126,2577,2810],num_heads:128,num_heads_kv:1,head_dim:576,head_dim_v:512,causal:0,dtype:bf16.
flash_mla:[D][4,3222]flash_mla,MLA:sparse:decode,is_fp8:1,topk:2048,batch_size:4,seqlen_q:1,seqlen_k:[3126,2577,2810,3222],num_heads:128,num_heads_kv:1,head_dim:576,head_dim_v:512,causal:0,dtype:bf16.
flash_mla:[D][7,3222]flash_mla,MLA:sparse:decode,is_fp8:1,topk:2048,batch_size:7,seqlen_q:1,seqlen_k:[3126,2577,2810,3222,3168,2022,2798],num_heads:128,num_heads_kv:1,head_dim:576,head_dim_v:512,causal:0,dtype:bf16.
flash_mla:[D][11,3222]flash_mla,MLA:sparse:decode,is_fp8:1,topk:2048,batch_size:11,seqlen_q:1,seqlen_k:[3126,2577,2810,3222,3168,2022,2798,2355,2374,2581,2474],num_heads:128,num_heads_kv:1,head_dim:576,head_dim_v:512,causal:0,dtype:bf16.
flash_mla:[D][19,3222]flash_mla,MLA:sparse:decode,is_fp8:1,topk:2048,batch_size:19,seqlen_q:1,seqlen_k:[3126,2577,2810,3222,3168,2022,2798,2355,2374,2581,2474,3002,2722,2465,2594,2550,3018,2333,2542],num_heads:128,num_heads_kv:1,head_dim:576,head_dim_v:512,causal:0,dtype:bf16.
flash_mla:[D][30,3222]flash_mla,MLA:sparse:decode,is_fp8:1,topk:2048,batch_size:30,seqlen_q:1,seqlen_k:[3126,2577,2810,3222,3168,2022,2798,2355,2374,2581,2474,3002,2722,2465,2594,2550,3018,2333,2542,2071,1611,2679,2764,2116,3222,1829,2434,2340,3033,3008],num_heads:128,num_heads_kv:1,head_dim:576,head_dim_v:512,causal:0,dtype:bf16.
flash_mla:[D][49,3222]flash_mla,MLA:sparse:decode,is_fp8:1,topk:2048,batch_size:49,seqlen_q:1,seqlen_k:[3126,2577,2810,3222,3168,2022,2798,2355,2374,2581,2474,3002,2722,2465,2594,2550,3018,2333,2542,2071,1611,2679,2764,2116,3222,1829,2434,2340,3033,3008,2478,2568,2058,1617,2275,2479,2911,2900,2259,2294,1993,1843,1728,3202,2210,2239,1911,2729,1765],num_heads:128,num_heads_kv:1,head_dim:576,head_dim_v:512,causal:0,dtype:bf16.
flash_mla:[D][80,3222]flash_mla,MLA:sparse:decode,is_fp8:1,topk:2048,batch_size:80,seqlen_q:1,seqlen_k:[3126,2577,2810,3222,3168,2022,2798,2355,2374,2581,2474,3002,2722,2465,2594,2550,3018,2333,2542,2071,1611,2679,2764,2116,3222,1829,2434,2340,3033,3008,2478,2568,2058,1617,2275,2479,2911,2900,2259,2294,1993,1843,1728,3202,2210,2239,1911,2729,1765,2330,2055,2571,2210,1940,2404,2588,2442,2537,2160,2269,2144,2271,2088,1720,2487,2254,1759,2602,2050,2436,2709,2467,2875,1918,2578,2140,2065,2182,2290,2438],num_heads:128,num_heads_kv:1,head_dim:576,head_dim_v:512,causal:0,dtype:bf16.
flash_mla:[D][131,3222]flash_mla,MLA:sparse:decode,is_fp8:1,topk:2048,batch_size:131,seqlen_q:1,seqlen_k:[3126,2577,2810,3222,3168,2022,2798,2355,2374,2581,2474,3002,2722,2465,2594,2550,3018,2333,2542,2071,1611,2679,2764,2116,3222,1829,2434,2340,3033,3008,2478,2568,2058,1617,2275,2479,2911,2900,2259,2294,1993,1843,1728,3202,2210,2239,1911,2729,1765,2330,2055,2571,2210,1940,2404,2588,2442,2537,2160,2269,2144,2271,2088,1720,2487,2254,1759,2602,2050,2436,2709,2467,2875,1918,2578,2140,2065,2182,2290,2438,1946,2779,2603,1796,3015,3180,2891,2343,1984,2840,2253,2908,2499,2809,2559,2700,2420,3135,2467,2578,3174,1872,1903,2806,1943,3199,2249,2114,3190,3012,3168,2781,2068,3185,2307,2739,2797,2353,2663,2787,2567,1972,2536,2950,2136,2355,2240,3161,2686,2580,2105],num_heads:128,num_heads_kv:1,head_dim:576,head_dim_v:512,causal:0,dtype:bf16.
flash_mla:[D][213,3222]flash_mla,MLA:sparse:decode,is_fp8:1,topk:2048,batch_size:213,seqlen_q:1,seqlen_k:[3126,2577,2810,3222,3168,2022,2798,2355,2374,2581,2474,3002,2722,2465,2594,2550,3018,2333,2542,2071,1611,2679,2764,2116,3222,1829,2434,2340,3033,3008,2478,2568,2058,1617,2275,2479,2911,2900,2259,2294,1993,1843,1728,3202,2210,2239,1911,2729,1765,2330,2055,2571,2210,1940,2404,2588,2442,2537,2160,2269,2144,2271,2088,1720,2487,2254,1759,2602,2050,2436,2709,2467,2875,1918,2578,2140,2065,2182,2290,2438,1946,2779,2603,1796,3015,3180,2891,2343,1984,2840,2253,2908,2499,2809,2559,2700,2420,3135,2467,2578,3174,1872,1903,2806,1943,3199,2249,2114,3190,3012,3168,2781,2068,3185,2307,2739,2797,2353,2663,2787,2567,1972,2536,2950,2136,2355,2240,3161,2686,2580,2105,2633,2144,2428,2159,2688,2648,2332,2575,1975,1815,2593,2483,2671,3222,2796,2048,2866,1885,2229,2388,3106,2115,2082,2376,2148,2870,1980,1953,2239,2215,3193,2798,2451,1922,2756,2012,1793,2894,2543,2787,2544,2761,2153,1999,2690,2092,2138,2232,2423,2273,1861,2156,1611,2667,1770,1970,2437,2117,3037,1894,2523,2400,1945,2626,2346,2727,2747,3222,2954,2267,2319,2859,2680,2673,1764,2406,2118,2528,2376,2782,2543,2732],num_heads:128,num_heads_kv:1,head_dim:576,head_dim_v:512,causal:0,dtype:bf16.
flash_mla:[D][346,3222]flash_mla,MLA:sparse:decode,is_fp8:1,topk:2048,batch_size:346,seqlen_q:1,seqlen_k:[3126,2577,2810,3222,3168,2022,2798,2355,2374,2581,2474,3002,2722,2465,2594,2550,3018,2333,2542,2071,1611,2679,2764,2116,3222,1829,2434,2340,3033,3008,2478,2568,2058,1617,2275,2479,2911,2900,2259,2294,1993,1843,1728,3202,2210,2239,1911,2729,1765,2330,2055,2571,2210,1940,2404,2588,2442,2537,2160,2269,2144,2271,2088,1720,2487,2254,1759,2602,2050,2436,2709,2467,2875,1918,2578,2140,2065,2182,2290,2438,1946,2779,2603,1796,3015,3180,2891,2343,1984,2840,2253,2908,2499,2809,2559,2700,2420,3135,2467,2578,3174,1872,1903,2806,1943,3199,2249,2114,3190,3012,3168,2781,2068,3185,2307,2739,2797,2353,2663,2787,2567,1972,2536,2950,2136,2355,2240,3161,2686,2580,2105,2633,2144,2428,2159,2688,2648,2332,2575,1975,1815,2593,2483,2671,3222,2796,2048,2866,1885,2229,2388,3106,2115,2082,2376,2148,2870,1980,1953,2239,2215,3193,2798,2451,1922,2756,2012,1793,2894,2543,2787,2544,2761,2153,1999,2690,2092,2138,2232,2423,2273,1861,2156,1611,2667,1770,1970,2437,2117,3037,1894,2523,2400,1945,2626,2346,2727,2747,3222,2954,2267,2319,2859,2680,2673,1764,2406,2118,2528,2376,2782,2543,2732,2228,2035,2250,2409,2568,3222,2398,2030,2276,2229,2610,1795,2441,2479,2509,2175,2320,1842,2217,2197,2583,1950,2730,3018,1611,2587,2688,2159,2255,2362,2295,2291,1740,2880,2851,2088,1825,2625,2183,2473,2287,2694,2695,2123,1858,1778,2661,1936,2211,2175,2394,1635,2492,2627,2451,2290,2455,2576,1611,3204,2573,2153,2258,2614,2369,1611,3222,2371,2827,2137,3035,2531,2661,1994,2904,2693,2940,2162,2222,3222,1988,2361,2874,2455,2650,2255,2565,1889,3084,2368,2141,2684,2230,1878,1873,2695,2351,2362,2850,1961,2121,2260,2454,2399,2300,2391,2372,2125,2088,2526,2056,1949,2290,2352,3222,2132,2796,2717,1936,2727,1938,1611,2660,1708,2597,2140,3084,2846,2233,2138,1926,2238,2303],num_heads:128,num_heads_kv:1,head_dim:576,head_dim_v:512,causal:0,dtype:bf16.
flash_mla:[D][563,3222]flash_mla,MLA:sparse:decode,is_fp8:1,topk:2048,batch_size:563,seqlen_q:1,seqlen_k:[3126,2577,2810,3222,3168,2022,2798,2355,2374,2581,2474,3002,2722,2465,2594,2550,3018,2333,2542,2071,1611,2679,2764,2116,3222,1829,2434,2340,3033,3008,2478,2568,2058,1617,2275,2479,2911,2900,2259,2294,1993,1843,1728,3202,2210,2239,1911,2729,1765,2330,2055,2571,2210,1940,2404,2588,2442,2537,2160,2269,2144,2271,2088,1720,2487,2254,1759,2602,2050,2436,2709,2467,2875,1918,2578,2140,2065,2182,2290,2438,1946,2779,2603,1796,3015,3180,2891,2343,1984,2840,2253,2908,2499,2809,2559,2700,2420,3135,2467,2578,3174,1872,1903,2806,1943,3199,2249,2114,3190,3012,3168,2781,2068,3185,2307,2739,2797,2353,2663,2787,2567,1972,2536,2950,2136,2355,2240,3161,2686,2580,2105,2633,2144,2428,2159,2688,2648,2332,2575,1975,1815,2593,2483,2671,3222,2796,2048,2866,1885,2229,2388,3106,2115,2082,2376,2148,2870,1980,1953,2239,2215,3193,2798,2451,1922,2756,2012,1793,2894,2543,2787,2544,2761,2153,1999,2690,2092,2138,2232,2423,2273,1861,2156,1611,2667,1770,1970,2437,2117,3037,1894,2523,2400,1945,2626,2346,2727,2747,3222,2954,2267,2319,2859,2680,2673,1764,2406,2118,2528,2376,2782,2543,2732,2228,2035,2250,2409,2568,3222,2398,2030,2276,2229,2610,1795,2441,2479,2509,2175,2320,1842,2217,2197,2583,1950,2730,3018,1611,2587,2688,2159,2255,2362,2295,2291,1740,2880,2851,2088,1825,2625,2183,2473,2287,2694,2695,2123,1858,1778,2661,1936,2211,2175,2394,1635,2492,2627,2451,2290,2455,2576,1611,3204,2573,2153,2258,2614,2369,1611,3222,2371,2827,2137,3035,2531,2661,1994,2904,2693,2940,2162,2222,3222,1988,2361,2874,2455,2650,2255,2565,1889,3084,2368,2141,2684,2230,1878,1873,2695,2351,2362,2850,1961,2121,2260,2454,2399,2300,2391,2372,2125,2088,2526,2056,1949,2290,2352,3222,2132,2796,2717,1936,2727,1938,1611,2660,1708,2597,2140,3084,2846,2233,2138,1926,2238,2303,2269,2479,2649,2556,2108,1836,2965,2138,2153,2205,1673,2223,2222,2666,2697,2417,2791,2553,2409,2480,2339,2256,2308,1961,2529,2015,2755,2315,2435,2615,2675,1783,2332,2770,1731,2572,1611,2003,2431,1748,2018,1822,3080,2482,2644,2326,2273,1764,2298,2109,2761,2875,3007,2759,2174,1966,2724,2559,1703,2559,2744,2439,2341,2090,1833,2738,2291,2321,3114,2691,2565,2473,3028,3108,2790,2650,1611,2465,2363,2453,2796,1611,2186,2524,2227,1844,2766,2527,2024,2542,2747,2418,2738,2447,2256,1948,2381,2494,2768,2369,2600,2027,2100,2371,1990,2746,2602,2528,2552,3222,2227,1611,2496,2395,2207,2021,2239,2489,2213,3222,2028,2096,1611,2517,1611,2198,2304,2129,3116,2816,2947,2060,2870,2615,2726,2830,2049,2244,2763,1611,3025,2638,2397,2504,2000,2274,2859,2939,3222,2386,2150,2208,2005,2384,2570,2402,2857,2321,2275,2181,1758,1784,1940,2940,2776,2970,1879,1622,2149,2486,2616,2838,2530,3118,2326,2048,1738,2057,2513,2057,2793,2985,1611,2764,1611,2577,2909,2442,1900,2180,2310,2342,2334,2371,2502,1928,2318,3027,2260,2237,2850,1611,2892,2161,2482,2454,2795,2308,2142,2939,1611,2424,1872,2109,3222,2398,2494],num_heads:128,num_heads_kv:1,head_dim:576,head_dim_v:512,causal:0,dtype:bf16.
flash_mla:[D][917,3222]flash_mla,MLA:sparse:decode,is_fp8:1,topk:2048,batch_size:917,seqlen_q:1,seqlen_k:[3126,2577,2810,3222,3168,2022,2798,2355,2374,2581,2474,3002,2722,2465,2594,2550,3018,2333,2542,2071,1611,2679,2764,2116,3222,1829,2434,2340,3033,3008,2478,2568,2058,1617,2275,2479,2911,2900,2259,2294,1993,1843,1728,3202,2210,2239,1911,2729,1765,2330,2055,2571,2210,1940,2404,2588,2442,2537,2160,2269,2144,2271,2088,1720,2487,2254,1759,2602,2050,2436,2709,2467,2875,1918,2578,2140,2065,2182,2290,2438,1946,2779,2603,1796,3015,3180,2891,2343,1984,2840,2253,2908,2499,2809,2559,2700,2420,3135,2467,2578,3174,1872,1903,2806,1943,3199,2249,2114,3190,3012,3168,2781,2068,3185,2307,2739,2797,2353,2663,2787,2567,1972,2536,2950,2136,2355,2240,3161,2686,2580,2105,2633,2144,2428,2159,2688,2648,2332,2575,1975,1815,2593,2483,2671,3222,2796,2048,2866,1885,2229,2388,3106,2115,2082,2376,2148,2870,1980,1953,2239,2215,3193,2798,2451,1922,2756,2012,1793,2894,2543,2787,2544,2761,2153,1999,2690,2092,2138,2232,2423,2273,1861,2156,1611,2667,1770,1970,2437,2117,3037,1894,2523,2400,1945,2626,2346,2727,2747,3222,2954,2267,2319,2859,2680,2673,1764,2406,2118,2528,2376,2782,2543,2732,2228,2035,2250,2409,2568,3222,2398,2030,2276,2229,2610,1795,2441,2479,2509,2175,2320,1842,2217,2197,2583,1950,2730,3018,1611,2587,2688,2159,2255,2362,2295,2291,1740,2880,2851,2088,1825,2625,2183,2473,2287,2694,2695,2123,1858,1778,2661,1936,2211,2175,2394,1635,2492,2627,2451,2290,2455,2576,1611,3204,2573,2153,2258,2614,2369,1611,3222,2371,2827,2137,3035,2531,2661,1994,2904,2693,2940,2162,2222,3222,1988,2361,2874,2455,2650,2255,2565,1889,3084,2368,2141,2684,2230,1878,1873,2695,2351,2362,2850,1961,2121,2260,2454,2399,2300,2391,2372,2125,2088,2526,2056,1949,2290,2352,3222,2132,2796,2717,1936,2727,1938,1611,2660,1708,2597,2140,3084,2846,2233,2138,1926,2238,2303,2269,2479,2649,2556,2108,1836,2965,2138,2153,2205,1673,2223,2222,2666,2697,2417,2791,2553,2409,2480,2339,2256,2308,1961,2529,2015,2755,2315,2435,2615,2675,1783,2332,2770,1731,2572,1611,2003,2431,1748,2018,1822,3080,2482,2644,2326,2273,1764,2298,2109,2761,2875,3007,2759,2174,1966,2724,2559,1703,2559,2744,2439,2341,2090,1833,2738,2291,2321,3114,2691,2565,2473,3028,3108,2790,2650,1611,2465,2363,2453,2796,1611,2186,2524,2227,1844,2766,2527,2024,2542,2747,2418,2738,2447,2256,1948,2381,2494,2768,2369,2600,2027,2100,2371,1990,2746,2602,2528,2552,3222,2227,1611,2496,2395,2207,2021,2239,2489,2213,3222,2028,2096,1611,2517,1611,2198,2304,2129,3116,2816,2947,2060,2870,2615,2726,2830,2049,2244,2763,1611,3025,2638,2397,2504,2000,2274,2859,2939,3222,2386,2150,2208,2005,2384,2570,2402,2857,2321,2275,2181,1758,1784,1940,2940,2776,2970,1879,1622,2149,2486,2616,2838,2530,3118,2326,2048,1738,2057,2513,2057,2793,2985,1611,2764,1611,2577,2909,2442,1900,2180,2310,2342,2334,2371,2502,1928,2318,3027,2260,2237,2850,1611,2892,2161,2482,2454,2795,2308,2142,2939,1611,2424,1872,2109,3222,2398,2494,1698,2122,2495,2558,2664,2419,2628,2598,1678,2430,2725,2653,2269,2091,1965,2363,2872,1629,2150,1956,2732,2192,2226,2328,2595,2257,1611,2634,2592,2327,1979,2557,2568,2226,2328,2041,2344,1791,2584,2035,2511,1849,2178,2371,1746,2462,2263,1713,1890,2659,2776,2362,2579,2506,2548,2934,1808,2688,2262,2325,2294,2264,1921,2489,3089,2393,2415,2139,2368,2603,2266,2233,2578,2046,2517,2746,2964,2379,2967,2832,2014,1925,2293,2830,2386,2173,3041,2531,1611,2543,2625,2506,2597,2388,1884,2266,2034,2040,1906,2598,2455,2235,2154,2406,2850,1611,2567,2196,1656,1631,2048,2504,2574,2037,2825,2989,2575,2177,2869,2720,2765,2151,1611,3222,1766,2401,3222,2549,2798,1810,1699,2201,2855,2276,2095,2495,2852,1833,1928,2098,2857,2510,3222,2793,2401,2925,2501,2131,2690,2135,2298,2951,2375,2092,2228,2827,2193,2260,2210,2490,2260,1770,2058,2040,2917,2743,2652,2212,2087,2211,1992,3222,1611,2643,1898,2373,2017,1941,1956,3123,2362,2107,2639,2420,2706,1680,2538,2727,1746,2596,3099,2410,2747,2686,2130,2432,1784,2234,2523,2707,2425,2706,1971,2375,2423,3161,2329,2214,2424,2045,2493,2268,1694,2392,2288,1758,2388,3016,2626,2662,1875,2608,2475,2629,2586,1868,2399,2110,2395,2054,2944,2069,2053,2446,1981,2244,2081,2984,2732,2392,2258,2795,2579,2616,2405,1735,2370,2201,2675,2823,2150,2604,3115,2146,3093,2072,2425,2411,2420,2078,2177,2146,2547,2549,3222,2968,2210,2546,2817,2428,2387,2436,2765,2074,2284,2605,2541,2512,2266,2807,3222,2579,2338,2720,2198,2113,2429,1611,1950,2275,1870,1999,2239,1753,2252,2200,2426,2881,2485,2424,2456,2507,2006,2369,2540,1863,2764,2851,2161,2318,2062,2697,1988,2326,2069,2436,1692,2950,2027,2440,2330,2108,2058,2793,2204,2525,2092,2155,2606,2790,2345,1842,3221,2070,1794,3222,2253,1826,2140,2564,2492,2072,3150,2205,1938,2803,2951,2086,1851,2831,1611,1921,2805,2393],num_heads:128,num_heads_kv:1,head_dim:576,head_dim_v:512,causal:0,dtype:bf16.
flash_mla:[D][1492,3222]flash_mla,MLA:sparse:decode,is_fp8:1,topk:2048,batch_size:1492,seqlen_q:1,seqlen_k:[3126,2577,2810,3222,3168,2022,2798,2355,2374,2581,2474,3002,2722,2465,2594,2550,3018,2333,2542,2071,1611,2679,2764,2116,3222,1829,2434,2340,3033,3008,2478,2568,2058,1617,2275,2479,2911,2900,2259,2294,1993,1843,1728,3202,2210,2239,1911,2729,1765,2330,2055,2571,2210,1940,2404,2588,2442,2537,2160,2269,2144,2271,2088,1720,2487,2254,1759,2602,2050,2436,2709,2467,2875,1918,2578,2140,2065,2182,2290,2438,1946,2779,2603,1796,3015,3180,2891,2343,1984,2840,2253,2908,2499,2809,2559,2700,2420,3135,2467,2578,3174,1872,1903,2806,1943,3199,2249,2114,3190,3012,3168,2781,2068,3185,2307,2739,2797,2353,2663,2787,2567,1972,2536,2950,2136,2355,2240,3161,2686,2580,2105,2633,2144,2428,2159,2688,2648,2332,2575,1975,1815,2593,2483,2671,3222,2796,2048,2866,1885,2229,2388,3106,2115,2082,2376,2148,2870,1980,1953,2239,2215,3193,2798,2451,1922,2756,2012,1793,2894,2543,2787,2544,2761,2153,1999,2690,2092,2138,2232,2423,2273,1861,2156,1611,2667,1770,1970,2437,2117,3037,1894,2523,2400,1945,2626,2346,2727,2747,3222,2954,2267,2319,2859,2680,2673,1764,2406,2118,2528,2376,2782,2543,2732,2228,2035,2250,2409,2568,3222,2398,2030,2276,2229,2610,1795,2441,2479,2509,2175,2320,1842,2217,2197,2583,1950,2730,3018,1611,2587,2688,2159,2255,2362,2295,2291,1740,2880,2851,2088,1825,2625,2183,2473,2287,2694,2695,2123,1858,1778,2661,1936,2211,2175,2394,1635,2492,2627,2451,2290,2455,2576,1611,3204,2573,2153,2258,2614,2369,1611,3222,2371,2827,2137,3035,2531,2661,1994,2904,2693,2940,2162,2222,3222,1988,2361,2874,2455,2650,2255,2565,1889,3084,2368,2141,2684,2230,1878,1873,2695,2351,2362,2850,1961,2121,2260,2454,2399,2300,2391,2372,2125,2088,2526,2056,1949,2290,2352,3222,2132,2796,2717,1936,2727,1938,1611,2660,1708,2597,2140,3084,2846,2233,2138,1926,2238,2303,2269,2479,2649,2556,2108,1836,2965,2138,2153,2205,1673,2223,2222,2666,2697,2417,2791,2553,2409,2480,2339,2256,2308,1961,2529,2015,2755,2315,2435,2615,2675,1783,2332,2770,1731,2572,1611,2003,2431,1748,2018,1822,3080,2482,2644,2326,2273,1764,2298,2109,2761,2875,3007,2759,2174,1966,2724,2559,1703,2559,2744,2439,2341,2090,1833,2738,2291,2321,3114,2691,2565,2473,3028,3108,2790,2650,1611,2465,2363,2453,2796,1611,2186,2524,2227,1844,2766,2527,2024,2542,2747,2418,2738,2447,2256,1948,2381,2494,2768,2369,2600,2027,2100,2371,1990,2746,2602,2528,2552,3222,2227,1611,2496,2395,2207,2021,2239,2489,2213,3222,2028,2096,1611,2517,1611,2198,2304,2129,3116,2816,2947,2060,2870,2615,2726,2830,2049,2244,2763,1611,3025,2638,2397,2504,2000,2274,2859,2939,3222,2386,2150,2208,2005,2384,2570,2402,2857,2321,2275,2181,1758,1784,1940,2940,2776,2970,1879,1622,2149,2486,2616,2838,2530,3118,2326,2048,1738,2057,2513,2057,2793,2985,1611,2764,1611,2577,2909,2442,1900,2180,2310,2342,2334,2371,2502,1928,2318,3027,2260,2237,2850,1611,2892,2161,2482,2454,2795,2308,2142,2939,1611,2424,1872,2109,3222,2398,2494,1698,2122,2495,2558,2664,2419,2628,2598,1678,2430,2725,2653,2269,2091,1965,2363,2872,1629,2150,1956,2732,2192,2226,2328,2595,2257,1611,2634,2592,2327,1979,2557,2568,2226,2328,2041,2344,1791,2584,2035,2511,1849,2178,2371,1746,2462,2263,1713,1890,2659,2776,2362,2579,2506,2548,2934,1808,2688,2262,2325,2294,2264,1921,2489,3089,2393,2415,2139,2368,2603,2266,2233,2578,2046,2517,2746,2964,2379,2967,2832,2014,1925,2293,2830,2386,2173,3041,2531,1611,2543,2625,2506,2597,2388,1884,2266,2034,2040,1906,2598,2455,2235,2154,2406,2850,1611,2567,2196,1656,1631,2048,2504,2574,2037,2825,2989,2575,2177,2869,2720,2765,2151,1611,3222,1766,2401,3222,2549,2798,1810,1699,2201,2855,2276,2095,2495,2852,1833,1928,2098,2857,2510,3222,2793,2401,2925,2501,2131,2690,2135,2298,2951,2375,2092,2228,2827,2193,2260,2210,2490,2260,1770,2058,2040,2917,2743,2652,2212,2087,2211,1992,3222,1611,2643,1898,2373,2017,1941,1956,3123,2362,2107,2639,2420,2706,1680,2538,2727,1746,2596,3099,2410,2747,2686,2130,2432,1784,2234,2523,2707,2425,2706,1971,2375,2423,3161,2329,2214,2424,2045,2493,2268,1694,2392,2288,1758,2388,3016,2626,2662,1875,2608,2475,2629,2586,1868,2399,2110,2395,2054,2944,2069,2053,2446,1981,2244,2081,2984,2732,2392,2258,2795,2579,2616,2405,1735,2370,2201,2675,2823,2150,2604,3115,2146,3093,2072,2425,2411,2420,2078,2177,2146,2547,2549,3222,2968,2210,2546,2817,2428,2387,2436,2765,2074,2284,2605,2541,2512,2266,2807,3222,2579,2338,2720,2198,2113,2429,1611,1950,2275,1870,1999,2239,1753,2252,2200,2426,2881,2485,2424,2456,2507,2006,2369,2540,1863,2764,2851,2161,2318,2062,2697,1988,2326,2069,2436,1692,2950,2027,2440,2330,2108,2058,2793,2204,2525,2092,2155,2606,2790,2345,1842,3221,2070,1794,3222,2253,1826,2140,2564,2492,2072,3150,2205,1938,2803,2951,2086,1851,2831,1611,1921,2805,2393,2309,2558,2354,1892,2930,2949,2498,2434,3222,2304,2311,2562,3008,3057,2311,2540,1860,2290,2077,2010,3093,2096,2201,2563,2939,2609,3222,2385,2520,2527,2994,2620,2369,2034,2514,2980,2250,2629,2515,2763,2091,3222,1900,2268,2794,2535,2750,2216,2385,2420,3048,2694,2737,2150,2806,2506,2975,3222,2292,2252,2067,2358,2262,2560,2357,2270,2845,2038,2590,2252,2707,2974,2293,2593,2488,2093,2513,2532,2582,2336,2453,1953,2271,2640,2775,2245,2458,2507,2497,2633,1683,2396,2512,2012,3090,2481,3046,2097,2050,2506,1739,2502,2455,2825,2698,2247,1973,3106,2096,1994,1978,2866,2206,2112,2471,2332,2142,2719,2845,2813,2725,2578,1700,3088,2537,2661,2865,2993,2584,2591,2174,2429,2071,2125,2055,2353,2838,3222,2492,1872,2925,2294,2149,2500,1916,2505,2380,2455,2569,2443,2422,2530,2583,2000,1839,2391,1838,2451,2794,2660,1993,2069,2548,2254,2288,2656,2018,2254,2093,1995,2070,2689,2436,2061,2322,1755,2120,3222,2379,2710,2389,2556,2683,1970,2403,3052,2095,2187,2292,2524,2627,2926,2617,2390,2923,2699,1813,3222,3129,2348,2568,2949,2346,2710,2861,2007,2173,2787,2601,2788,2362,2299,1611,1954,2434,2748,2630,2364,2306,2503,2447,2982,2475,1819,1903,3028,1944,2724,2307,2347,2361,2908,2338,2402,1799,2499,2630,2512,2979,2438,2536,3080,1791,2232,2990,2793,2689,2751,2547,3073,2568,2512,2480,2493,1949,2726,2363,3150,2385,2585,2515,2163,2815,3183,2410,2294,2272,1653,2344,2517,2841,2802,2248,2304,2868,2346,2210,2977,2834,2423,2176,1611,2653,2054,1625,3054,2677,1956,1926,2766,2062,2938,2664,2632,2579,2493,2770,2233,2450,2719,2642,1934,2214,2517,2251,3131,2257,2350,2726,2549,2357,2111,2537,2834,2609,2102,3115,1833,1778,2803,2507,2194,1973,3222,2463,2631,2544,2591,2633,2711,2264,2298,1714,2101,2525,2837,2657,2278,1906,1611,2880,2178,2235,2469,1849,2275,3222,2619,2560,1778,3222,1842,3190,1611,2982,3068,2083,2586,2636,2088,1832,1884,2634,2381,2188,2805,2620,2111,1931,2626,2199,2455,3051,2618,2068,2480,2032,3064,2189,2499,2540,2480,1626,1833,2233,2544,2360,2030,1872,2254,2227,2622,2284,2658,2176,2312,2275,2100,2667,2088,2205,2386,1893,2285,2129,2259,2391,2093,2327,2943,2405,2877,2555,2727,2103,2458,2469,2169,2084,1815,3018,2024,2958,2227,2068,2666,2161,2645,2281,2609,2025,2751,2612,2045,3222,2633,3222,3060,2339,2249,2253,1678,2135,2515,3030,2104,2771,1911,2179,2231,2565,2600,2803,2726,2513,2573,3056,2210,2728,1687,2581,2221,2417,2835,2482,2772,3009,2572,2887,2284,2412,2205,2836,2582,2211,2478,2835,2400,2033,2469,1617,2725,2246,2226,2768,1865,3200,2222,2205,2827,2701,3222,2330,2367,1819,2282,2125,2235,1713,3085,1845,1611,1937,2172,1952,2858,2360,2426,2661,2531,2810,1968,2195,2684,1611,1861,2617,2222,2793,2742,1933,2579,2900,2475,2022,2770,2672,2634,2704,1611,2771,3144,2591,2493,2696,2552,2678,2416,2107,2011,2013,1862,1985,3125,2719,2164,2258,2461,2151,2443,2729,2401,2551,2773,2306,2530,2291,2404,2285,2202,2486,2644,2474,2616,2118,1930,2584,2693,2436,2959,2781,3222,2335,2013,2117],num_heads:128,num_heads_kv:1,head_dim:576,head_dim_v:512,causal:0,dtype:bf16.
flash_mla:[D][1,7896]flash_mla,MLA:sparse:decode,is_fp8:1,topk:2048,batch_size:1,seqlen_q:1,seqlen_k:[7896],num_heads:128,num_heads_kv:1,head_dim:576,head_dim_v:512,causal:0,dtype:bf16.
flash_mla:[D][2,7896]flash_mla,MLA:sparse:decode,is_fp8:1,topk:2048,batch_size:2,seqlen_q:1,seqlen_k:[7896,6508],num_heads:128,num_heads_kv:1,head_dim:576,head_dim_v:512,causal:0,dtype:bf16.
flash_mla:[D][4,8137]flash_mla,MLA:sparse:decode,is_fp8:1,topk:2048,batch_size:4,seqlen_q:1,seqlen_k:[7896,6508,7097,8137],num_heads:128,num_heads_kv:1,head_dim:576,head_dim_v:512,causal:0,dtype:bf16.
flash_mla:[D][6,8137]flash_mla,MLA:sparse:decode,is_fp8:1,topk:2048,batch_size:6,seqlen_q:1,seqlen_k:[7896,6508,7097,8137,8001,5108],num_heads:128,num_heads_kv:1,head_dim:576,head_dim_v:512,causal:0,dtype:bf16.
flash_mla:[D][9,8137]flash_mla,MLA:sparse:decode,is_fp8:1,topk:2048,batch_size:9,seqlen_q:1,seqlen_k:[7896,6508,7097,8137,8001,5108,7068,5948,5997],num_heads:128,num_heads_kv:1,head_dim:576,head_dim_v:512,causal:0,dtype:bf16.
flash_mla:[D][14,8137]flash_mla,MLA:sparse:decode,is_fp8:1,topk:2048,batch_size:14,seqlen_q:1,seqlen_k:[7896,6508,7097,8137,8001,5108,7068,5948,5997,6519,6248,7580,6875,6225],num_heads:128,num_heads_kv:1,head_dim:576,head_dim_v:512,causal:0,dtype:bf16.
flash_mla:[D][22,8137]flash_mla,MLA:sparse:decode,is_fp8:1,topk:2048,batch_size:22,seqlen_q:1,seqlen_k:[7896,6508,7097,8137,8001,5108,7068,5948,5997,6519,6248,7580,6875,6225,6553,6441,7621,5893,6420,5233,4068,6766],num_heads:128,num_heads_kv:1,head_dim:576,head_dim_v:512,causal:0,dtype:bf16.
flash_mla:[D][34,8137]flash_mla,MLA:sparse:decode,is_fp8:1,topk:2048,batch_size:34,seqlen_q:1,seqlen_k:[7896,6508,7097,8137,8001,5108,7068,5948,5997,6519,6248,7580,6875,6225,6553,6441,7621,5893,6420,5233,4068,6766,6981,5347,8137,4622,6148,5911,7660,7596,6259,6486,5199,4087],num_heads:128,num_heads_kv:1,head_dim:576,head_dim_v:512,causal:0,dtype:bf16.
flash_mla:[D][53,8137]flash_mla,MLA:sparse:decode,is_fp8:1,topk:2048,batch_size:53,seqlen_q:1,seqlen_k:[7896,6508,7097,8137,8001,5108,7068,5948,5997,6519,6248,7580,6875,6225,6553,6441,7621,5893,6420,5233,4068,6766,6981,5347,8137,4622,6148,5911,7660,7596,6259,6486,5199,4087,5748,6261,7353,7324,5708,5794,5035,4657,4366,8085,5583,5656,4827,6892,4460,5885,5191,6495,5582],num_heads:128,num_heads_kv:1,head_dim:576,head_dim_v:512,causal:0,dtype:bf16.
flash_mla:[D][82,8137]flash_mla,MLA:sparse:decode,is_fp8:1,topk:2048,batch_size:82,seqlen_q:1,seqlen_k:[7896,6508,7097,8137,8001,5108,7068,5948,5997,6519,6248,7580,6875,6225,6553,6441,7621,5893,6420,5233,4068,6766,6981,5347,8137,4622,6148,5911,7660,7596,6259,6486,5199,4087,5748,6261,7353,7324,5708,5794,5035,4657,4366,8085,5583,5656,4827,6892,4460,5885,5191,6495,5582,4901,6073,6537,6169,6409,5456,5733,5418,5736,5275,4346,6282,5693,4444,6572,5179,6154,6843,6233,7260,4846,6511,5405,5216,5513,5785,6159,4917,7018],num_heads:128,num_heads_kv:1,head_dim:576,head_dim_v:512,causal:0,dtype:bf16.
flash_mla:[D][128,8137]flash_mla,MLA:sparse:decode,is_fp8:1,topk:2048,batch_size:128,seqlen_q:1,seqlen_k:[7896,6508,7097,8137,8001,5108,7068,5948,5997,6519,6248,7580,6875,6225,6553,6441,7621,5893,6420,5233,4068,6766,6981,5347,8137,4622,6148,5911,7660,7596,6259,6486,5199,4087,5748,6261,7353,7324,5708,5794,5035,4657,4366,8085,5583,5656,4827,6892,4460,5885,5191,6495,5582,4901,6073,6537,6169,6409,5456,5733,5418,5736,5275,4346,6282,5693,4444,6572,5179,6154,6843,6233,7260,4846,6511,5405,5216,5513,5785,6159,4917,7018,6575,4539,7615,8030,7300,5919,5013,7174,5691,7345,6313,7095,6464,6820,6112,7918,6231,6510,8017,4731,4809,7087,4908,8078,5681,5341,8057,7607,8001,7023,5226,8044,5829,6918,7065,5944,6726,7039,6484,4983,6405,7450,5395,5949,5659,7982],num_heads:128,num_heads_kv:1,head_dim:576,head_dim_v:512,causal:0,dtype:bf16.
flash_mla:[D][199,8137]flash_mla,MLA:sparse:decode,is_fp8:1,topk:2048,batch_size:199,seqlen_q:1,seqlen_k:[7896,6508,7097,8137,8001,5108,7068,5948,5997,6519,6248,7580,6875,6225,6553,6441,7621,5893,6420,5233,4068,6766,6981,5347,8137,4622,6148,5911,7660,7596,6259,6486,5199,4087,5748,6261,7353,7324,5708,5794,5035,4657,4366,8085,5583,5656,4827,6892,4460,5885,5191,6495,5582,4901,6073,6537,6169,6409,5456,5733,5418,5736,5275,4346,6282,5693,4444,6572,5179,6154,6843,6233,7260,4846,6511,5405,5216,5513,5785,6159,4917,7018,6575,4539,7615,8030,7300,5919,5013,7174,5691,7345,6313,7095,6464,6820,6112,7918,6231,6510,8017,4731,4809,7087,4908,8078,5681,5341,8057,7607,8001,7023,5226,8044,5829,6918,7065,5944,6726,7039,6484,4983,6405,7450,5395,5949,5659,7982,6785,6516,5318,6650,5416,6134,5455,6789,6688,5890,6504,4990,4585,6548,6271,6747,8137,7062,5173,7238,4763,5632,6032,7844,5344,5261,6001,5427,7247,5003,4935,5656,5595,8064,7067,6191,4855,6960,5084,4530,7310,6424,7038,6426,6973,5439,5050,6795,5284,5400,5638,6119,5741,4703,5447,4068,6737,4472,4978,6155,5349,7671,4787,6373,6062,4914,6634,5927,6886,6939,8137],num_heads:128,num_heads_kv:1,head_dim:576,head_dim_v:512,causal:0,dtype:bf16.
flash_mla:[D][309,8137]flash_mla,MLA:sparse:decode,is_fp8:1,topk:2048,batch_size:309,seqlen_q:1,seqlen_k:[7896,6508,7097,8137,8001,5108,7068,5948,5997,6519,6248,7580,6875,6225,6553,6441,7621,5893,6420,5233,4068,6766,6981,5347,8137,4622,6148,5911,7660,7596,6259,6486,5199,4087,5748,6261,7353,7324,5708,5794,5035,4657,4366,8085,5583,5656,4827,6892,4460,5885,5191,6495,5582,4901,6073,6537,6169,6409,5456,5733,5418,5736,5275,4346,6282,5693,4444,6572,5179,6154,6843,6233,7260,4846,6511,5405,5216,5513,5785,6159,4917,7018,6575,4539,7615,8030,7300,5919,5013,7174,5691,7345,6313,7095,6464,6820,6112,7918,6231,6510,8017,4731,4809,7087,4908,8078,5681,5341,8057,7607,8001,7023,5226,8044,5829,6918,7065,5944,6726,7039,6484,4983,6405,7450,5395,5949,5659,7982,6785,6516,5318,6650,5416,6134,5455,6789,6688,5890,6504,4990,4585,6548,6271,6747,8137,7062,5173,7238,4763,5632,6032,7844,5344,5261,6001,5427,7247,5003,4935,5656,5595,8064,7067,6191,4855,6960,5084,4530,7310,6424,7038,6426,6973,5439,5050,6795,5284,5400,5638,6119,5741,4703,5447,4068,6737,4472,4978,6155,5349,7671,4787,6373,6062,4914,6634,5927,6886,6939,8137,7461,5726,5858,7220,6768,6753,4457,6077,5351,6386,6002,7027,6424,6901,5627,5141,5684,6084,6487,8137,6059,5129,5750,5630,6591,4535,6166,6261,6338,5494,5860,4653,5600,5549,6525,4926,6896,7621,4068,6535,6790,5453,5697,5966,5799,5787,4397,7273,7199,5274,4610,6631,5516,6246,5777,6805,6808,5364,4695,4492,6722,4892,5586,5495,6048,4132,6293,6634,6191,5785,6201,6507,4068,8091,6498,5438,5704,6604,5983,4068,8137,5989,7139,5398,7664,6393,6721,5038,7333,6803,7425,5463,5612,8137,5023,5963,7258,6201,6694,5695,6478,4773,7788,5981,5410,6779,5633,4745,4732,6807],num_heads:128,num_heads_kv:1,head_dim:576,head_dim_v:512,causal:0,dtype:bf16.
flash_mla:[D][480,8137]flash_mla,MLA:sparse:decode,is_fp8:1,topk:2048,batch_size:480,seqlen_q:1,seqlen_k:[7896,6508,7097,8137,8001,5108,7068,5948,5997,6519,6248,7580,6875,6225,6553,6441,7621,5893,6420,5233,4068,6766,6981,5347,8137,4622,6148,5911,7660,7596,6259,6486,5199,4087,5748,6261,7353,7324,5708,5794,5035,4657,4366,8085,5583,5656,4827,6892,4460,5885,5191,6495,5582,4901,6073,6537,6169,6409,5456,5733,5418,5736,5275,4346,6282,5693,4444,6572,5179,6154,6843,6233,7260,4846,6511,5405,5216,5513,5785,6159,4917,7018,6575,4539,7615,8030,7300,5919,5013,7174,5691,7345,6313,7095,6464,6820,6112,7918,6231,6510,8017,4731,4809,7087,4908,8078,5681,5341,8057,7607,8001,7023,5226,8044,5829,6918,7065,5944,6726,7039,6484,4983,6405,7450,5395,5949,5659,7982,6785,6516,5318,6650,5416,6134,5455,6789,6688,5890,6504,4990,4585,6548,6271,6747,8137,7062,5173,7238,4763,5632,6032,7844,5344,5261,6001,5427,7247,5003,4935,5656,5595,8064,7067,6191,4855,6960,5084,4530,7310,6424,7038,6426,6973,5439,5050,6795,5284,5400,5638,6119,5741,4703,5447,4068,6737,4472,4978,6155,5349,7671,4787,6373,6062,4914,6634,5927,6886,6939,8137,7461,5726,5858,7220,6768,6753,4457,6077,5351,6386,6002,7027,6424,6901,5627,5141,5684,6084,6487,8137,6059,5129,5750,5630,6591,4535,6166,6261,6338,5494,5860,4653,5600,5549,6525,4926,6896,7621,4068,6535,6790,5453,5697,5966,5799,5787,4397,7273,7199,5274,4610,6631,5516,6246,5777,6805,6808,5364,4695,4492,6722,4892,5586,5495,6048,4132,6293,6634,6191,5785,6201,6507,4068,8091,6498,5438,5704,6604,5983,4068,8137,5989,7139,5398,7664,6393,6721,5038,7333,6803,7425,5463,5612,8137,5023,5963,7258,6201,6694,5695,6478,4773,7788,5981,5410,6779,5633,4745,4732,6807,5939,5966,7198,4956,5358,5710,6197,6059,5810,6039,5992,5370,5275,6381,5195,4924,5784,5941,8137,5385,7061,6861,4892,6888,4897,4068,6718,4316,6560,5406,7789,7188,5640,5402,4867,5653,5816,5731,6261,6690,6457,5324,4639,7489,5400,5438,5571,4227,5615,5614,6732,6812,6105,7049,6447,6086,6265,5908,5700,5829,4954,6387,5091,6957,5848,6152,6604,6756,4504,5891,6997,4375,6495,4068,5062,6141,4417,5099,4605,7778,6269,6678,5875,5742,4458,5805,5327,6974,7262,7593,6969,5493,4967,6881,6464,4303,6463,6930,6161,5913,5280,4630,6915,5787,5864,7864,6798,6479,6246,7647,7850,7047,6694,4068,6227,5969,6197,7061,4068,5523,6376,5627,4661,6985,6383,5114,6422,6937,6107,6916,6181,5700,4922,6014,6299,6992,5984,6567,5120,5306,5989,5029,6936,6573,6385,6446,8137,5625,4068,6304,6050,5575,5106,5655,6286,5590,8137,5125,5295,4068,6357,4068,5553,5821,5380,7870,7113,7443,5204,7249,6606],num_heads:128,num_heads_kv:1,head_dim:576,head_dim_v:512,causal:0,dtype:bf16.
flash_mla:[D][746,8137]flash_mla,MLA:sparse:decode,is_fp8:1,topk:2048,batch_size:746,seqlen_q:1,seqlen_k:[7896,6508,7097,8137,8001,5108,7068,5948,5997,6519,6248,7580,6875,6225,6553,6441,7621,5893,6420,5233,4068,6766,6981,5347,8137,4622,6148,5911,7660,7596,6259,6486,5199,4087,5748,6261,7353,7324,5708,5794,5035,4657,4366,8085,5583,5656,4827,6892,4460,5885,5191,6495,5582,4901,6073,6537,6169,6409,5456,5733,5418,5736,5275,4346,6282,5693,4444,6572,5179,6154,6843,6233,7260,4846,6511,5405,5216,5513,5785,6159,4917,7018,6575,4539,7615,8030,7300,5919,5013,7174,5691,7345,6313,7095,6464,6820,6112,7918,6231,6510,8017,4731,4809,7087,4908,8078,5681,5341,8057,7607,8001,7023,5226,8044,5829,6918,7065,5944,6726,7039,6484,4983,6405,7450,5395,5949,5659,7982,6785,6516,5318,6650,5416,6134,5455,6789,6688,5890,6504,4990,4585,6548,6271,6747,8137,7062,5173,7238,4763,5632,6032,7844,5344,5261,6001,5427,7247,5003,4935,5656,5595,8064,7067,6191,4855,6960,5084,4530,7310,6424,7038,6426,6973,5439,5050,6795,5284,5400,5638,6119,5741,4703,5447,4068,6737,4472,4978,6155,5349,7671,4787,6373,6062,4914,6634,5927,6886,6939,8137,7461,5726,5858,7220,6768,6753,4457,6077,5351,6386,6002,7027,6424,6901,5627,5141,5684,6084,6487,8137,6059,5129,5750,5630,6591,4535,6166,6261,6338,5494,5860,4653,5600,5549,6525,4926,6896,7621,4068,6535,6790,5453,5697,5966,5799,5787,4397,7273,7199,5274,4610,6631,5516,6246,5777,6805,6808,5364,4695,4492,6722,4892,5586,5495,6048,4132,6293,6634,6191,5785,6201,6507,4068,8091,6498,5438,5704,6604,5983,4068,8137,5989,7139,5398,7664,6393,6721,5038,7333,6803,7425,5463,5612,8137,5023,5963,7258,6201,6694,5695,6478,4773,7788,5981,5410,6779,5633,4745,4732,6807,5939,5966,7198,4956,5358,5710,6197,6059,5810,6039,5992,5370,5275,6381,5195,4924,5784,5941,8137,5385,7061,6861,4892,6888,4897,4068,6718,4316,6560,5406,7789,7188,5640,5402,4867,5653,5816,5731,6261,6690,6457,5324,4639,7489,5400,5438,5571,4227,5615,5614,6732,6812,6105,7049,6447,6086,6265,5908,5700,5829,4954,6387,5091,6957,5848,6152,6604,6756,4504,5891,6997,4375,6495,4068,5062,6141,4417,5099,4605,7778,6269,6678,5875,5742,4458,5805,5327,6974,7262,7593,6969,5493,4967,6881,6464,4303,6463,6930,6161,5913,5280,4630,6915,5787,5864,7864,6798,6479,6246,7647,7850,7047,6694,4068,6227,5969,6197,7061,4068,5523,6376,5627,4661,6985,6383,5114,6422,6937,6107,6916,6181,5700,4922,6014,6299,6992,5984,6567,5120,5306,5989,5029,6936,6573,6385,6446,8137,5625,4068,6304,6050,5575,5106,5655,6286,5590,8137,5125,5295,4068,6357,4068,5553,5821,5380,7870,7113,7443,5204,7249,6606,6886,7148,5177,5670,6979,4068,7641,6664,6055,6326,5054,5746,7220,7422,8137,6026,5432,5579,5066,6022,6491,6067,7216,5863,5748,5510,4441,4507,4902,7425,7012,7500,4747,4099,5430,6280,6609,7167,6391,7874,5875,5173,4392,5197,6348,5198,7054,7538,4068,6980,4068,6510,7347,6167,4800,5506,5835,5916,5895,5990,6319,4872,5855,7646,5710,5650,7198,4068,7303,5459,6268,6199,7060,5829,5412,7421,4068,6122,4731,5327,8137,6056,6300,4290,5360,6301,6462,6729,6110,6637,6563,4241,6139,6882,6701,5731,5282,4964,5968,7254,4117,5430,4942,6900,5538,5623,5881,6554,5702,4068,6654,6548,5878,4999,6459,6487,5623,5881,5156,5920,4525,6526,5141,6344,4672,5501,5989,4413,6219,5716,4330,4776,6717,7012,5967,6513,6329,6437,7409,4569,6789,5713,5873,5794,5720,4854,6288,7801,6044,6100,5403,5982,6576,5725,5640,6512,5168,6358,6936,7485,6010,7492,7153,5088,4863,5791,7148,6028,5491,7680,6393,4068,6424,6630,6331,6559,6033,4761,5724,5140,5153,4817,6562,6201,5646,5441,6078,7199,4068,6485,5547,4185,4123,5173,6325,6501,5147,7136,7549,6504,5500,7245,6870,6984,5434,4068,8137,4463,6065,8137,6438,7067,4574,4294,5560,7211,5749,5293,6303,7202,4632,4870,5299,7215,6340,8137,7054,6066,7388,6317,5385,6793,5393,5806,7452,5998,5285,5629,7141,5540,5708,5583,6289,5709,4472,5199,5153,7366,6928,6699,5588,5272,5585,5032,8137,4068,6675,4795,5995,5097,4904,4942,7886,5966,5323,6667],num_heads:128,num_heads_kv:1,head_dim:576,head_dim_v:512,causal:0,dtype:bf16.
flash_mla:[D][1,19943]flash_mla,MLA:sparse:decode,is_fp8:1,topk:2048,batch_size:1,seqlen_q:1,seqlen_k:[19943],num_heads:128,num_heads_kv:1,head_dim:576,head_dim_v:512,causal:0,dtype:bf16.
flash_mla:[D][2,19943]flash_mla,MLA:sparse:decode,is_fp8:1,topk:2048,batch_size:2,seqlen_q:1,seqlen_k:[19943,16440],num_heads:128,num_heads_kv:1,head_dim:576,head_dim_v:512,causal:0,dtype:bf16.
flash_mla:[D][3,19943]flash_mla,MLA:sparse:decode,is_fp8:1,topk:2048,batch_size:3,seqlen_q:1,seqlen_k:[19943,16440,17926],num_heads:128,num_heads_kv:1,head_dim:576,head_dim_v:512,causal:0,dtype:bf16.
flash_mla:[D][5,20550]flash_mla,MLA:sparse:decode,is_fp8:1,topk:2048,batch_size:5,seqlen_q:1,seqlen_k:[19943,16440,17926,20550,20209],num_heads:128,num_heads_kv:1,head_dim:576,head_dim_v:512,causal:0,dtype:bf16.
flash_mla:[D][7,20550]flash_mla,MLA:sparse:decode,is_fp8:1,topk:2048,batch_size:7,seqlen_q:1,seqlen_k:[19943,16440,17926,20550,20209,12901,17852],num_heads:128,num_heads_kv:1,head_dim:576,head_dim_v:512,causal:0,dtype:bf16.
flash_mla:[D][10,20550]flash_mla,MLA:sparse:decode,is_fp8:1,topk:2048,batch_size:10,seqlen_q:1,seqlen_k:[19943,16440,17926,20550,20209,12901,17852,15023,15146,16466],num_heads:128,num_heads_kv:1,head_dim:576,head_dim_v:512,causal:0,dtype:bf16.
flash_mla:[D][14,20550]flash_mla,MLA:sparse:decode,is_fp8:1,topk:2048,batch_size:14,seqlen_q:1,seqlen_k:[19943,16440,17926,20550,20209,12901,17852,15023,15146,16466,15782,19148,17367,15724],num_heads:128,num_heads_kv:1,head_dim:576,head_dim_v:512,causal:0,dtype:bf16.
flash_mla:[D][21,20550]flash_mla,MLA:sparse:decode,is_fp8:1,topk:2048,batch_size:21,seqlen_q:1,seqlen_k:[19943,16440,17926,20550,20209,12901,17852,15023,15146,16466,15782,19148,17367,15724,16552,16269,19250,14884,16216,13217,10275],num_heads:128,num_heads_kv:1,head_dim:576,head_dim_v:512,causal:0,dtype:bf16.
flash_mla:[D][30,20550]flash_mla,MLA:sparse:decode,is_fp8:1,topk:2048,batch_size:30,seqlen_q:1,seqlen_k:[19943,16440,17926,20550,20209,12901,17852,15023,15146,16466,15782,19148,17367,15724,16552,16269,19250,14884,16216,13217,10275,17091,17632,13505,20550,11675,15529,14931,19349,19186],num_heads:128,num_heads_kv:1,head_dim:576,head_dim_v:512,causal:0,dtype:bf16.
flash_mla:[D][44,20550]flash_mla,MLA:sparse:decode,is_fp8:1,topk:2048,batch_size:44,seqlen_q:1,seqlen_k:[19943,16440,17926,20550,20209,12901,17852,15023,15146,16466,15782,19148,17367,15724,16552,16269,19250,14884,16216,13217,10275,17091,17632,13505,20550,11675,15529,14931,19349,19186,15810,16383,13131,10323,14518,15813,18572,18500,14416,14635,12718,11763,11028,20423],num_heads:128,num_heads_kv:1,head_dim:576,head_dim_v:512,causal:0,dtype:bf16.
flash_mla:[D][65,20550]flash_mla,MLA:sparse:decode,is_fp8:1,topk:2048,batch_size:65,seqlen_q:1,seqlen_k:[19943,16440,17926,20550,20209,12901,17852,15023,15146,16466,15782,19148,17367,15724,16552,16269,19250,14884,16216,13217,10275,17091,17632,13505,20550,11675,15529,14931,19349,19186,15810,16383,13131,10323,14518,15813,18572,18500,14416,14635,12718,11763,11028,20423,14102,14286,12193,17409,11265,14865,13111,16405,14099,12378,15339,16512,15582,16189,13782,14480,13684,14488,13323,10977,15867],num_heads:128,num_heads_kv:1,head_dim:576,head_dim_v:512,causal:0,dtype:bf16.
flash_mla:[D][95,20550]flash_mla,MLA:sparse:decode,is_fp8:1,topk:2048,batch_size:95,seqlen_q:1,seqlen_k:[19943,16440,17926,20550,20209,12901,17852,15023,15146,16466,15782,19148,17367,15724,16552,16269,19250,14884,16216,13217,10275,17091,17632,13505,20550,11675,15529,14931,19349,19186,15810,16383,13131,10323,14518,15813,18572,18500,14416,14635,12718,11763,11028,20423,14102,14286,12193,17409,11265,14865,13111,16405,14099,12378,15339,16512,15582,16189,13782,14480,13684,14488,13323,10977,15867,14379,11224,16600,13081,15545,17285,15743,18339,12239,16445,13652,13174,13924,14611,15556,12418,17726,16608,11465,19235,20282,18440,14949,12661,18120,14376,18552,15947,17920,16327],num_heads:128,num_heads_kv:1,head_dim:576,head_dim_v:512,causal:0,dtype:bf16.
flash_mla:[D][139,20550]flash_mla,MLA:sparse:decode,is_fp8:1,topk:2048,batch_size:139,seqlen_q:1,seqlen_k:[19943,16440,17926,20550,20209,12901,17852,15023,15146,16466,15782,19148,17367,15724,16552,16269,19250,14884,16216,13217,10275,17091,17632,13505,20550,11675,15529,14931,19349,19186,15810,16383,13131,10323,14518,15813,18572,18500,14416,14635,12718,11763,11028,20423,14102,14286,12193,17409,11265,14865,13111,16405,14099,12378,15339,16512,15582,16189,13782,14480,13684,14488,13323,10977,15867,14379,11224,16600,13081,15545,17285,15743,18339,12239,16445,13652,13174,13924,14611,15556,12418,17726,16608,11465,19235,20282,18440,14949,12661,18120,14376,18552,15947,17920,16327,17227,15438,19999,15738,16444,20249,11949,12148,17902,12398,20405,14349,13491,20352,19215,20209,17739,13199,20318,14723,17473,17845,15013,16989,17781,16379,12587,16178,18819,13627,15027,14294,20162,17139,16458,13434,16797,13679,15493,13778,17149,16893,14876,16429],num_heads:128,num_heads_kv:1,head_dim:576,head_dim_v:512,causal:0,dtype:bf16.
flash_mla:[D][203,20550]flash_mla,MLA:sparse:decode,is_fp8:1,topk:2048,batch_size:203,seqlen_q:1,seqlen_k:[19943,16440,17926,20550,20209,12901,17852,15023,15146,16466,15782,19148,17367,15724,16552,16269,19250,14884,16216,13217,10275,17091,17632,13505,20550,11675,15529,14931,19349,19186,15810,16383,13131,10323,14518,15813,18572,18500,14416,14635,12718,11763,11028,20423,14102,14286,12193,17409,11265,14865,13111,16405,14099,12378,15339,16512,15582,16189,13782,14480,13684,14488,13323,10977,15867,14379,11224,16600,13081,15545,17285,15743,18339,12239,16445,13652,13174,13924,14611,15556,12418,17726,16608,11465,19235,20282,18440,14949,12661,18120,14376,18552,15947,17920,16327,17227,15438,19999,15738,16444,20249,11949,12148,17902,12398,20405,14349,13491,20352,19215,20209,17739,13199,20318,14723,17473,17845,15013,16989,17781,16379,12587,16178,18819,13627,15027,14294,20162,17139,16458,13434,16797,13679,15493,13778,17149,16893,14876,16429,12603,11580,16540,15840,17043,20550,17838,13066,18281,12031,14226,15236,19813,13498,13288,15159,13707,18306,12637,12464,14287,14132,20368,17851,15636,12263,17581,12842,11443,18464,16226,17777,16230,17613,13739,12755,17163,13348,13640,14241,15456,14502,11879,13758,10275,17018,11296,12574,15546,13512,19376,12090,16098,15311,12411,16756,14971,17394,17527,20550,18845,14463,14797,18237],num_heads:128,num_heads_kv:1,head_dim:576,head_dim_v:512,causal:0,dtype:bf16.
flash_mla:[D][296,20550]flash_mla,MLA:sparse:decode,is_fp8:1,topk:2048,batch_size:296,seqlen_q:1,seqlen_k:[19943,16440,17926,20550,20209,12901,17852,15023,15146,16466,15782,19148,17367,15724,16552,16269,19250,14884,16216,13217,10275,17091,17632,13505,20550,11675,15529,14931,19349,19186,15810,16383,13131,10323,14518,15813,18572,18500,14416,14635,12718,11763,11028,20423,14102,14286,12193,17409,11265,14865,13111,16405,14099,12378,15339,16512,15582,16189,13782,14480,13684,14488,13323,10977,15867,14379,11224,16600,13081,15545,17285,15743,18339,12239,16445,13652,13174,13924,14611,15556,12418,17726,16608,11465,19235,20282,18440,14949,12661,18120,14376,18552,15947,17920,16327,17227,15438,19999,15738,16444,20249,11949,12148,17902,12398,20405,14349,13491,20352,19215,20209,17739,13199,20318,14723,17473,17845,15013,16989,17781,16379,12587,16178,18819,13627,15027,14294,20162,17139,16458,13434,16797,13679,15493,13778,17149,16893,14876,16429,12603,11580,16540,15840,17043,20550,17838,13066,18281,12031,14226,15236,19813,13498,13288,15159,13707,18306,12637,12464,14287,14132,20368,17851,15636,12263,17581,12842,11443,18464,16226,17777,16230,17613,13739,12755,17163,13348,13640,14241,15456,14502,11879,13758,10275,17018,11296,12574,15546,13512,19376,12090,16098,15311,12411,16756,14971,17394,17527,20550,18845,14463,14797,18237,17095,17056,11258,15349,13515,16131,15159,17750,16226,17432,14213,12985,14358,15368,16386,20550,15303,12956,14523,14221,16648,11453,15574,15814,16008,13877,14800,11753,14144,14017,16480,12441,17418,19251,10275,16507,17150,13774,14391,15070,14646,14618,11106,18372,18185,13322,11644,16750,13932,15776,14591,17188,17196,13547,11858,11345,16980,12357,14109,13880,15276,10437,15896,16757,15639,14613,15662,16437,10275,20436,16414,13735,14407,16680,15113,10275,20550,15128,18032,13634,19358,16147,16976,12726,18523,17184,18756,13798,14176,20550,12688,15062,18332],num_heads:128,num_heads_kv:1,head_dim:576,head_dim_v:512,causal:0,dtype:bf16.
flash_mla:[D][1,50367]flash_mla,MLA:sparse:decode,is_fp8:1,topk:2048,batch_size:1,seqlen_q:1,seqlen_k:[50367],num_heads:128,num_heads_kv:1,head_dim:576,head_dim_v:512,causal:0,dtype:bf16.
flash_mla:[D][2,50367]flash_mla,MLA:sparse:decode,is_fp8:1,topk:2048,batch_size:2,seqlen_q:1,seqlen_k:[50367,41519],num_heads:128,num_heads_kv:1,head_dim:576,head_dim_v:512,causal:0,dtype:bf16.
flash_mla:[D][3,50367]flash_mla,MLA:sparse:decode,is_fp8:1,topk:2048,batch_size:3,seqlen_q:1,seqlen_k:[50367,41519,45273],num_heads:128,num_heads_kv:1,head_dim:576,head_dim_v:512,causal:0,dtype:bf16.
flash_mla:[D][4,51899]flash_mla,MLA:sparse:decode,is_fp8:1,topk:2048,batch_size:4,seqlen_q:1,seqlen_k:[50367,41519,45273,51899],num_heads:128,num_heads_kv:1,head_dim:576,head_dim_v:512,causal:0,dtype:bf16.
flash_mla:[D][5,51899]flash_mla,MLA:sparse:decode,is_fp8:1,topk:2048,batch_size:5,seqlen_q:1,seqlen_k:[50367,41519,45273,51899,51038],num_heads:128,num_heads_kv:1,head_dim:576,head_dim_v:512,causal:0,dtype:bf16.
flash_mla:[D][7,51899]flash_mla,MLA:sparse:decode,is_fp8:1,topk:2048,batch_size:7,seqlen_q:1,seqlen_k:[50367,41519,45273,51899,51038,32584,45087],num_heads:128,num_heads_kv:1,head_dim:576,head_dim_v:512,causal:0,dtype:bf16.
flash_mla:[D][9,51899]flash_mla,MLA:sparse:decode,is_fp8:1,topk:2048,batch_size:9,seqlen_q:1,seqlen_k:[50367,41519,45273,51899,51038,32584,45087,37942,38254],num_heads:128,num_heads_kv:1,head_dim:576,head_dim_v:512,causal:0,dtype:bf16.
flash_mla:[D][13,51899]flash_mla,MLA:sparse:decode,is_fp8:1,topk:2048,batch_size:13,seqlen_q:1,seqlen_k:[50367,41519,45273,51899,51038,32584,45087,37942,38254,41587,39858,48357,43860],num_heads:128,num_heads_kv:1,head_dim:576,head_dim_v:512,causal:0,dtype:bf16.
flash_mla:[D][17,51899]flash_mla,MLA:sparse:decode,is_fp8:1,topk:2048,batch_size:17,seqlen_q:1,seqlen_k:[50367,41519,45273,51899,51038,32584,45087,37942,38254,41587,39858,48357,43860,39713,41803,41088,48616],num_heads:128,num_heads_kv:1,head_dim:576,head_dim_v:512,causal:0,dtype:bf16.
flash_mla:[D][24,51899]flash_mla,MLA:sparse:decode,is_fp8:1,topk:2048,batch_size:24,seqlen_q:1,seqlen_k:[50367,41519,45273,51899,51038,32584,45087,37942,38254,41587,39858,48357,43860,39713,41803,41088,48616,37593,40954,33383,25949,43164,44531,34109],num_heads:128,num_heads_kv:1,head_dim:576,head_dim_v:512,causal:0,dtype:bf16.
flash_mla:[D][33,51899]flash_mla,MLA:sparse:decode,is_fp8:1,topk:2048,batch_size:33,seqlen_q:1,seqlen_k:[50367,41519,45273,51899,51038,32584,45087,37942,38254,41587,39858,48357,43860,39713,41803,41088,48616,37593,40954,33383,25949,43164,44531,34109,51899,29489,39220,37709,48867,48455,39929,41377,33164],num_heads:128,num_heads_kv:1,head_dim:576,head_dim_v:512,causal:0,dtype:bf16.
flash_mla:[D][45,51899]flash_mla,MLA:sparse:decode,is_fp8:1,topk:2048,batch_size:45,seqlen_q:1,seqlen_k:[50367,41519,45273,51899,51038,32584,45087,37942,38254,41587,39858,48357,43860,39713,41803,41088,48616,37593,40954,33383,25949,43164,44531,34109,51899,29489,39220,37709,48867,48455,39929,41377,33164,26074,36667,39938,46904,46723,36411,36962,32122,29712,27855,51578,35617],num_heads:128,num_heads_kv:1,head_dim:576,head_dim_v:512,causal:0,dtype:bf16.
flash_mla:[D][62,51899]flash_mla,MLA:sparse:decode,is_fp8:1,topk:2048,batch_size:62,seqlen_q:1,seqlen_k:[50367,41519,45273,51899,51038,32584,45087,37942,38254,41587,39858,48357,43860,39713,41803,41088,48616,37593,40954,33383,25949,43164,44531,34109,51899,29489,39220,37709,48867,48455,39929,41377,33164,26074,36667,39938,46904,46723,36411,36962,32122,29712,27855,51578,35617,36082,30797,43967,28454,37543,33115,41433,35610,31265,38741,41702,39355,40886,34809,36570,34561,36591],num_heads:128,num_heads_kv:1,head_dim:576,head_dim_v:512,causal:0,dtype:bf16.
flash_mla:[D][85,51899]flash_mla,MLA:sparse:decode,is_fp8:1,topk:2048,batch_size:85,seqlen_q:1,seqlen_k:[50367,41519,45273,51899,51038,32584,45087,37942,38254,41587,39858,48357,43860,39713,41803,41088,48616,37593,40954,33383,25949,43164,44531,34109,51899,29489,39220,37709,48867,48455,39929,41377,33164,26074,36667,39938,46904,46723,36411,36962,32122,29712,27855,51578,35617,36082,30797,43967,28454,37543,33115,41433,35610,31265,38741,41702,39355,40886,34809,36570,34561,36591,33649,27725,40074,36317,28348,41926,33038,39260,43653,39760,46315,30913,41533,34481,33275,35169,36902,39288,31365,44767,41944,28958,48578],num_heads:128,num_heads_kv:1,head_dim:576,head_dim_v:512,causal:0,dtype:bf16.
flash_mla:[D][117,51899]flash_mla,MLA:sparse:decode,is_fp8:1,topk:2048,batch_size:117,seqlen_q:1,seqlen_k:[50367,41519,45273,51899,51038,32584,45087,37942,38254,41587,39858,48357,43860,39713,41803,41088,48616,37593,40954,33383,25949,43164,44531,34109,51899,29489,39220,37709,48867,48455,39929,41377,33164,26074,36667,39938,46904,46723,36411,36962,32122,29712,27855,51578,35617,36082,30797,43967,28454,37543,33115,41433,35610,31265,38741,41702,39355,40886,34809,36570,34561,36591,33649,27725,40074,36317,28348,41926,33038,39260,43653,39760,46315,30913,41533,34481,33275,35169,36902,39288,31365,44767,41944,28958,48578,51222,46570,37756,31978,45764,36308,46854,40275,45259,41235,43507,38992,50508,39747,41531,51139,30181,30682,45212,31313,51532,36240,34075,51398,48528,51038,44801,33337,51314,37185,44129,45068],num_heads:128,num_heads_kv:1,head_dim:576,head_dim_v:512,causal:0,dtype:bf16.
flash_mla:[D][1,127206]flash_mla,MLA:sparse:decode,is_fp8:1,topk:2048,batch_size:1,seqlen_q:1,seqlen_k:[127206],num_heads:128,num_heads_kv:1,head_dim:576,head_dim_v:512,causal:0,dtype:bf16.
flash_mla:[D][2,127206]flash_mla,MLA:sparse:decode,is_fp8:1,topk:2048,batch_size:2,seqlen_q:1,seqlen_k:[127206,104860],num_heads:128,num_heads_kv:1,head_dim:576,head_dim_v:512,causal:0,dtype:bf16.
flash_mla:[D][3,127206]flash_mla,MLA:sparse:decode,is_fp8:1,topk:2048,batch_size:3,seqlen_q:1,seqlen_k:[127206,104860,114339],num_heads:128,num_heads_kv:1,head_dim:576,head_dim_v:512,causal:0,dtype:bf16.
flash_mla:[D][4,131072]flash_mla,MLA:sparse:decode,is_fp8:1,topk:2048,batch_size:4,seqlen_q:1,seqlen_k:[127206,104860,114339,131072],num_heads:128,num_heads_kv:1,head_dim:576,head_dim_v:512,causal:0,dtype:bf16.
flash_mla:[D][5,131072]flash_mla,MLA:sparse:decode,is_fp8:1,topk:2048,batch_size:5,seqlen_q:1,seqlen_k:[127206,104860,114339,131072,128902],num_heads:128,num_heads_kv:1,head_dim:576,head_dim_v:512,causal:0,dtype:bf16.
flash_mla:[D][6,131072]flash_mla,MLA:sparse:decode,is_fp8:1,topk:2048,batch_size:6,seqlen_q:1,seqlen_k:[127206,104860,114339,131072,128902,82292],num_heads:128,num_heads_kv:1,head_dim:576,head_dim_v:512,causal:0,dtype:bf16.
flash_mla:[D][8,131072]flash_mla,MLA:sparse:decode,is_fp8:1,topk:2048,batch_size:8,seqlen_q:1,seqlen_k:[127206,104860,114339,131072,128902,82292,113870,95824],num_heads:128,num_heads_kv:1,head_dim:576,head_dim_v:512,causal:0,dtype:bf16.
flash_mla:[D][10,131072]flash_mla,MLA:sparse:decode,is_fp8:1,topk:2048,batch_size:10,seqlen_q:1,seqlen_k:[127206,104860,114339,131072,128902,82292,113870,95824,96612,105031],num_heads:128,num_heads_kv:1,head_dim:576,head_dim_v:512,causal:0,dtype:bf16.
flash_mla:[D][13,131072]flash_mla,MLA:sparse:decode,is_fp8:1,topk:2048,batch_size:13,seqlen_q:1,seqlen_k:[127206,104860,114339,131072,128902,82292,113870,95824,96612,105031,100664,122130,110772],num_heads:128,num_heads_kv:1,head_dim:576,head_dim_v:512,causal:0,dtype:bf16.
flash_mla:[D][17,131072]flash_mla,MLA:sparse:decode,is_fp8:1,topk:2048,batch_size:17,seqlen_q:1,seqlen_k:[127206,104860,114339,131072,128902,82292,113870,95824,96612,105031,100664,122130,110772,100297,105576,103770,122782],num_heads:128,num_heads_kv:1,head_dim:576,head_dim_v:512,causal:0,dtype:bf16.
flash_mla:[D][21,131072]flash_mla,MLA:sparse:decode,is_fp8:1,topk:2048,batch_size:21,seqlen_q:1,seqlen_k:[127206,104860,114339,131072,128902,82292,113870,95824,96612,105031,100664,122130,110772,100297,105576,103770,122782,94942,103433,84310,65536],num_heads:128,num_heads_kv:1,head_dim:576,head_dim_v:512,causal:0,dtype:bf16.
flash_mla:[D][28,131072]flash_mla,MLA:sparse:decode,is_fp8:1,topk:2048,batch_size:28,seqlen_q:1,seqlen_k:[127206,104860,114339,131072,128902,82292,113870,95824,96612,105031,100664,122130,110772,100297,105576,103770,122782,94942,103433,84310,65536,109012,112466,86144,131072,74475,99053,95237],num_heads:128,num_heads_kv:1,head_dim:576,head_dim_v:512,causal:0,dtype:bf16.
flash_mla:[D][36,131072]flash_mla,MLA:sparse:decode,is_fp8:1,topk:2048,batch_size:36,seqlen_q:1,seqlen_k:[127206,104860,114339,131072,128902,82292,113870,95824,96612,105031,100664,122130,110772,100297,105576,103770,122782,94942,103433,84310,65536,109012,112466,86144,131072,74475,99053,95237,123417,122377,100842,104499,83758,65850,92603,100865],num_heads:128,num_heads_kv:1,head_dim:576,head_dim_v:512,causal:0,dtype:bf16.
flash_mla:[D][46,131072]flash_mla,MLA:sparse:decode,is_fp8:1,topk:2048,batch_size:46,seqlen_q:1,seqlen_k:[127206,104860,114339,131072,128902,82292,113870,95824,96612,105031,100664,122130,110772,100297,105576,103770,122782,94942,103433,84310,65536,109012,112466,86144,131072,74475,99053,95237,123417,122377,100842,104499,83758,65850,92603,100865,118461,118003,91958,93351,81124,75038,70348,130265,89953,91126],num_heads:128,num_heads_kv:1,head_dim:576,head_dim_v:512,causal:0,dtype:bf16.
flash_mla:[D][1,194]flash_mla,MLA:sparse:decode,is_fp8:1,topk:2048,batch_size:1,seqlen_q:2,seqlen_k:[194],num_heads:128,num_heads_kv:1,head_dim:576,head_dim_v:512,causal:0,dtype:bf16.
flash_mla:[D][2,194]flash_mla,MLA:sparse:decode,is_fp8:1,topk:2048,batch_size:2,seqlen_q:2,seqlen_k:[194,160],num_heads:128,num_heads_kv:1,head_dim:576,head_dim_v:512,causal:0,dtype:bf16.
flash_mla:[D][3,194]flash_mla,MLA:sparse:decode,is_fp8:1,topk:2048,batch_size:3,seqlen_q:2,seqlen_k:[194,160,174],num_heads:128,num_heads_kv:1,head_dim:576,head_dim_v:512,causal:0,dtype:bf16.
flash_mla:[D][4,200]flash_mla,MLA:sparse:decode,is_fp8:1,topk:2048,batch_size:4,seqlen_q:2,seqlen_k:[194,160,174,200],num_heads:128,num_heads_kv:1,head_dim:576,head_dim_v:512,causal:0,dtype:bf16.
flash_mla:[D][7,200]flash_mla,MLA:sparse:decode,is_fp8:1,topk:2048,batch_size:7,seqlen_q:2,seqlen_k:[194,160,174,200,196,125,173],num_heads:128,num_heads_kv:1,head_dim:576,head_dim_v:512,causal:0,dtype:bf16.
flash_mla:[D][11,200]flash_mla,MLA:sparse:decode,is_fp8:1,topk:2048,batch_size:11,seqlen_q:2,seqlen_k:[194,160,174,200,196,125,173,146,147,160,153],num_heads:128,num_heads_kv:1,head_dim:576,head_dim_v:512,causal:0,dtype:bf16.
flash_mla:[D][19,200]flash_mla,MLA:sparse:decode,is_fp8:1,topk:2048,batch_size:19,seqlen_q:2,seqlen_k:[194,160,174,200,196,125,173,146,147,160,153,186,169,153,161,158,187,144,157],num_heads:128,num_heads_kv:1,head_dim:576,head_dim_v:512,causal:0,dtype:bf16.
flash_mla:[D][30,200]flash_mla,MLA:sparse:decode,is_fp8:1,topk:2048,batch_size:30,seqlen_q:2,seqlen_k:[194,160,174,200,196,125,173,146,147,160,153,186,169,153,161,158,187,144,157,128,100,166,171,131,200,113,151,145,188,186],num_heads:128,num_heads_kv:1,head_dim:576,head_dim_v:512,causal:0,dtype:bf16.
flash_mla:[D][49,200]flash_mla,MLA:sparse:decode,is_fp8:1,topk:2048,batch_size:49,seqlen_q:2,seqlen_k:[194,160,174,200,196,125,173,146,147,160,153,186,169,153,161,158,187,144,157,128,100,166,171,131,200,113,151,145,188,186,153,159,127,100,141,153,180,180,140,142,123,114,107,198,137,139,118,169,109],num_heads:128,num_heads_kv:1,head_dim:576,head_dim_v:512,causal:0,dtype:bf16.
flash_mla:[D][80,200]flash_mla,MLA:sparse:decode,is_fp8:1,topk:2048,batch_size:80,seqlen_q:2,seqlen_k:[194,160,174,200,196,125,173,146,147,160,153,186,169,153,161,158,187,144,157,128,100,166,171,131,200,113,151,145,188,186,153,159,127,100,141,153,180,180,140,142,123,114,107,198,137,139,118,169,109,144,127,159,137,120,149,160,151,157,134,140,133,141,129,106,154,139,109,161,127,151,168,153,178,119,160,132,128,135,142,151],num_heads:128,num_heads_kv:1,head_dim:576,head_dim_v:512,causal:0,dtype:bf16.
flash_mla:[D][131,200]flash_mla,MLA:sparse:decode,is_fp8:1,topk:2048,batch_size:131,seqlen_q:2,seqlen_k:[194,160,174,200,196,125,173,146,147,160,153,186,169,153,161,158,187,144,157,128,100,166,171,131,200,113,151,145,188,186,153,159,127,100,141,153,180,180,140,142,123,114,107,198,137,139,118,169,109,144,127,159,137,120,149,160,151,157,134,140,133,141,129,106,154,139,109,161,127,151,168,153,178,119,160,132,128,135,142,151,120,172,161,111,187,197,179,145,123,176,139,180,155,174,158,167,150,194,153,160,197,116,118,174,120,198,139,131,198,187,196,172,128,197,143,170,173,146,165,173,159,122,157,183,132,146,139,196,166,160,130],num_heads:128,num_heads_kv:1,head_dim:576,head_dim_v:512,causal:0,dtype:bf16.
flash_mla:[D][213,200]flash_mla,MLA:sparse:decode,is_fp8:1,topk:2048,batch_size:213,seqlen_q:2,seqlen_k:[194,160,174,200,196,125,173,146,147,160,153,186,169,153,161,158,187,144,157,128,100,166,171,131,200,113,151,145,188,186,153,159,127,100,141,153,180,180,140,142,123,114,107,198,137,139,118,169,109,144,127,159,137,120,149,160,151,157,134,140,133,141,129,106,154,139,109,161,127,151,168,153,178,119,160,132,128,135,142,151,120,172,161,111,187,197,179,145,123,176,139,180,155,174,158,167,150,194,153,160,197,116,118,174,120,198,139,131,198,187,196,172,128,197,143,170,173,146,165,173,159,122,157,183,132,146,139,196,166,160,130,163,133,150,134,166,164,144,159,122,112,160,154,165,200,173,127,177,117,138,148,192,131,129,147,133,178,123,121,139,137,198,173,152,119,171,124,111,179,157,173,157,171,133,124,167,129,132,138,150,141,115,133,100,165,109,122,151,131,188,117,156,149,120,163,145,169,170,200,183,140,144,177,166,166,109,149,131,156,147,172,157,169],num_heads:128,num_heads_kv:1,head_dim:576,head_dim_v:512,causal:0,dtype:bf16.
flash_mla:[D][346,200]flash_mla,MLA:sparse:decode,is_fp8:1,topk:2048,batch_size:346,seqlen_q:2,seqlen_k:[194,160,174,200,196,125,173,146,147,160,153,186,169,153,161,158,187,144,157,128,100,166,171,131,200,113,151,145,188,186,153,159,127,100,141,153,180,180,140,142,123,114,107,198,137,139,118,169,109,144,127,159,137,120,149,160,151,157,134,140,133,141,129,106,154,139,109,161,127,151,168,153,178,119,160,132,128,135,142,151,120,172,161,111,187,197,179,145,123,176,139,180,155,174,158,167,150,194,153,160,197,116,118,174,120,198,139,131,198,187,196,172,128,197,143,170,173,146,165,173,159,122,157,183,132,146,139,196,166,160,130,163,133,150,134,166,164,144,159,122,112,160,154,165,200,173,127,177,117,138,148,192,131,129,147,133,178,123,121,139,137,198,173,152,119,171,124,111,179,157,173,157,171,133,124,167,129,132,138,150,141,115,133,100,165,109,122,151,131,188,117,156,149,120,163,145,169,170,200,183,140,144,177,166,166,109,149,131,156,147,172,157,169,138,126,139,149,159,200,148,126,141,138,162,111,151,153,155,135,144,114,137,136,160,121,169,187,100,160,166,134,140,146,142,142,108,178,176,129,113,163,135,153,142,167,167,131,115,110,165,120,137,135,148,101,154,163,152,142,152,159,100,198,159,133,140,162,147,100,200,147,175,132,188,157,165,123,180,167,182,134,137,200,123,146,178,152,164,140,159,117,191,147,132,166,138,116,116,167,146,146,176,121,131,140,152,148,142,148,147,132,129,156,127,121,142,146,200,132,173,168,120,169,120,100,165,106,161,132,191,176,138,132,119,138,142],num_heads:128,num_heads_kv:1,head_dim:576,head_dim_v:512,causal:0,dtype:bf16.
flash_mla:[D][563,200]flash_mla,MLA:sparse:decode,is_fp8:1,topk:2048,batch_size:563,seqlen_q:2,seqlen_k:[194,160,174,200,196,125,173,146,147,160,153,186,169,153,161,158,187,144,157,128,100,166,171,131,200,113,151,145,188,186,153,159,127,100,141,153,180,180,140,142,123,114,107,198,137,139,118,169,109,144,127,159,137,120,149,160,151,157,134,140,133,141,129,106,154,139,109,161,127,151,168,153,178,119,160,132,128,135,142,151,120,172,161,111,187,197,179,145,123,176,139,180,155,174,158,167,150,194,153,160,197,116,118,174,120,198,139,131,198,187,196,172,128,197,143,170,173,146,165,173,159,122,157,183,132,146,139,196,166,160,130,163,133,150,134,166,164,144,159,122,112,160,154,165,200,173,127,177,117,138,148,192,131,129,147,133,178,123,121,139,137,198,173,152,119,171,124,111,179,157,173,157,171,133,124,167,129,132,138,150,141,115,133,100,165,109,122,151,131,188,117,156,149,120,163,145,169,170,200,183,140,144,177,166,166,109,149,131,156,147,172,157,169,138,126,139,149,159,200,148,126,141,138,162,111,151,153,155,135,144,114,137,136,160,121,169,187,100,160,166,134,140,146,142,142,108,178,176,129,113,163,135,153,142,167,167,131,115,110,165,120,137,135,148,101,154,163,152,142,152,159,100,198,159,133,140,162,147,100,200,147,175,132,188,157,165,123,180,167,182,134,137,200,123,146,178,152,164,140,159,117,191,147,132,166,138,116,116,167,146,146,176,121,131,140,152,148,142,148,147,132,129,156,127,121,142,146,200,132,173,168,120,169,120,100,165,106,161,132,191,176,138,132,119,138,142,140,153,164,158,130,114,184,132,133,136,103,138,138,165,167,150,173,158,149,154,145,140,143,121,157,125,171,143,151,162,166,110,144,172,107,159,100,124,150,108,125,113,191,154,164,144,141,109,142,130,171,178,186,171,135,122,169,158,105,158,170,151,145,129,113,170,142,144,193,167,159,153,187,192,173,164,100,153,146,152,173,100,135,156,138,114,171,156,125,157,170,150,170,151,140,121,147,154,171,147,161,125,130,147,123,170,161,156,158,200,138,100,154,148,137,125,139,154,137,200,125,130,100,156,100,136,143,132,193,174,182,127,178,162,169,175,127,139,171,100,187,163,148,155,124,141,177,182,200,148,133,137,124,148,159,149,177,144,141,135,109,110,120,182,172,184,116,100,133,154,162,176,157,193,144,127,107,127,156,127,173,185,100,171,100,160,180,151,118,135,143,145,144,147,155,119,143,187,140,138,176,100,179,134,154,152,173,143,133,182,100,150,116,130,200,148,154],num_heads:128,num_heads_kv:1,head_dim:576,head_dim_v:512,causal:0,dtype:bf16.
flash_mla:[D][917,200]flash_mla,MLA:sparse:decode,is_fp8:1,topk:2048,batch_size:917,seqlen_q:2,seqlen_k:[194,160,174,200,196,125,173,146,147,160,153,186,169,153,161,158,187,144,157,128,100,166,171,131,200,113,151,145,188,186,153,159,127,100,141,153,180,180,140,142,123,114,107,198,137,139,118,169,109,144,127,159,137,120,149,160,151,157,134,140,133,141,129,106,154,139,109,161,127,151,168,153,178,119,160,132,128,135,142,151,120,172,161,111,187,197,179,145,123,176,139,180,155,174,158,167,150,194,153,160,197,116,118,174,120,198,139,131,198,187,196,172,128,197,143,170,173,146,165,173,159,122,157,183,132,146,139,196,166,160,130,163,133,150,134,166,164,144,159,122,112,160,154,165,200,173,127,177,117,138,148,192,131,129,147,133,178,123,121,139,137,198,173,152,119,171,124,111,179,157,173,157,171,133,124,167,129,132,138,150,141,115,133,100,165,109,122,151,131,188,117,156,149,120,163,145,169,170,200,183,140,144,177,166,166,109,149,131,156,147,172,157,169,138,126,139,149,159,200,148,126,141,138,162,111,151,153,155,135,144,114,137,136,160,121,169,187,100,160,166,134,140,146,142,142,108,178,176,129,113,163,135,153,142,167,167,131,115,110,165,120,137,135,148,101,154,163,152,142,152,159,100,198,159,133,140,162,147,100,200,147,175,132,188,157,165,123,180,167,182,134,137,200,123,146,178,152,164,140,159,117,191,147,132,166,138,116,116,167,146,146,176,121,131,140,152,148,142,148,147,132,129,156,127,121,142,146,200,132,173,168,120,169,120,100,165,106,161,132,191,176,138,132,119,138,142,140,153,164,158,130,114,184,132,133,136,103,138,138,165,167,150,173,158,149,154,145,140,143,121,157,125,171,143,151,162,166,110,144,172,107,159,100,124,150,108,125,113,191,154,164,144,141,109,142,130,171,178,186,171,135,122,169,158,105,158,170,151,145,129,113,170,142,144,193,167,159,153,187,192,173,164,100,153,146,152,173,100,135,156,138,114,171,156,125,157,170,150,170,151,140,121,147,154,171,147,161,125,130,147,123,170,161,156,158,200,138,100,154,148,137,125,139,154,137,200,125,130,100,156,100,136,143,132,193,174,182,127,178,162,169,175,127,139,171,100,187,163,148,155,124,141,177,182,200,148,133,137,124,148,159,149,177,144,141,135,109,110,120,182,172,184,116,100,133,154,162,176,157,193,144,127,107,127,156,127,173,185,100,171,100,160,180,151,118,135,143,145,144,147,155,119,143,187,140,138,176,100,179,134,154,152,173,143,133,182,100,150,116,130,200,148,154,105,131,154,158,165,150,163,161,104,150,169,164,140,129,122,146,178,101,133,121,169,136,138,144,161,140,100,163,160,144,122,158,159,138,144,126,145,111,160,126,155,114,135,147,108,152,140,106,117,165,172,146,160,155,158,182,112,166,140,144,142,140,119,154,191,148,149,132,147,161,140,138,160,127,156,170,183,147,184,175,125,119,142,175,148,134,188,157,100,157,163,155,161,148,117,140,126,126,118,161,152,138,133,149,176,100,159,136,102,101,127,155,159,126,175,185,159,135,178,168,171,133,100,200,109,149,200,158,173,112,105,136,177,141,130,154,177,113,119,130,177,155,200,173,149,181,155,132,166,132,142,183,147,129,138,175,136,140,137,154,140,109,127,126,181,170,164,137,129,137,123,200,100,164,117,147,125,120,121,193,146,130,163,150,168,104,157,169,108,161,192,149,170,166,132,150,110,138,156,168,150,167,122,147,150,196,144,137,150,127,154,140,105,148,142,109,148,187,163,165,116,161,153,163,160,116,148,131,148,127,182,128,127,151,123,139,129,185,169,148,140,173,160,162,149,107,147,136,166,175,133,161,193,133,192,128,150,149,150,129,135,133,158,158,200,184,137,158,174,150,148,151,171,128,141,161,157,155,140,174,200,160,145,168,136,131,150,100,121,141,116,124,139,108,139,136,150,178,154,150,152,155,124,147,157,115,171,177,134,143,128,167,123,144,128,151,105,183,125,151,144,130,127,173,136,156,129,133,161,173,145,114,199,128,111,200,139,113,132,159,154,128,195,136,120,174,183,129,114,175,100,119,174,148],num_heads:128,num_heads_kv:1,head_dim:576,head_dim_v:512,causal:0,dtype:bf16.
flash_mla:[D][1492,200]flash_mla,MLA:sparse:decode,is_fp8:1,topk:2048,batch_size:1492,seqlen_q:2,seqlen_k:[194,160,174,200,196,125,173,146,147,160,153,186,169,153,161,158,187,144,157,128,100,166,171,131,200,113,151,145,188,186,153,159,127,100,141,153,180,180,140,142,123,114,107,198,137,139,118,169,109,144,127,159,137,120,149,160,151,157,134,140,133,141,129,106,154,139,109,161,127,151,168,153,178,119,160,132,128,135,142,151,120,172,161,111,187,197,179,145,123,176,139,180,155,174,158,167,150,194,153,160,197,116,118,174,120,198,139,131,198,187,196,172,128,197,143,170,173,146,165,173,159,122,157,183,132,146,139,196,166,160,130,163,133,150,134,166,164,144,159,122,112,160,154,165,200,173,127,177,117,138,148,192,131,129,147,133,178,123,121,139,137,198,173,152,119,171,124,111,179,157,173,157,171,133,124,167,129,132,138,150,141,115,133,100,165,109,122,151,131,188,117,156,149,120,163,145,169,170,200,183,140,144,177,166,166,109,149,131,156,147,172,157,169,138,126,139,149,159,200,148,126,141,138,162,111,151,153,155,135,144,114,137,136,160,121,169,187,100,160,166,134,140,146,142,142,108,178,176,129,113,163,135,153,142,167,167,131,115,110,165,120,137,135,148,101,154,163,152,142,152,159,100,198,159,133,140,162,147,100,200,147,175,132,188,157,165,123,180,167,182,134,137,200,123,146,178,152,164,140,159,117,191,147,132,166,138,116,116,167,146,146,176,121,131,140,152,148,142,148,147,132,129,156,127,121,142,146,200,132,173,168,120,169,120,100,165,106,161,132,191,176,138,132,119,138,142,140,153,164,158,130,114,184,132,133,136,103,138,138,165,167,150,173,158,149,154,145,140,143,121,157,125,171,143,151,162,166,110,144,172,107,159,100,124,150,108,125,113,191,154,164,144,141,109,142,130,171,178,186,171,135,122,169,158,105,158,170,151,145,129,113,170,142,144,193,167,159,153,187,192,173,164,100,153,146,152,173,100,135,156,138,114,171,156,125,157,170,150,170,151,140,121,147,154,171,147,161,125,130,147,123,170,161,156,158,200,138,100,154,148,137,125,139,154,137,200,125,130,100,156,100,136,143,132,193,174,182,127,178,162,169,175,127,139,171,100,187,163,148,155,124,141,177,182,200,148,133,137,124,148,159,149,177,144,141,135,109,110,120,182,172,184,116,100,133,154,162,176,157,193,144,127,107,127,156,127,173,185,100,171,100,160,180,151,118,135,143,145,144,147,155,119,143,187,140,138,176,100,179,134,154,152,173,143,133,182,100,150,116,130,200,148,154,105,131,154,158,165,150,163,161,104,150,169,164,140,129,122,146,178,101,133,121,169,136,138,144,161,140,100,163,160,144,122,158,159,138,144,126,145,111,160,126,155,114,135,147,108,152,140,106,117,165,172,146,160,155,158,182,112,166,140,144,142,140,119,154,191,148,149,132,147,161,140,138,160,127,156,170,183,147,184,175,125,119,142,175,148,134,188,157,100,157,163,155,161,148,117,140,126,126,118,161,152,138,133,149,176,100,159,136,102,101,127,155,159,126,175,185,159,135,178,168,171,133,100,200,109,149,200,158,173,112,105,136,177,141,130,154,177,113,119,130,177,155,200,173,149,181,155,132,166,132,142,183,147,129,138,175,136,140,137,154,140,109,127,126,181,170,164,137,129,137,123,200,100,164,117,147,125,120,121,193,146,130,163,150,168,104,157,169,108,161,192,149,170,166,132,150,110,138,156,168,150,167,122,147,150,196,144,137,150,127,154,140,105,148,142,109,148,187,163,165,116,161,153,163,160,116,148,131,148,127,182,128,127,151,123,139,129,185,169,148,140,173,160,162,149,107,147,136,166,175,133,161,193,133,192,128,150,149,150,129,135,133,158,158,200,184,137,158,174,150,148,151,171,128,141,161,157,155,140,174,200,160,145,168,136,131,150,100,121,141,116,124,139,108,139,136,150,178,154,150,152,155,124,147,157,115,171,177,134,143,128,167,123,144,128,151,105,183,125,151,144,130,127,173,136,156,129,133,161,173,145,114,199,128,111,200,139,113,132,159,154,128,195,136,120,174,183,129,114,175,100,119,174,148,143,158,146,117,181,183,155,151,200,143,143,159,186,189,143,157,115,142,128,124,192,130,136,159,182,162,200,148,156,156,185,162,147,126,156,185,139,163,156,171,129,200,118,140,173,157,170,137,148,150,189,167,169,133,174,155,184,200,142,139,128,146,140,158,146,140,176,126,160,139,168,184,142,161,154,130,156,157,160,145,152,121,141,163,172,139,152,155,155,163,104,148,155,124,191,154,189,130,127,155,108,155,152,175,167,139,122,192,130,123,122,177,137,131,153,144,133,168,176,174,169,160,105,191,157,165,177,185,160,160,135,150,128,132,127,146,176,200,154,116,181,142,133,155,118,155,147,152,159,151,150,157,160,124,114,148,114,152,173,165,123,128,158,139,142,164,125,139,129,123,128,166,151,128,144,109,131,200,147,168,148,158,166,122,149,189,130,135,142,156,163,181,162,148,181,167,112,200,194,145,159,183,145,168,177,124,134,173,161,173,146,142,100,121,151,170,163,146,143,155,151,185,153,112,118,187,120,169,143,145,146,180,145,149,111,155,163,155,184,151,157,191,111,138,185,173,166,170,158,190,159,155,153,154,121,169,146,195,148,160,156,134,174,197,149,142,141,102,145,156,176,174,139,143,178,145,137,184,175,150,135,100,164,127,100,189,166,121,119,171,128,182,165,163,160,154,172,138,152,168,164,120,137,156,139,194,140,145,169,158,146,131,157,175,161,130,193,113,110,174,155,136,122,200,152,163,157,160,163,168,140,142,106,130,156,176,164,141,118,100,178,135,138,153,114,141,200,162,158,110,200,114,198,100,185,190,129,160,163,129,113,117,163,147,135,174,162,131,119,163,136,152,189,162,128,154,126,190,135,155,157,153,101,113,138,157,146,126,116,139,138,162,141,165,135,143,141,130,165,129,136,148,117,141,132,140,148,130,144,182,149,178,158,169,130,152,153,134,129,112,187,125,183,138,128,165,134,164,141,162,125,170,162,127,200,163,200,190,145,139,139,104,132,156,188,130,172,118,135,138,159,161,174,169,156,159,189,137,169,104,160,137,150,176,154,172,186,159,179,141,149,136,176,160,137,153,176,149,126,153,100,169,139,138,171,115,198,137,136,175,167,200,144,146,113,141,131,138,106,191,114,100,120,134,121,177,146,150,165,157,174,122,136,166,100,115,162,137,173,170,120,160,180,153,125,171,165,163,167,100,172,195,160,154,167,158,166,150,130,124,125,115,123,194,168,134,140,152,133,151,169,149,158,172,143,157,142,149,141,136,154,164,153,162,131,119,160,167,151,183,172,200,144,125,131],num_heads:128,num_heads_kv:1,head_dim:576,head_dim_v:512,causal:0,dtype:bf16.
flash_mla:[D][1,489]flash_mla,MLA:sparse:decode,is_fp8:1,topk:2048,batch_size:1,seqlen_q:2,seqlen_k:[489],num_heads:128,num_heads_kv:1,head_dim:576,head_dim_v:512,causal:0,dtype:bf16.
flash_mla:[D][2,489]flash_mla,MLA:sparse:decode,is_fp8:1,topk:2048,batch_size:2,seqlen_q:2,seqlen_k:[489,403],num_heads:128,num_heads_kv:1,head_dim:576,head_dim_v:512,causal:0,dtype:bf16.
flash_mla:[D][3,489]flash_mla,MLA:sparse:decode,is_fp8:1,topk:2048,batch_size:3,seqlen_q:2,seqlen_k:[489,403,439],num_heads:128,num_heads_kv:1,head_dim:576,head_dim_v:512,causal:0,dtype:bf16.
flash_mla:[D][4,505]flash_mla,MLA:sparse:decode,is_fp8:1,topk:2048,batch_size:4,seqlen_q:2,seqlen_k:[489,403,439,505],num_heads:128,num_heads_kv:1,head_dim:576,head_dim_v:512,causal:0,dtype:bf16.
flash_mla:[D][7,505]flash_mla,MLA:sparse:decode,is_fp8:1,topk:2048,batch_size:7,seqlen_q:2,seqlen_k:[489,403,439,505,495,316,437],num_heads:128,num_heads_kv:1,head_dim:576,head_dim_v:512,causal:0,dtype:bf16.
flash_mla:[D][11,505]flash_mla,MLA:sparse:decode,is_fp8:1,topk:2048,batch_size:11,seqlen_q:2,seqlen_k:[489,403,439,505,495,316,437,368,371,403,387],num_heads:128,num_heads_kv:1,head_dim:576,head_dim_v:512,causal:0,dtype:bf16.
flash_mla:[D][19,505]flash_mla,MLA:sparse:decode,is_fp8:1,topk:2048,batch_size:19,seqlen_q:2,seqlen_k:[489,403,439,505,495,316,437,368,371,403,387,469,425,385,405,399,472,365,397],num_heads:128,num_heads_kv:1,head_dim:576,head_dim_v:512,causal:0,dtype:bf16.
flash_mla:[D][30,505]flash_mla,MLA:sparse:decode,is_fp8:1,topk:2048,batch_size:30,seqlen_q:2,seqlen_k:[489,403,439,505,495,316,437,368,371,403,387,469,425,385,405,399,472,365,397,324,252,419,432,331,505,286,380,366,474,470],num_heads:128,num_heads_kv:1,head_dim:576,head_dim_v:512,causal:0,dtype:bf16.
flash_mla:[D][49,505]flash_mla,MLA:sparse:decode,is_fp8:1,topk:2048,batch_size:49,seqlen_q:2,seqlen_k:[489,403,439,505,495,316,437,368,371,403,387,469,425,385,405,399,472,365,397,324,252,419,432,331,505,286,380,366,474,470,387,401,322,253,356,387,455,453,353,358,311,288,270,500,345,350,299,426,276],num_heads:128,num_heads_kv:1,head_dim:576,head_dim_v:512,causal:0,dtype:bf16.
flash_mla:[D][80,505]flash_mla,MLA:sparse:decode,is_fp8:1,topk:2048,batch_size:80,seqlen_q:2,seqlen_k:[489,403,439,505,495,316,437,368,371,403,387,469,425,385,405,399,472,365,397,324,252,419,432,331,505,286,380,366,474,470,387,401,322,253,356,387,455,453,353,358,311,288,270,500,345,350,299,426,276,364,321,402,345,303,376,404,382,397,338,355,335,355,326,269,389,352,275,407,320,381,423,386,449,300,403,334,323,341,358,381],num_heads:128,num_heads_kv:1,head_dim:576,head_dim_v:512,causal:0,dtype:bf16.
flash_mla:[D][131,505]flash_mla,MLA:sparse:decode,is_fp8:1,topk:2048,batch_size:131,seqlen_q:2,seqlen_k:[489,403,439,505,495,316,437,368,371,403,387,469,425,385,405,399,472,365,397,324,252,419,432,331,505,286,380,366,474,470,387,401,322,253,356,387,455,453,353,358,311,288,270,500,345,350,299,426,276,364,321,402,345,303,376,404,382,397,338,355,335,355,326,269,389,352,275,407,320,381,423,386,449,300,403,334,323,341,358,381,304,434,407,281,471,497,452,366,310,444,352,455,391,439,400,422,378,490,385,403,496,293,297,439,304,500,351,330,499,471,495,435,323,498,361,428,437,368,416,436,401,308,396,461,334,368,350,494,420,403,329],num_heads:128,num_heads_kv:1,head_dim:576,head_dim_v:512,causal:0,dtype:bf16.
flash_mla:[D][213,505]flash_mla,MLA:sparse:decode,is_fp8:1,topk:2048,batch_size:213,seqlen_q:2,seqlen_k:[489,403,439,505,495,316,437,368,371,403,387,469,425,385,405,399,472,365,397,324,252,419,432,331,505,286,380,366,474,470,387,401,322,253,356,387,455,453,353,358,311,288,270,500,345,350,299,426,276,364,321,402,345,303,376,404,382,397,338,355,335,355,326,269,389,352,275,407,320,381,423,386,449,300,403,334,323,341,358,381,304,434,407,281,471,497,452,366,310,444,352,455,391,439,400,422,378,490,385,403,496,293,297,439,304,500,351,330,499,471,495,435,323,498,361,428,437,368,416,436,401,308,396,461,334,368,350,494,420,403,329,411,335,380,337,420,414,364,402,309,284,405,388,418,505,437,320,448,295,348,373,485,331,325,371,336,448,309,305,350,346,499,437,383,300,431,314,280,452,397,436,398,431,336,312,420,327,334,349,379,355,291,337,252,417,277,308,381,331,475,296,394,375,304,410,367,426,429,505,462,354,362,447,419,418,276,376,331,395,371,435,397,427],num_heads:128,num_heads_kv:1,head_dim:576,head_dim_v:512,causal:0,dtype:bf16.
flash_mla:[D][346,505]flash_mla,MLA:sparse:decode,is_fp8:1,topk:2048,batch_size:346,seqlen_q:2,seqlen_k:[489,403,439,505,495,316,437,368,371,403,387,469,425,385,405,399,472,365,397,324,252,419,432,331,505,286,380,366,474,470,387,401,322,253,356,387,455,453,353,358,311,288,270,500,345,350,299,426,276,364,321,402,345,303,376,404,382,397,338,355,335,355,326,269,389,352,275,407,320,381,423,386,449,300,403,334,323,341,358,381,304,434,407,281,471,497,452,366,310,444,352,455,391,439,400,422,378,490,385,403,496,293,297,439,304,500,351,330,499,471,495,435,323,498,361,428,437,368,416,436,401,308,396,461,334,368,350,494,420,403,329,411,335,380,337,420,414,364,402,309,284,405,388,418,505,437,320,448,295,348,373,485,331,325,371,336,448,309,305,350,346,499,437,383,300,431,314,280,452,397,436,398,431,336,312,420,327,334,349,379,355,291,337,252,417,277,308,381,331,475,296,394,375,304,410,367,426,429,505,462,354,362,447,419,418,276,376,331,395,371,435,397,427,348,318,352,376,401,505,375,317,356,348,408,280,381,387,392,340,363,288,346,343,404,305,427,472,252,404,420,337,352,369,359,358,272,450,446,326,285,410,341,386,357,421,421,332,290,278,416,303,346,340,374,256,389,411,383,358,384,403,252,501,402,336,353,409,370,252,505,371,442,334,474,396,416,312,454,421,460,338,347,505,311,369,449,384,414,352,401,295,482,370,335,419,348,293,293,421,367,369,445,307,331,353,383,375,359,374,371,332,326,395,321,305,358,368,505,333,437,425,303,426,303,252,416,267,406,334,482,445,349,334,301,350,360],num_heads:128,num_heads_kv:1,head_dim:576,head_dim_v:512,causal:0,dtype:bf16.
flash_mla:[D][563,505]flash_mla,MLA:sparse:decode,is_fp8:1,topk:2048,batch_size:563,seqlen_q:2,seqlen_k:[489,403,439,505,495,316,437,368,371,403,387,469,425,385,405,399,472,365,397,324,252,419,432,331,505,286,380,366,474,470,387,401,322,253,356,387,455,453,353,358,311,288,270,500,345,350,299,426,276,364,321,402,345,303,376,404,382,397,338,355,335,355,326,269,389,352,275,407,320,381,423,386,449,300,403,334,323,341,358,381,304,434,407,281,471,497,452,366,310,444,352,455,391,439,400,422,378,490,385,403,496,293,297,439,304,500,351,330,499,471,495,435,323,498,361,428,437,368,416,436,401,308,396,461,334,368,350,494,420,403,329,411,335,380,337,420,414,364,402,309,284,405,388,418,505,437,320,448,295,348,373,485,331,325,371,336,448,309,305,350,346,499,437,383,300,431,314,280,452,397,436,398,431,336,312,420,327,334,349,379,355,291,337,252,417,277,308,381,331,475,296,394,375,304,410,367,426,429,505,462,354,362,447,419,418,276,376,331,395,371,435,397,427,348,318,352,376,401,505,375,317,356,348,408,280,381,387,392,340,363,288,346,343,404,305,427,472,252,404,420,337,352,369,359,358,272,450,446,326,285,410,341,386,357,421,421,332,290,278,416,303,346,340,374,256,389,411,383,358,384,403,252,501,402,336,353,409,370,252,505,371,442,334,474,396,416,312,454,421,460,338,347,505,311,369,449,384,414,352,401,295,482,370,335,419,348,293,293,421,367,369,445,307,331,353,383,375,359,374,371,332,326,395,321,305,358,368,505,333,437,425,303,426,303,252,416,267,406,334,482,445,349,334,301,350,360,355,387,414,400,329,287,463,334,336,345,261,347,347,417,422,378,436,399,377,388,365,353,361,306,395,315,431,362,381,409,418,279,364,433,271,402,252,313,380,273,315,285,481,388,413,363,355,276,359,330,432,449,470,431,340,307,426,400,266,400,429,381,366,327,286,428,358,363,487,421,401,386,473,486,436,414,252,385,369,383,437,252,342,395,348,288,432,395,316,397,429,378,428,382,353,304,372,390,433,370,406,317,328,371,311,429,407,395,399,505,348,252,390,374,345,316,350,389,346,505,317,328,252,393,252,344,360,333,487,440,461,322,449,409,426,442,320,351,432,252,473,412,375,391,313,355,447,459,505,373,336,345,313,373,402,375,447,363,356,341,275,279,303,459,434,464,294,253,336,389,409,444,395,487,363,320,272,321,393,322,437,466,252,432,252,403,455,382,297,341,361,366,365,371,391,301,362,473,353,350,445,252,452,338,388,384,437,361,335,459,252,379,293,330,504,375,390],num_heads:128,num_heads_kv:1,head_dim:576,head_dim_v:512,causal:0,dtype:bf16.
flash_mla:[D][917,505]flash_mla,MLA:sparse:decode,is_fp8:1,topk:2048,batch_size:917,seqlen_q:2,seqlen_k:[489,403,439,505,495,316,437,368,371,403,387,469,425,385,405,399,472,365,397,324,252,419,432,331,505,286,380,366,474,470,387,401,322,253,356,387,455,453,353,358,311,288,270,500,345,350,299,426,276,364,321,402,345,303,376,404,382,397,338,355,335,355,326,269,389,352,275,407,320,381,423,386,449,300,403,334,323,341,358,381,304,434,407,281,471,497,452,366,310,444,352,455,391,439,400,422,378,490,385,403,496,293,297,439,304,500,351,330,499,471,495,435,323,498,361,428,437,368,416,436,401,308,396,461,334,368,350,494,420,403,329,411,335,380,337,420,414,364,402,309,284,405,388,418,505,437,320,448,295,348,373,485,331,325,371,336,448,309,305,350,346,499,437,383,300,431,314,280,452,397,436,398,431,336,312,420,327,334,349,379,355,291,337,252,417,277,308,381,331,475,296,394,375,304,410,367,426,429,505,462,354,362,447,419,418,276,376,331,395,371,435,397,427,348,318,352,376,401,505,375,317,356,348,408,280,381,387,392,340,363,288,346,343,404,305,427,472,252,404,420,337,352,369,359,358,272,450,446,326,285,410,341,386,357,421,421,332,290,278,416,303,346,340,374,256,389,411,383,358,384,403,252,501,402,336,353,409,370,252,505,371,442,334,474,396,416,312,454,421,460,338,347,505,311,369,449,384,414,352,401,295,482,370,335,419,348,293,293,421,367,369,445,307,331,353,383,375,359,374,371,332,326,395,321,305,358,368,505,333,437,425,303,426,303,252,416,267,406,334,482,445,349,334,301,350,360,355,387,414,400,329,287,463,334,336,345,261,347,347,417,422,378,436,399,377,388,365,353,361,306,395,315,431,362,381,409,418,279,364,433,271,402,252,313,380,273,315,285,481,388,413,363,355,276,359,330,432,449,470,431,340,307,426,400,266,400,429,381,366,327,286,428,358,363,487,421,401,386,473,486,436,414,252,385,369,383,437,252,342,395,348,288,432,395,316,397,429,378,428,382,353,304,372,390,433,370,406,317,328,371,311,429,407,395,399,505,348,252,390,374,345,316,350,389,346,505,317,328,252,393,252,344,360,333,487,440,461,322,449,409,426,442,320,351,432,252,473,412,375,391,313,355,447,459,505,373,336,345,313,373,402,375,447,363,356,341,275,279,303,459,434,464,294,253,336,389,409,444,395,487,363,320,272,321,393,322,437,466,252,432,252,403,455,382,297,341,361,366,365,371,391,301,362,473,353,350,445,252,452,338,388,384,437,361,335,459,252,379,293,330,504,375,390,265,332,390,400,416,378,411,406,262,380,426,415,355,327,307,369,449,255,336,306,427,343,348,364,406,353,252,412,405,364,309,400,401,348,364,319,366,280,404,318,393,289,340,371,273,385,354,268,295,416,434,369,403,392,398,459,283,420,353,363,358,354,300,389,483,374,377,334,370,407,354,349,403,320,393,429,463,372,464,443,315,301,358,442,373,340,475,396,252,397,410,392,406,373,294,354,318,319,298,406,384,349,337,376,445,252,401,343,259,255,320,391,402,318,442,467,402,340,448,425,432,336,252,505,276,375,505,398,437,283,266,344,446,356,327,390,446,286,301,328,446,392,505,436,375,457,391,333,420,334,359,461,371,327,348,442,343,353,345,389,353,277,322,319,456,429,414,346,326,346,311,505,252,413,297,371,315,303,306,488,369,329,413,378,423,263,397,426,273,406,484,377,429,420,333,380,279,349,394,423,379,423,308,371,379,494,364,346,379,320,390,355,265,374,357,275,373,471,410,416,293,408,387,411,404,292,375,330,374,321,460,323,321,382,310,351,325,466,427,374,353,437,403,409,376,271,370,344,418,441,336,407,487,335,483,324,379,377,378,325,340,335,398,398,505,464,345,398,440,379,373,381,432,324,357,407,397,393,354,439,505,403,365,425,344,330,380,252,305,356,292,312,350,274,352,344,379,450,388,379,384,392,313,370,397,291,432,446,338,362,322,422,311,363,323,381,264,461,317,381,364,329,322,436,344,395,327,337,407,436,366,288,503,324,280,505,352,285,334,401,389,324,492,345,303,438,461,326,289,442,252,300,438,374],num_heads:128,num_heads_kv:1,head_dim:576,head_dim_v:512,causal:0,dtype:bf16.
flash_mla:[D][1492,505]flash_mla,MLA:sparse:decode,is_fp8:1,topk:2048,batch_size:1492,seqlen_q:2,seqlen_k:[489,403,439,505,495,316,437,368,371,403,387,469,425,385,405,399,472,365,397,324,252,419,432,331,505,286,380,366,474,470,387,401,322,253,356,387,455,453,353,358,311,288,270,500,345,350,299,426,276,364,321,402,345,303,376,404,382,397,338,355,335,355,326,269,389,352,275,407,320,381,423,386,449,300,403,334,323,341,358,381,304,434,407,281,471,497,452,366,310,444,352,455,391,439,400,422,378,490,385,403,496,293,297,439,304,500,351,330,499,471,495,435,323,498,361,428,437,368,416,436,401,308,396,461,334,368,350,494,420,403,329,411,335,380,337,420,414,364,402,309,284,405,388,418,505,437,320,448,295,348,373,485,331,325,371,336,448,309,305,350,346,499,437,383,300,431,314,280,452,397,436,398,431,336,312,420,327,334,349,379,355,291,337,252,417,277,308,381,331,475,296,394,375,304,410,367,426,429,505,462,354,362,447,419,418,276,376,331,395,371,435,397,427,348,318,352,376,401,505,375,317,356,348,408,280,381,387,392,340,363,288,346,343,404,305,427,472,252,404,420,337,352,369,359,358,272,450,446,326,285,410,341,386,357,421,421,332,290,278,416,303,346,340,374,256,389,411,383,358,384,403,252,501,402,336,353,409,370,252,505,371,442,334,474,396,416,312,454,421,460,338,347,505,311,369,449,384,414,352,401,295,482,370,335,419,348,293,293,421,367,369,445,307,331,353,383,375,359,374,371,332,326,395,321,305,358,368,505,333,437,425,303,426,303,252,416,267,406,334,482,445,349,334,301,350,360,355,387,414,400,329,287,463,334,336,345,261,347,347,417,422,378,436,399,377,388,365,353,361,306,395,315,431,362,381,409,418,279,364,433,271,402,252,313,380,273,315,285,481,388,413,363,355,276,359,330,432,449,470,431,340,307,426,400,266,400,429,381,366,327,286,428,358,363,487,421,401,386,473,486,436,414,252,385,369,383,437,252,342,395,348,288,432,395,316,397,429,378,428,382,353,304,372,390,433,370,406,317,328,371,311,429,407,395,399,505,348,252,390,374,345,316,350,389,346,505,317,328,252,393,252,344,360,333,487,440,461,322,449,409,426,442,320,351,432,252,473,412,375,391,313,355,447,459,505,373,336,345,313,373,402,375,447,363,356,341,275,279,303,459,434,464,294,253,336,389,409,444,395,487,363,320,272,321,393,322,437,466,252,432,252,403,455,382,297,341,361,366,365,371,391,301,362,473,353,350,445,252,452,338,388,384,437,361,335,459,252,379,293,330,504,375,390,265,332,390,400,416,378,411,406,262,380,426,415,355,327,307,369,449,255,336,306,427,343,348,364,406,353,252,412,405,364,309,400,401,348,364,319,366,280,404,318,393,289,340,371,273,385,354,268,295,416,434,369,403,392,398,459,283,420,353,363,358,354,300,389,483,374,377,334,370,407,354,349,403,320,393,429,463,372,464,443,315,301,358,442,373,340,475,396,252,397,410,392,406,373,294,354,318,319,298,406,384,349,337,376,445,252,401,343,259,255,320,391,402,318,442,467,402,340,448,425,432,336,252,505,276,375,505,398,437,283,266,344,446,356,327,390,446,286,301,328,446,392,505,436,375,457,391,333,420,334,359,461,371,327,348,442,343,353,345,389,353,277,322,319,456,429,414,346,326,346,311,505,252,413,297,371,315,303,306,488,369,329,413,378,423,263,397,426,273,406,484,377,429,420,333,380,279,349,394,423,379,423,308,371,379,494,364,346,379,320,390,355,265,374,357,275,373,471,410,416,293,408,387,411,404,292,375,330,374,321,460,323,321,382,310,351,325,466,427,374,353,437,403,409,376,271,370,344,418,441,336,407,487,335,483,324,379,377,378,325,340,335,398,398,505,464,345,398,440,379,373,381,432,324,357,407,397,393,354,439,505,403,365,425,344,330,380,252,305,356,292,312,350,274,352,344,379,450,388,379,384,392,313,370,397,291,432,446,338,362,322,422,311,363,323,381,264,461,317,381,364,329,322,436,344,395,327,337,407,436,366,288,503,324,280,505,352,285,334,401,389,324,492,345,303,438,461,326,289,442,252,300,438,374,361,400,368,296,458,461,390,380,505,360,361,400,470,478,361,397,291,358,325,314,483,328,344,401,459,408,505,373,394,395,468,409,370,318,393,466,352,411,393,432,327,505,297,354,437,396,430,346,373,378,476,421,428,336,439,392,465,504,358,352,323,368,353,400,368,355,445,318,405,352,423,465,358,405,389,327,393,396,404,365,383,305,355,413,434,351,384,392,390,412,263,374,393,314,483,388,476,328,320,392,272,391,384,441,422,351,308,485,328,312,309,448,345,330,386,364,335,425,445,440,426,403,266,483,397,416,448,468,404,405,340,380,324,332,321,368,444,505,389,293,457,359,336,391,299,392,372,384,402,382,379,395,404,313,287,374,287,383,437,416,311,323,398,352,358,415,315,352,327,312,324,420,381,322,363,274,331,505,372,424,373,399,419,308,376,477,327,342,358,394,411,457,409,374,457,422,283,505,489,367,401,461,367,424,447,314,340,436,407,436,369,359,252,305,380,429,411,369,360,391,382,466,387,284,297,473,304,426,361,367,369,454,365,375,281,391,411,393,466,381,396,481,280,349,467,436,420,430,398,480,401,393,388,390,305,426,369,492,373,404,393,338,440,498,377,359,355,258,366,393,444,438,351,360,448,367,345,465,443,379,340,252,415,321,254,477,418,306,301,432,322,459,416,411,403,390,433,349,383,425,413,302,346,393,352,489,353,367,426,398,368,330,396,443,408,328,487,286,278,438,392,343,308,505,385,411,398,405,412,424,354,359,268,328,395,443,415,356,298,252,450,340,349,386,289,355,505,409,400,278,505,288,499,252,466,479,326,404,412,326,286,294,412,372,342,438,410,330,302,410,344,384,477,409,323,388,317,479,342,391,397,388,254,286,349,398,369,317,293,352,348,410,357,415,340,361,356,328,417,326,345,373,296,357,333,353,374,327,364,460,376,450,399,426,329,384,386,339,326,284,472,316,462,348,323,417,338,413,357,408,317,430,408,320,505,412,505,478,366,352,352,262,334,393,474,329,433,299,341,349,401,406,438,426,393,402,478,345,426,264,403,347,378,443,388,433,470,402,451,357,377,345,443,404,346,387,443,375,318,386,253,426,351,348,433,291,500,347,345,442,422,505,364,370,284,357,332,349,268,482,288,252,303,339,305,447,369,379,416,396,439,308,343,419,252,291,409,347,436,428,302,403,453,387,316,433,418,412,423,252,433,491,405,390,421,399,419,378,329,314,315,291,310,488,425,338,353,385,336,382,426,375,399,433,360,395,358,376,357,344,388,413,387,409,331,302,404,421,381,462,435,505,365,315,331],num_heads:128,num_heads_kv:1,head_dim:576,head_dim_v:512,causal:0,dtype:bf16.
flash_mla:[D][1,1237]flash_mla,MLA:sparse:decode,is_fp8:1,topk:2048,batch_size:1,seqlen_q:2,seqlen_k:[1237],num_heads:128,num_heads_kv:1,head_dim:576,head_dim_v:512,causal:0,dtype:bf16.
flash_mla:[D][2,1237]flash_mla,MLA:sparse:decode,is_fp8:1,topk:2048,batch_size:2,seqlen_q:2,seqlen_k:[1237,1020],num_heads:128,num_heads_kv:1,head_dim:576,head_dim_v:512,causal:0,dtype:bf16.
flash_mla:[D][3,1237]flash_mla,MLA:sparse:decode,is_fp8:1,topk:2048,batch_size:3,seqlen_q:2,seqlen_k:[1237,1020,1112],num_heads:128,num_heads_kv:1,head_dim:576,head_dim_v:512,causal:0,dtype:bf16.
flash_mla:[D][4,1276]flash_mla,MLA:sparse:decode,is_fp8:1,topk:2048,batch_size:4,seqlen_q:2,seqlen_k:[1237,1020,1112,1276],num_heads:128,num_heads_kv:1,head_dim:576,head_dim_v:512,causal:0,dtype:bf16.
flash_mla:[D][7,1276]flash_mla,MLA:sparse:decode,is_fp8:1,topk:2048,batch_size:7,seqlen_q:2,seqlen_k:[1237,1020,1112,1276,1253,801,1108],num_heads:128,num_heads_kv:1,head_dim:576,head_dim_v:512,causal:0,dtype:bf16.
flash_mla:[D][11,1276]flash_mla,MLA:sparse:decode,is_fp8:1,topk:2048,batch_size:11,seqlen_q:2,seqlen_k:[1237,1020,1112,1276,1253,801,1108,932,940,1022,979],num_heads:128,num_heads_kv:1,head_dim:576,head_dim_v:512,causal:0,dtype:bf16.
flash_mla:[D][19,1276]flash_mla,MLA:sparse:decode,is_fp8:1,topk:2048,batch_size:19,seqlen_q:2,seqlen_k:[1237,1020,1112,1276,1253,801,1108,932,940,1022,979,1188,1078,976,1027,1010,1194,924,1006],num_heads:128,num_heads_kv:1,head_dim:576,head_dim_v:512,causal:0,dtype:bf16.
flash_mla:[D][30,1276]flash_mla,MLA:sparse:decode,is_fp8:1,topk:2048,batch_size:30,seqlen_q:2,seqlen_k:[1237,1020,1112,1276,1253,801,1108,932,940,1022,979,1188,1078,976,1027,1010,1194,924,1006,821,638,1060,1094,838,1276,725,964,927,1200,1190],num_heads:128,num_heads_kv:1,head_dim:576,head_dim_v:512,causal:0,dtype:bf16.
flash_mla:[D][49,1276]flash_mla,MLA:sparse:decode,is_fp8:1,topk:2048,batch_size:49,seqlen_q:2,seqlen_k:[1237,1020,1112,1276,1253,801,1108,932,940,1022,979,1188,1078,976,1027,1010,1194,924,1006,821,638,1060,1094,838,1276,725,964,927,1200,1190,981,1017,815,642,901,981,1152,1148,895,908,790,731,685,1267,875,887,757,1080,700],num_heads:128,num_heads_kv:1,head_dim:576,head_dim_v:512,causal:0,dtype:bf16.
flash_mla:[D][80,1276]flash_mla,MLA:sparse:decode,is_fp8:1,topk:2048,batch_size:80,seqlen_q:2,seqlen_k:[1237,1020,1112,1276,1253,801,1108,932,940,1022,979,1188,1078,976,1027,1010,1194,924,1006,821,638,1060,1094,838,1276,725,964,927,1200,1190,981,1017,815,642,901,981,1152,1148,895,908,790,731,685,1267,875,887,757,1080,700,923,814,1018,875,769,952,1025,967,1005,856,899,850,899,827,682,985,893,697,1030,812,965,1072,977,1138,760,1020,848,818,864,907,965],num_heads:128,num_heads_kv:1,head_dim:576,head_dim_v:512,causal:0,dtype:bf16.
flash_mla:[D][131,1276]flash_mla,MLA:sparse:decode,is_fp8:1,topk:2048,batch_size:131,seqlen_q:2,seqlen_k:[1237,1020,1112,1276,1253,801,1108,932,940,1022,979,1188,1078,976,1027,1010,1194,924,1006,821,638,1060,1094,838,1276,725,964,927,1200,1190,981,1017,815,642,901,981,1152,1148,895,908,790,731,685,1267,875,887,757,1080,700,923,814,1018,875,769,952,1025,967,1005,856,899,850,899,827,682,985,893,697,1030,812,965,1072,977,1138,760,1020,848,818,864,907,965,771,1100,1031,712,1193,1258,1144,928,786,1124,892,1151,990,1112,1013,1069,958,1240,977,1020,1256,742,754,1111,770,1266,891,838,1262,1192,1253,1101,820,1260,914,1084,1107,932,1054,1103,1016,782,1004,1167,846,933,887,1251,1063,1021,834],num_heads:128,num_heads_kv:1,head_dim:576,head_dim_v:512,causal:0,dtype:bf16.
flash_mla:[D][213,1276]flash_mla,MLA:sparse:decode,is_fp8:1,topk:2048,batch_size:213,seqlen_q:2,seqlen_k:[1237,1020,1112,1276,1253,801,1108,932,940,1022,979,1188,1078,976,1027,1010,1194,924,1006,821,638,1060,1094,838,1276,725,964,927,1200,1190,981,1017,815,642,901,981,1152,1148,895,908,790,731,685,1267,875,887,757,1080,700,923,814,1018,875,769,952,1025,967,1005,856,899,850,899,827,682,985,893,697,1030,812,965,1072,977,1138,760,1020,848,818,864,907,965,771,1100,1031,712,1193,1258,1144,928,786,1124,892,1151,990,1112,1013,1069,958,1240,977,1020,1256,742,754,1111,770,1266,891,838,1262,1192,1253,1101,820,1260,914,1084,1107,932,1054,1103,1016,782,1004,1167,846,933,887,1251,1063,1021,834,1042,849,962,855,1064,1048,923,1019,783,719,1026,983,1057,1276,1107,811,1134,747,883,946,1229,838,825,941,851,1136,785,774,887,877,1263,1107,970,762,1091,797,711,1145,1007,1103,1007,1093,853,792,1065,829,847,884,959,900,738,854,638,1056,702,781,965,839,1202,751,999,950,771,1040,929,1079,1087,1276,1169,898,918,1131,1061,1058,699,953,839,1001,941,1101,1007,1082],num_heads:128,num_heads_kv:1,head_dim:576,head_dim_v:512,causal:0,dtype:bf16.
flash_mla:[D][346,1276]flash_mla,MLA:sparse:decode,is_fp8:1,topk:2048,batch_size:346,seqlen_q:2,seqlen_k:[1237,1020,1112,1276,1253,801,1108,932,940,1022,979,1188,1078,976,1027,1010,1194,924,1006,821,638,1060,1094,838,1276,725,964,927,1200,1190,981,1017,815,642,901,981,1152,1148,895,908,790,731,685,1267,875,887,757,1080,700,923,814,1018,875,769,952,1025,967,1005,856,899,850,899,827,682,985,893,697,1030,812,965,1072,977,1138,760,1020,848,818,864,907,965,771,1100,1031,712,1193,1258,1144,928,786,1124,892,1151,990,1112,1013,1069,958,1240,977,1020,1256,742,754,1111,770,1266,891,838,1262,1192,1253,1101,820,1260,914,1084,1107,932,1054,1103,1016,782,1004,1167,846,933,887,1251,1063,1021,834,1042,849,962,855,1064,1048,923,1019,783,719,1026,983,1057,1276,1107,811,1134,747,883,946,1229,838,825,941,851,1136,785,774,887,877,1263,1107,970,762,1091,797,711,1145,1007,1103,1007,1093,853,792,1065,829,847,884,959,900,738,854,638,1056,702,781,965,839,1202,751,999,950,771,1040,929,1079,1087,1276,1169,898,918,1131,1061,1058,699,953,839,1001,941,1101,1007,1082,882,806,891,954,1017,1276,950,805,901,883,1033,712,967,981,993,862,919,730,878,870,1023,773,1081,1194,638,1024,1064,855,893,935,909,907,690,1140,1128,827,723,1039,865,979,906,1066,1067,841,737,705,1054,767,876,862,948,649,987,1040,971,907,972,1020,638,1267,1019,853,894,1035,938,638,1276,939,1119,846,1201,1002,1053,790,1149,1066,1163,857,880,1276,788,935,1137,972,1049,893,1015,749,1220,938,848,1062,883,744,742,1067,931,935,1128,777,840,895,972,950,911,947,939,842,827,1000,815,772,907,931,1276,844,1106,1075,767,1079,768,638,1053,677,1028,848,1220,1126,884,847,763,886,912],num_heads:128,num_heads_kv:1,head_dim:576,head_dim_v:512,causal:0,dtype:bf16.
flash_mla:[D][563,1276]flash_mla,MLA:sparse:decode,is_fp8:1,topk:2048,batch_size:563,seqlen_q:2,seqlen_k:[1237,1020,1112,1276,1253,801,1108,932,940,1022,979,1188,1078,976,1027,1010,1194,924,1006,821,638,1060,1094,838,1276,725,964,927,1200,1190,981,1017,815,642,901,981,1152,1148,895,908,790,731,685,1267,875,887,757,1080,700,923,814,1018,875,769,952,1025,967,1005,856,899,850,899,827,682,985,893,697,1030,812,965,1072,977,1138,760,1020,848,818,864,907,965,771,1100,1031,712,1193,1258,1144,928,786,1124,892,1151,990,1112,1013,1069,958,1240,977,1020,1256,742,754,1111,770,1266,891,838,1262,1192,1253,1101,820,1260,914,1084,1107,932,1054,1103,1016,782,1004,1167,846,933,887,1251,1063,1021,834,1042,849,962,855,1064,1048,923,1019,783,719,1026,983,1057,1276,1107,811,1134,747,883,946,1229,838,825,941,851,1136,785,774,887,877,1263,1107,970,762,1091,797,711,1145,1007,1103,1007,1093,853,792,1065,829,847,884,959,900,738,854,638,1056,702,781,965,839,1202,751,999,950,771,1040,929,1079,1087,1276,1169,898,918,1131,1061,1058,699,953,839,1001,941,1101,1007,1082,882,806,891,954,1017,1276,950,805,901,883,1033,712,967,981,993,862,919,730,878,870,1023,773,1081,1194,638,1024,1064,855,893,935,909,907,690,1140,1128,827,723,1039,865,979,906,1066,1067,841,737,705,1054,767,876,862,948,649,987,1040,971,907,972,1020,638,1267,1019,853,894,1035,938,638,1276,939,1119,846,1201,1002,1053,790,1149,1066,1163,857,880,1276,788,935,1137,972,1049,893,1015,749,1220,938,848,1062,883,744,742,1067,931,935,1128,777,840,895,972,950,911,947,939,842,827,1000,815,772,907,931,1276,844,1106,1075,767,1079,768,638,1053,677,1028,848,1220,1126,884,847,763,886,912,899,981,1048,1012,835,728,1173,847,853,874,663,881,880,1055,1068,957,1105,1011,954,982,926,894,914,777,1001,799,1090,917,964,1035,1059,707,924,1096,687,1018,638,794,963,693,800,722,1219,983,1047,921,900,699,910,835,1093,1138,1190,1092,861,779,1078,1013,675,1013,1086,966,927,828,727,1084,907,919,1232,1065,1015,979,1198,1230,1104,1049,638,976,936,971,1106,638,866,999,882,731,1095,1001,802,1007,1087,957,1084,969,894,772,943,987,1096,938,1029,803,832,939,789,1087,1030,1001,1010,1276,882,638,988,948,874,801,887,985,877,1276,804,830,638,996,638,871,913,844,1233,1115,1166,816,1136,1035,1079,1120,812,889,1094,638,1197,1044,949,992,793,901,1131,1163,1276,945,852,875,795,944,1017,951,1131,919,901,864,697,707,769,1163,1099,1175,745,643,852,984,1036,1123,1002,1234,921,811,689,815,995,815,1105,1181,638,1094,638,1020,1151,967,753,863,915,928,924,939,990,764,918,1198,895,886,1128,638,1144,856,983,972,1106,914,849,1163,638,960,742,835,1276,949,988],num_heads:128,num_heads_kv:1,head_dim:576,head_dim_v:512,causal:0,dtype:bf16.
flash_mla:[D][917,1276]flash_mla,MLA:sparse:decode,is_fp8:1,topk:2048,batch_size:917,seqlen_q:2,seqlen_k:[1237,1020,1112,1276,1253,801,1108,932,940,1022,979,1188,1078,976,1027,1010,1194,924,1006,821,638,1060,1094,838,1276,725,964,927,1200,1190,981,1017,815,642,901,981,1152,1148,895,908,790,731,685,1267,875,887,757,1080,700,923,814,1018,875,769,952,1025,967,1005,856,899,850,899,827,682,985,893,697,1030,812,965,1072,977,1138,760,1020,848,818,864,907,965,771,1100,1031,712,1193,1258,1144,928,786,1124,892,1151,990,1112,1013,1069,958,1240,977,1020,1256,742,754,1111,770,1266,891,838,1262,1192,1253,1101,820,1260,914,1084,1107,932,1054,1103,1016,782,1004,1167,846,933,887,1251,1063,1021,834,1042,849,962,855,1064,1048,923,1019,783,719,1026,983,1057,1276,1107,811,1134,747,883,946,1229,838,825,941,851,1136,785,774,887,877,1263,1107,970,762,1091,797,711,1145,1007,1103,1007,1093,853,792,1065,829,847,884,959,900,738,854,638,1056,702,781,965,839,1202,751,999,950,771,1040,929,1079,1087,1276,1169,898,918,1131,1061,1058,699,953,839,1001,941,1101,1007,1082,882,806,891,954,1017,1276,950,805,901,883,1033,712,967,981,993,862,919,730,878,870,1023,773,1081,1194,638,1024,1064,855,893,935,909,907,690,1140,1128,827,723,1039,865,979,906,1066,1067,841,737,705,1054,767,876,862,948,649,987,1040,971,907,972,1020,638,1267,1019,853,894,1035,938,638,1276,939,1119,846,1201,1002,1053,790,1149,1066,1163,857,880,1276,788,935,1137,972,1049,893,1015,749,1220,938,848,1062,883,744,742,1067,931,935,1128,777,840,895,972,950,911,947,939,842,827,1000,815,772,907,931,1276,844,1106,1075,767,1079,768,638,1053,677,1028,848,1220,1126,884,847,763,886,912,899,981,1048,1012,835,728,1173,847,853,874,663,881,880,1055,1068,957,1105,1011,954,982,926,894,914,777,1001,799,1090,917,964,1035,1059,707,924,1096,687,1018,638,794,963,693,800,722,1219,983,1047,921,900,699,910,835,1093,1138,1190,1092,861,779,1078,1013,675,1013,1086,966,927,828,727,1084,907,919,1232,1065,1015,979,1198,1230,1104,1049,638,976,936,971,1106,638,866,999,882,731,1095,1001,802,1007,1087,957,1084,969,894,772,943,987,1096,938,1029,803,832,939,789,1087,1030,1001,1010,1276,882,638,988,948,874,801,887,985,877,1276,804,830,638,996,638,871,913,844,1233,1115,1166,816,1136,1035,1079,1120,812,889,1094,638,1197,1044,949,992,793,901,1131,1163,1276,945,852,875,795,944,1017,951,1131,919,901,864,697,707,769,1163,1099,1175,745,643,852,984,1036,1123,1002,1234,921,811,689,815,995,815,1105,1181,638,1094,638,1020,1151,967,753,863,915,928,924,939,990,764,918,1198,895,886,1128,638,1144,856,983,972,1106,914,849,1163,638,960,742,835,1276,949,988,673,841,988,1013,1055,958,1040,1029,666,962,1079,1050,899,828,779,936,1137,646,852,775,1081,868,882,922,1027,894,638,1043,1026,922,784,1012,1017,882,922,809,928,710,1023,806,994,733,863,939,692,975,896,679,749,1053,1099,936,1021,992,1009,1161,717,1064,896,921,908,897,762,986,1222,948,956,847,938,1031,898,884,1021,811,997,1087,1173,942,1174,1121,798,763,908,1120,945,861,1203,1002,638,1007,1039,992,1028,946,747,898,806,808,756,1028,972,885,853,953,1128,638,1016,870,657,647,811,991,1019,807,1118,1183,1019,862,1135,1077,1094,852,638,1276,700,951,1276,1009,1107,718,674,872,1130,901,830,988,1129,727,764,831,1131,994,1276,1105,951,1158,990,844,1065,846,910,1168,940,829,883,1119,869,895,875,986,895,702,815,808,1154,1086,1050,876,827,876,789,1276,638,1046,752,940,799,769,775,1236,935,835,1045,958,1071,666,1005,1079,692,1028,1226,954,1087,1063,844,963,707,885,999,1071,960,1071,781,940,960,1251,922,877,960,810,987,898,672,947,906,697,946,1193,1039,1054,743,1032,980,1041,1024,740,950,836,949,814,1165,820,814,968,785,889,825,1181,1081,947,894,1106,1021,1036,952,688,939,872,1059,1117,852,1031,1233,850,1224,821,960,955,958,823,863,850,1008,1009,1276,1174,875,1008,1115,961,945,965,1094,822,905,1031,1006,995,898,1111,1276,1021,926,1077,871,837,962,638,773,901,741,792,887,695,892,871,961,1140,984,960,972,993,795,938,1006,739,1094,1128,856,918,817,1068,788,921,820,965,671,1167,803,966,923,835,815,1105,873,1000,829,854,1032,1104,929,730,1274,820,711,1276,892,724,848,1015,987,821,1246,874,768,1109,1168,827,734,1120,638,761,1110,948],num_heads:128,num_heads_kv:1,head_dim:576,head_dim_v:512,causal:0,dtype:bf16.
flash_mla:[D][1492,1276]flash_mla,MLA:sparse:decode,is_fp8:1,topk:2048,batch_size:1492,seqlen_q:2,seqlen_k:[1237,1020,1112,1276,1253,801,1108,932,940,1022,979,1188,1078,976,1027,1010,1194,924,1006,821,638,1060,1094,838,1276,725,964,927,1200,1190,981,1017,815,642,901,981,1152,1148,895,908,790,731,685,1267,875,887,757,1080,700,923,814,1018,875,769,952,1025,967,1005,856,899,850,899,827,682,985,893,697,1030,812,965,1072,977,1138,760,1020,848,818,864,907,965,771,1100,1031,712,1193,1258,1144,928,786,1124,892,1151,990,1112,1013,1069,958,1240,977,1020,1256,742,754,1111,770,1266,891,838,1262,1192,1253,1101,820,1260,914,1084,1107,932,1054,1103,1016,782,1004,1167,846,933,887,1251,1063,1021,834,1042,849,962,855,1064,1048,923,1019,783,719,1026,983,1057,1276,1107,811,1134,747,883,946,1229,838,825,941,851,1136,785,774,887,877,1263,1107,970,762,1091,797,711,1145,1007,1103,1007,1093,853,792,1065,829,847,884,959,900,738,854,638,1056,702,781,965,839,1202,751,999,950,771,1040,929,1079,1087,1276,1169,898,918,1131,1061,1058,699,953,839,1001,941,1101,1007,1082,882,806,891,954,1017,1276,950,805,901,883,1033,712,967,981,993,862,919,730,878,870,1023,773,1081,1194,638,1024,1064,855,893,935,909,907,690,1140,1128,827,723,1039,865,979,906,1066,1067,841,737,705,1054,767,876,862,948,649,987,1040,971,907,972,1020,638,1267,1019,853,894,1035,938,638,1276,939,1119,846,1201,1002,1053,790,1149,1066,1163,857,880,1276,788,935,1137,972,1049,893,1015,749,1220,938,848,1062,883,744,742,1067,931,935,1128,777,840,895,972,950,911,947,939,842,827,1000,815,772,907,931,1276,844,1106,1075,767,1079,768,638,1053,677,1028,848,1220,1126,884,847,763,886,912,899,981,1048,1012,835,728,1173,847,853,874,663,881,880,1055,1068,957,1105,1011,954,982,926,894,914,777,1001,799,1090,917,964,1035,1059,707,924,1096,687,1018,638,794,963,693,800,722,1219,983,1047,921,900,699,910,835,1093,1138,1190,1092,861,779,1078,1013,675,1013,1086,966,927,828,727,1084,907,919,1232,1065,1015,979,1198,1230,1104,1049,638,976,936,971,1106,638,866,999,882,731,1095,1001,802,1007,1087,957,1084,969,894,772,943,987,1096,938,1029,803,832,939,789,1087,1030,1001,1010,1276,882,638,988,948,874,801,887,985,877,1276,804,830,638,996,638,871,913,844,1233,1115,1166,816,1136,1035,1079,1120,812,889,1094,638,1197,1044,949,992,793,901,1131,1163,1276,945,852,875,795,944,1017,951,1131,919,901,864,697,707,769,1163,1099,1175,745,643,852,984,1036,1123,1002,1234,921,811,689,815,995,815,1105,1181,638,1094,638,1020,1151,967,753,863,915,928,924,939,990,764,918,1198,895,886,1128,638,1144,856,983,972,1106,914,849,1163,638,960,742,835,1276,949,988,673,841,988,1013,1055,958,1040,1029,666,962,1079,1050,899,828,779,936,1137,646,852,775,1081,868,882,922,1027,894,638,1043,1026,922,784,1012,1017,882,922,809,928,710,1023,806,994,733,863,939,692,975,896,679,749,1053,1099,936,1021,992,1009,1161,717,1064,896,921,908,897,762,986,1222,948,956,847,938,1031,898,884,1021,811,997,1087,1173,942,1174,1121,798,763,908,1120,945,861,1203,1002,638,1007,1039,992,1028,946,747,898,806,808,756,1028,972,885,853,953,1128,638,1016,870,657,647,811,991,1019,807,1118,1183,1019,862,1135,1077,1094,852,638,1276,700,951,1276,1009,1107,718,674,872,1130,901,830,988,1129,727,764,831,1131,994,1276,1105,951,1158,990,844,1065,846,910,1168,940,829,883,1119,869,895,875,986,895,702,815,808,1154,1086,1050,876,827,876,789,1276,638,1046,752,940,799,769,775,1236,935,835,1045,958,1071,666,1005,1079,692,1028,1226,954,1087,1063,844,963,707,885,999,1071,960,1071,781,940,960,1251,922,877,960,810,987,898,672,947,906,697,946,1193,1039,1054,743,1032,980,1041,1024,740,950,836,949,814,1165,820,814,968,785,889,825,1181,1081,947,894,1106,1021,1036,952,688,939,872,1059,1117,852,1031,1233,850,1224,821,960,955,958,823,863,850,1008,1009,1276,1174,875,1008,1115,961,945,965,1094,822,905,1031,1006,995,898,1111,1276,1021,926,1077,871,837,962,638,773,901,741,792,887,695,892,871,961,1140,984,960,972,993,795,938,1006,739,1094,1128,856,918,817,1068,788,921,820,965,671,1167,803,966,923,835,815,1105,873,1000,829,854,1032,1104,929,730,1274,820,711,1276,892,724,848,1015,987,821,1246,874,768,1109,1168,827,734,1120,638,761,1110,948,915,1013,932,750,1159,1167,989,964,1276,913,915,1014,1190,1210,915,1006,737,907,823,796,1224,831,872,1015,1163,1033,1276,945,998,1000,1185,1037,938,806,995,1179,891,1041,996,1094,829,1276,753,898,1106,1004,1088,878,945,958,1206,1066,1083,852,1111,992,1177,1276,908,892,819,934,896,1014,934,899,1126,807,1025,892,1072,1177,908,1027,985,829,995,1002,1022,925,971,774,900,1045,1098,889,973,993,989,1042,667,949,995,797,1223,982,1205,831,812,992,690,991,972,1118,1068,890,782,1229,831,790,784,1134,874,837,978,924,849,1076,1126,1113,1078,1021,674,1222,1005,1053,1134,1184,1023,1026,861,962,821,842,814,932,1123,1276,987,742,1158,909,851,990,759,992,942,972,1017,967,959,1002,1023,792,729,947,729,970,1106,1053,790,820,1009,893,906,1051,800,893,829,791,820,1064,965,817,920,696,840,1276,942,1073,946,1012,1062,781,952,1208,830,866,908,999,1040,1158,1036,947,1157,1068,719,1276,1238,930,1017,1167,929,1073,1132,795,861,1103,1030,1103,935,911,639,774,964,1088,1041,936,913,991,969,1180,980,721,754,1198,770,1078,914,930,935,1151,926,951,713,989,1041,995,1179,965,1004,1219,710,884,1183,1105,1064,1089,1009,1216,1017,995,982,987,773,1079,936,1246,944,1023,996,857,1114,1259,954,909,900,656,928,996,1124,1109,890,912,1135,929,875,1178,1121,959,862,638,1050,814,644,1208,1060,775,763,1095,817,1163,1055,1042,1021,987,1097,884,970,1076,1046,766,877,997,892,1239,894,931,1079,1009,933,836,1004,1122,1033,833,1233,726,705,1109,992,869,782,1276,975,1041,1007,1026,1042,1073,897,910,680,832,1000,1123,1052,902,756,638,1140,863,885,977,733,901,1276,1037,1014,705,1276,730,1262,638,1180,1214,825,1024,1044,827,726,747,1043,943,867,1110,1037,836,766,1040,871,972,1207,1036,819,982,805,1212,867,989,1005,982,645,727,885,1007,935,804,742,893,882,1038,905,1052,862,916,901,832,1056,827,874,945,750,905,843,895,947,829,922,1165,952,1139,1012,1080,833,973,978,859,826,720,1194,802,1171,882,819,1055,856,1047,904,1033,803,1089,1034,810,1276,1042,1276,1211,926,891,892,666,846,996,1199,834,1097,757,863,884,1016,1029,1110,1079,995,1019,1209,875,1080,669,1022,880,957,1122,983,1097,1191,1018,1143,905,955,873,1122,1022,876,981,1122,950,806,977,642,1079,890,882,1096,739,1266,880,873,1119,1069,1276,923,937,721,904,842,885,679,1221,731,638,768,860,774,1131,935,961,1054,1002,1112,780,869,1062,638,738,1036,880,1105,1085,766,1021,1148,980,801,1096,1058,1043,1070,638,1097,1244,1026,987,1067,1010,1060,957,835,797,798,738,787,1237,1076,857,894,974,852,967,1080,951,1010,1097,913,1002,907,952,905,872,984,1047,980,1036,839,765,1023,1066,964,1171,1101,1276,925,798,839],num_heads:128,num_heads_kv:1,head_dim:576,head_dim_v:512,causal:0,dtype:bf16.
flash_mla:[D][1,3126]flash_mla,MLA:sparse:decode,is_fp8:1,topk:2048,batch_size:1,seqlen_q:2,seqlen_k:[3126],num_heads:128,num_heads_kv:1,head_dim:576,head_dim_v:512,causal:0,dtype:bf16.
flash_mla:[D][2,3126]flash_mla,MLA:sparse:decode,is_fp8:1,topk:2048,batch_size:2,seqlen_q:2,seqlen_k:[3126,2577],num_heads:128,num_heads_kv:1,head_dim:576,head_dim_v:512,causal:0,dtype:bf16.
flash_mla:[D][3,3126]flash_mla,MLA:sparse:decode,is_fp8:1,topk:2048,batch_size:3,seqlen_q:2,seqlen_k:[3126,2577,2810],num_heads:128,num_heads_kv:1,head_dim:576,head_dim_v:512,causal:0,dtype:bf16.
flash_mla:[D][4,3222]flash_mla,MLA:sparse:decode,is_fp8:1,topk:2048,batch_size:4,seqlen_q:2,seqlen_k:[3126,2577,2810,3222],num_heads:128,num_heads_kv:1,head_dim:576,head_dim_v:512,causal:0,dtype:bf16.
flash_mla:[D][7,3222]flash_mla,MLA:sparse:decode,is_fp8:1,topk:2048,batch_size:7,seqlen_q:2,seqlen_k:[3126,2577,2810,3222,3168,2022,2798],num_heads:128,num_heads_kv:1,head_dim:576,head_dim_v:512,causal:0,dtype:bf16.
flash_mla:[D][11,3222]flash_mla,MLA:sparse:decode,is_fp8:1,topk:2048,batch_size:11,seqlen_q:2,seqlen_k:[3126,2577,2810,3222,3168,2022,2798,2355,2374,2581,2474],num_heads:128,num_heads_kv:1,head_dim:576,head_dim_v:512,causal:0,dtype:bf16.
flash_mla:[D][19,3222]flash_mla,MLA:sparse:decode,is_fp8:1,topk:2048,batch_size:19,seqlen_q:2,seqlen_k:[3126,2577,2810,3222,3168,2022,2798,2355,2374,2581,2474,3002,2722,2465,2594,2550,3018,2333,2542],num_heads:128,num_heads_kv:1,head_dim:576,head_dim_v:512,causal:0,dtype:bf16.
flash_mla:[D][30,3222]flash_mla,MLA:sparse:decode,is_fp8:1,topk:2048,batch_size:30,seqlen_q:2,seqlen_k:[3126,2577,2810,3222,3168,2022,2798,2355,2374,2581,2474,3002,2722,2465,2594,2550,3018,2333,2542,2071,1611,2679,2764,2116,3222,1829,2434,2340,3033,3008],num_heads:128,num_heads_kv:1,head_dim:576,head_dim_v:512,causal:0,dtype:bf16.
flash_mla:[D][49,3222]flash_mla,MLA:sparse:decode,is_fp8:1,topk:2048,batch_size:49,seqlen_q:2,seqlen_k:[3126,2577,2810,3222,3168,2022,2798,2355,2374,2581,2474,3002,2722,2465,2594,2550,3018,2333,2542,2071,1611,2679,2764,2116,3222,1829,2434,2340,3033,3008,2478,2568,2058,1617,2275,2479,2911,2900,2259,2294,1993,1843,1728,3202,2210,2239,1911,2729,1765],num_heads:128,num_heads_kv:1,head_dim:576,head_dim_v:512,causal:0,dtype:bf16.
flash_mla:[D][80,3222]flash_mla,MLA:sparse:decode,is_fp8:1,topk:2048,batch_size:80,seqlen_q:2,seqlen_k:[3126,2577,2810,3222,3168,2022,2798,2355,2374,2581,2474,3002,2722,2465,2594,2550,3018,2333,2542,2071,1611,2679,2764,2116,3222,1829,2434,2340,3033,3008,2478,2568,2058,1617,2275,2479,2911,2900,2259,2294,1993,1843,1728,3202,2210,2239,1911,2729,1765,2330,2055,2571,2210,1940,2404,2588,2442,2537,2160,2269,2144,2271,2088,1720,2487,2254,1759,2602,2050,2436,2709,2467,2875,1918,2578,2140,2065,2182,2290,2438],num_heads:128,num_heads_kv:1,head_dim:576,head_dim_v:512,causal:0,dtype:bf16.
flash_mla:[D][131,3222]flash_mla,MLA:sparse:decode,is_fp8:1,topk:2048,batch_size:131,seqlen_q:2,seqlen_k:[3126,2577,2810,3222,3168,2022,2798,2355,2374,2581,2474,3002,2722,2465,2594,2550,3018,2333,2542,2071,1611,2679,2764,2116,3222,1829,2434,2340,3033,3008,2478,2568,2058,1617,2275,2479,2911,2900,2259,2294,1993,1843,1728,3202,2210,2239,1911,2729,1765,2330,2055,2571,2210,1940,2404,2588,2442,2537,2160,2269,2144,2271,2088,1720,2487,2254,1759,2602,2050,2436,2709,2467,2875,1918,2578,2140,2065,2182,2290,2438,1946,2779,2603,1796,3015,3180,2891,2343,1984,2840,2253,2908,2499,2809,2559,2700,2420,3135,2467,2578,3174,1872,1903,2806,1943,3199,2249,2114,3190,3012,3168,2781,2068,3185,2307,2739,2797,2353,2663,2787,2567,1972,2536,2950,2136,2355,2240,3161,2686,2580,2105],num_heads:128,num_heads_kv:1,head_dim:576,head_dim_v:512,causal:0,dtype:bf16.
flash_mla:[D][213,3222]flash_mla,MLA:sparse:decode,is_fp8:1,topk:2048,batch_size:213,seqlen_q:2,seqlen_k:[3126,2577,2810,3222,3168,2022,2798,2355,2374,2581,2474,3002,2722,2465,2594,2550,3018,2333,2542,2071,1611,2679,2764,2116,3222,1829,2434,2340,3033,3008,2478,2568,2058,1617,2275,2479,2911,2900,2259,2294,1993,1843,1728,3202,2210,2239,1911,2729,1765,2330,2055,2571,2210,1940,2404,2588,2442,2537,2160,2269,2144,2271,2088,1720,2487,2254,1759,2602,2050,2436,2709,2467,2875,1918,2578,2140,2065,2182,2290,2438,1946,2779,2603,1796,3015,3180,2891,2343,1984,2840,2253,2908,2499,2809,2559,2700,2420,3135,2467,2578,3174,1872,1903,2806,1943,3199,2249,2114,3190,3012,3168,2781,2068,3185,2307,2739,2797,2353,2663,2787,2567,1972,2536,2950,2136,2355,2240,3161,2686,2580,2105,2633,2144,2428,2159,2688,2648,2332,2575,1975,1815,2593,2483,2671,3222,2796,2048,2866,1885,2229,2388,3106,2115,2082,2376,2148,2870,1980,1953,2239,2215,3193,2798,2451,1922,2756,2012,1793,2894,2543,2787,2544,2761,2153,1999,2690,2092,2138,2232,2423,2273,1861,2156,1611,2667,1770,1970,2437,2117,3037,1894,2523,2400,1945,2626,2346,2727,2747,3222,2954,2267,2319,2859,2680,2673,1764,2406,2118,2528,2376,2782,2543,2732],num_heads:128,num_heads_kv:1,head_dim:576,head_dim_v:512,causal:0,dtype:bf16.
flash_mla:[D][346,3222]flash_mla,MLA:sparse:decode,is_fp8:1,topk:2048,batch_size:346,seqlen_q:2,seqlen_k:[3126,2577,2810,3222,3168,2022,2798,2355,2374,2581,2474,3002,2722,2465,2594,2550,3018,2333,2542,2071,1611,2679,2764,2116,3222,1829,2434,2340,3033,3008,2478,2568,2058,1617,2275,2479,2911,2900,2259,2294,1993,1843,1728,3202,2210,2239,1911,2729,1765,2330,2055,2571,2210,1940,2404,2588,2442,2537,2160,2269,2144,2271,2088,1720,2487,2254,1759,2602,2050,2436,2709,2467,2875,1918,2578,2140,2065,2182,2290,2438,1946,2779,2603,1796,3015,3180,2891,2343,1984,2840,2253,2908,2499,2809,2559,2700,2420,3135,2467,2578,3174,1872,1903,2806,1943,3199,2249,2114,3190,3012,3168,2781,2068,3185,2307,2739,2797,2353,2663,2787,2567,1972,2536,2950,2136,2355,2240,3161,2686,2580,2105,2633,2144,2428,2159,2688,2648,2332,2575,1975,1815,2593,2483,2671,3222,2796,2048,2866,1885,2229,2388,3106,2115,2082,2376,2148,2870,1980,1953,2239,2215,3193,2798,2451,1922,2756,2012,1793,2894,2543,2787,2544,2761,2153,1999,2690,2092,2138,2232,2423,2273,1861,2156,1611,2667,1770,1970,2437,2117,3037,1894,2523,2400,1945,2626,2346,2727,2747,3222,2954,2267,2319,2859,2680,2673,1764,2406,2118,2528,2376,2782,2543,2732,2228,2035,2250,2409,2568,3222,2398,2030,2276,2229,2610,1795,2441,2479,2509,2175,2320,1842,2217,2197,2583,1950,2730,3018,1611,2587,2688,2159,2255,2362,2295,2291,1740,2880,2851,2088,1825,2625,2183,2473,2287,2694,2695,2123,1858,1778,2661,1936,2211,2175,2394,1635,2492,2627,2451,2290,2455,2576,1611,3204,2573,2153,2258,2614,2369,1611,3222,2371,2827,2137,3035,2531,2661,1994,2904,2693,2940,2162,2222,3222,1988,2361,2874,2455,2650,2255,2565,1889,3084,2368,2141,2684,2230,1878,1873,2695,2351,2362,2850,1961,2121,2260,2454,2399,2300,2391,2372,2125,2088,2526,2056,1949,2290,2352,3222,2132,2796,2717,1936,2727,1938,1611,2660,1708,2597,2140,3084,2846,2233,2138,1926,2238,2303],num_heads:128,num_heads_kv:1,head_dim:576,head_dim_v:512,causal:0,dtype:bf16.
flash_mla:[D][563,3222]flash_mla,MLA:sparse:decode,is_fp8:1,topk:2048,batch_size:563,seqlen_q:2,seqlen_k:[3126,2577,2810,3222,3168,2022,2798,2355,2374,2581,2474,3002,2722,2465,2594,2550,3018,2333,2542,2071,1611,2679,2764,2116,3222,1829,2434,2340,3033,3008,2478,2568,2058,1617,2275,2479,2911,2900,2259,2294,1993,1843,1728,3202,2210,2239,1911,2729,1765,2330,2055,2571,2210,1940,2404,2588,2442,2537,2160,2269,2144,2271,2088,1720,2487,2254,1759,2602,2050,2436,2709,2467,2875,1918,2578,2140,2065,2182,2290,2438,1946,2779,2603,1796,3015,3180,2891,2343,1984,2840,2253,2908,2499,2809,2559,2700,2420,3135,2467,2578,3174,1872,1903,2806,1943,3199,2249,2114,3190,3012,3168,2781,2068,3185,2307,2739,2797,2353,2663,2787,2567,1972,2536,2950,2136,2355,2240,3161,2686,2580,2105,2633,2144,2428,2159,2688,2648,2332,2575,1975,1815,2593,2483,2671,3222,2796,2048,2866,1885,2229,2388,3106,2115,2082,2376,2148,2870,1980,1953,2239,2215,3193,2798,2451,1922,2756,2012,1793,2894,2543,2787,2544,2761,2153,1999,2690,2092,2138,2232,2423,2273,1861,2156,1611,2667,1770,1970,2437,2117,3037,1894,2523,2400,1945,2626,2346,2727,2747,3222,2954,2267,2319,2859,2680,2673,1764,2406,2118,2528,2376,2782,2543,2732,2228,2035,2250,2409,2568,3222,2398,2030,2276,2229,2610,1795,2441,2479,2509,2175,2320,1842,2217,2197,2583,1950,2730,3018,1611,2587,2688,2159,2255,2362,2295,2291,1740,2880,2851,2088,1825,2625,2183,2473,2287,2694,2695,2123,1858,1778,2661,1936,2211,2175,2394,1635,2492,2627,2451,2290,2455,2576,1611,3204,2573,2153,2258,2614,2369,1611,3222,2371,2827,2137,3035,2531,2661,1994,2904,2693,2940,2162,2222,3222,1988,2361,2874,2455,2650,2255,2565,1889,3084,2368,2141,2684,2230,1878,1873,2695,2351,2362,2850,1961,2121,2260,2454,2399,2300,2391,2372,2125,2088,2526,2056,1949,2290,2352,3222,2132,2796,2717,1936,2727,1938,1611,2660,1708,2597,2140,3084,2846,2233,2138,1926,2238,2303,2269,2479,2649,2556,2108,1836,2965,2138,2153,2205,1673,2223,2222,2666,2697,2417,2791,2553,2409,2480,2339,2256,2308,1961,2529,2015,2755,2315,2435,2615,2675,1783,2332,2770,1731,2572,1611,2003,2431,1748,2018,1822,3080,2482,2644,2326,2273,1764,2298,2109,2761,2875,3007,2759,2174,1966,2724,2559,1703,2559,2744,2439,2341,2090,1833,2738,2291,2321,3114,2691,2565,2473,3028,3108,2790,2650,1611,2465,2363,2453,2796,1611,2186,2524,2227,1844,2766,2527,2024,2542,2747,2418,2738,2447,2256,1948,2381,2494,2768,2369,2600,2027,2100,2371,1990,2746,2602,2528,2552,3222,2227,1611,2496,2395,2207,2021,2239,2489,2213,3222,2028,2096,1611,2517,1611,2198,2304,2129,3116,2816,2947,2060,2870,2615,2726,2830,2049,2244,2763,1611,3025,2638,2397,2504,2000,2274,2859,2939,3222,2386,2150,2208,2005,2384,2570,2402,2857,2321,2275,2181,1758,1784,1940,2940,2776,2970,1879,1622,2149,2486,2616,2838,2530,3118,2326,2048,1738,2057,2513,2057,2793,2985,1611,2764,1611,2577,2909,2442,1900,2180,2310,2342,2334,2371,2502,1928,2318,3027,2260,2237,2850,1611,2892,2161,2482,2454,2795,2308,2142,2939,1611,2424,1872,2109,3222,2398,2494],num_heads:128,num_heads_kv:1,head_dim:576,head_dim_v:512,causal:0,dtype:bf16.
flash_mla:[D][917,3222]flash_mla,MLA:sparse:decode,is_fp8:1,topk:2048,batch_size:917,seqlen_q:2,seqlen_k:[3126,2577,2810,3222,3168,2022,2798,2355,2374,2581,2474,3002,2722,2465,2594,2550,3018,2333,2542,2071,1611,2679,2764,2116,3222,1829,2434,2340,3033,3008,2478,2568,2058,1617,2275,2479,2911,2900,2259,2294,1993,1843,1728,3202,2210,2239,1911,2729,1765,2330,2055,2571,2210,1940,2404,2588,2442,2537,2160,2269,2144,2271,2088,1720,2487,2254,1759,2602,2050,2436,2709,2467,2875,1918,2578,2140,2065,2182,2290,2438,1946,2779,2603,1796,3015,3180,2891,2343,1984,2840,2253,2908,2499,2809,2559,2700,2420,3135,2467,2578,3174,1872,1903,2806,1943,3199,2249,2114,3190,3012,3168,2781,2068,3185,2307,2739,2797,2353,2663,2787,2567,1972,2536,2950,2136,2355,2240,3161,2686,2580,2105,2633,2144,2428,2159,2688,2648,2332,2575,1975,1815,2593,2483,2671,3222,2796,2048,2866,1885,2229,2388,3106,2115,2082,2376,2148,2870,1980,1953,2239,2215,3193,2798,2451,1922,2756,2012,1793,2894,2543,2787,2544,2761,2153,1999,2690,2092,2138,2232,2423,2273,1861,2156,1611,2667,1770,1970,2437,2117,3037,1894,2523,2400,1945,2626,2346,2727,2747,3222,2954,2267,2319,2859,2680,2673,1764,2406,2118,2528,2376,2782,2543,2732,2228,2035,2250,2409,2568,3222,2398,2030,2276,2229,2610,1795,2441,2479,2509,2175,2320,1842,2217,2197,2583,1950,2730,3018,1611,2587,2688,2159,2255,2362,2295,2291,1740,2880,2851,2088,1825,2625,2183,2473,2287,2694,2695,2123,1858,1778,2661,1936,2211,2175,2394,1635,2492,2627,2451,2290,2455,2576,1611,3204,2573,2153,2258,2614,2369,1611,3222,2371,2827,2137,3035,2531,2661,1994,2904,2693,2940,2162,2222,3222,1988,2361,2874,2455,2650,2255,2565,1889,3084,2368,2141,2684,2230,1878,1873,2695,2351,2362,2850,1961,2121,2260,2454,2399,2300,2391,2372,2125,2088,2526,2056,1949,2290,2352,3222,2132,2796,2717,1936,2727,1938,1611,2660,1708,2597,2140,3084,2846,2233,2138,1926,2238,2303,2269,2479,2649,2556,2108,1836,2965,2138,2153,2205,1673,2223,2222,2666,2697,2417,2791,2553,2409,2480,2339,2256,2308,1961,2529,2015,2755,2315,2435,2615,2675,1783,2332,2770,1731,2572,1611,2003,2431,1748,2018,1822,3080,2482,2644,2326,2273,1764,2298,2109,2761,2875,3007,2759,2174,1966,2724,2559,1703,2559,2744,2439,2341,2090,1833,2738,2291,2321,3114,2691,2565,2473,3028,3108,2790,2650,1611,2465,2363,2453,2796,1611,2186,2524,2227,1844,2766,2527,2024,2542,2747,2418,2738,2447,2256,1948,2381,2494,2768,2369,2600,2027,2100,2371,1990,2746,2602,2528,2552,3222,2227,1611,2496,2395,2207,2021,2239,2489,2213,3222,2028,2096,1611,2517,1611,2198,2304,2129,3116,2816,2947,2060,2870,2615,2726,2830,2049,2244,2763,1611,3025,2638,2397,2504,2000,2274,2859,2939,3222,2386,2150,2208,2005,2384,2570,2402,2857,2321,2275,2181,1758,1784,1940,2940,2776,2970,1879,1622,2149,2486,2616,2838,2530,3118,2326,2048,1738,2057,2513,2057,2793,2985,1611,2764,1611,2577,2909,2442,1900,2180,2310,2342,2334,2371,2502,1928,2318,3027,2260,2237,2850,1611,2892,2161,2482,2454,2795,2308,2142,2939,1611,2424,1872,2109,3222,2398,2494,1698,2122,2495,2558,2664,2419,2628,2598,1678,2430,2725,2653,2269,2091,1965,2363,2872,1629,2150,1956,2732,2192,2226,2328,2595,2257,1611,2634,2592,2327,1979,2557,2568,2226,2328,2041,2344,1791,2584,2035,2511,1849,2178,2371,1746,2462,2263,1713,1890,2659,2776,2362,2579,2506,2548,2934,1808,2688,2262,2325,2294,2264,1921,2489,3089,2393,2415,2139,2368,2603,2266,2233,2578,2046,2517,2746,2964,2379,2967,2832,2014,1925,2293,2830,2386,2173,3041,2531,1611,2543,2625,2506,2597,2388,1884,2266,2034,2040,1906,2598,2455,2235,2154,2406,2850,1611,2567,2196,1656,1631,2048,2504,2574,2037,2825,2989,2575,2177,2869,2720,2765,2151,1611,3222,1766,2401,3222,2549,2798,1810,1699,2201,2855,2276,2095,2495,2852,1833,1928,2098,2857,2510,3222,2793,2401,2925,2501,2131,2690,2135,2298,2951,2375,2092,2228,2827,2193,2260,2210,2490,2260,1770,2058,2040,2917,2743,2652,2212,2087,2211,1992,3222,1611,2643,1898,2373,2017,1941,1956,3123,2362,2107,2639,2420,2706,1680,2538,2727,1746,2596,3099,2410,2747,2686,2130,2432,1784,2234,2523,2707,2425,2706,1971,2375,2423,3161,2329,2214,2424,2045,2493,2268,1694,2392,2288,1758,2388,3016,2626,2662,1875,2608,2475,2629,2586,1868,2399,2110,2395,2054,2944,2069,2053,2446,1981,2244,2081,2984,2732,2392,2258,2795,2579,2616,2405,1735,2370,2201,2675,2823,2150,2604,3115,2146,3093,2072,2425,2411,2420,2078,2177,2146,2547,2549,3222,2968,2210,2546,2817,2428,2387,2436,2765,2074,2284,2605,2541,2512,2266,2807,3222,2579,2338,2720,2198,2113,2429,1611,1950,2275,1870,1999,2239,1753,2252,2200,2426,2881,2485,2424,2456,2507,2006,2369,2540,1863,2764,2851,2161,2318,2062,2697,1988,2326,2069,2436,1692,2950,2027,2440,2330,2108,2058,2793,2204,2525,2092,2155,2606,2790,2345,1842,3221,2070,1794,3222,2253,1826,2140,2564,2492,2072,3150,2205,1938,2803,2951,2086,1851,2831,1611,1921,2805,2393],num_heads:128,num_heads_kv:1,head_dim:576,head_dim_v:512,causal:0,dtype:bf16.
flash_mla:[D][1492,3222]flash_mla,MLA:sparse:decode,is_fp8:1,topk:2048,batch_size:1492,seqlen_q:2,seqlen_k:[3126,2577,2810,3222,3168,2022,2798,2355,2374,2581,2474,3002,2722,2465,2594,2550,3018,2333,2542,2071,1611,2679,2764,2116,3222,1829,2434,2340,3033,3008,2478,2568,2058,1617,2275,2479,2911,2900,2259,2294,1993,1843,1728,3202,2210,2239,1911,2729,1765,2330,2055,2571,2210,1940,2404,2588,2442,2537,2160,2269,2144,2271,2088,1720,2487,2254,1759,2602,2050,2436,2709,2467,2875,1918,2578,2140,2065,2182,2290,2438,1946,2779,2603,1796,3015,3180,2891,2343,1984,2840,2253,2908,2499,2809,2559,2700,2420,3135,2467,2578,3174,1872,1903,2806,1943,3199,2249,2114,3190,3012,3168,2781,2068,3185,2307,2739,2797,2353,2663,2787,2567,1972,2536,2950,2136,2355,2240,3161,2686,2580,2105,2633,2144,2428,2159,2688,2648,2332,2575,1975,1815,2593,2483,2671,3222,2796,2048,2866,1885,2229,2388,3106,2115,2082,2376,2148,2870,1980,1953,2239,2215,3193,2798,2451,1922,2756,2012,1793,2894,2543,2787,2544,2761,2153,1999,2690,2092,2138,2232,2423,2273,1861,2156,1611,2667,1770,1970,2437,2117,3037,1894,2523,2400,1945,2626,2346,2727,2747,3222,2954,2267,2319,2859,2680,2673,1764,2406,2118,2528,2376,2782,2543,2732,2228,2035,2250,2409,2568,3222,2398,2030,2276,2229,2610,1795,2441,2479,2509,2175,2320,1842,2217,2197,2583,1950,2730,3018,1611,2587,2688,2159,2255,2362,2295,2291,1740,2880,2851,2088,1825,2625,2183,2473,2287,2694,2695,2123,1858,1778,2661,1936,2211,2175,2394,1635,2492,2627,2451,2290,2455,2576,1611,3204,2573,2153,2258,2614,2369,1611,3222,2371,2827,2137,3035,2531,2661,1994,2904,2693,2940,2162,2222,3222,1988,2361,2874,2455,2650,2255,2565,1889,3084,2368,2141,2684,2230,1878,1873,2695,2351,2362,2850,1961,2121,2260,2454,2399,2300,2391,2372,2125,2088,2526,2056,1949,2290,2352,3222,2132,2796,2717,1936,2727,1938,1611,2660,1708,2597,2140,3084,2846,2233,2138,1926,2238,2303,2269,2479,2649,2556,2108,1836,2965,2138,2153,2205,1673,2223,2222,2666,2697,2417,2791,2553,2409,2480,2339,2256,2308,1961,2529,2015,2755,2315,2435,2615,2675,1783,2332,2770,1731,2572,1611,2003,2431,1748,2018,1822,3080,2482,2644,2326,2273,1764,2298,2109,2761,2875,3007,2759,2174,1966,2724,2559,1703,2559,2744,2439,2341,2090,1833,2738,2291,2321,3114,2691,2565,2473,3028,3108,2790,2650,1611,2465,2363,2453,2796,1611,2186,2524,2227,1844,2766,2527,2024,2542,2747,2418,2738,2447,2256,1948,2381,2494,2768,2369,2600,2027,2100,2371,1990,2746,2602,2528,2552,3222,2227,1611,2496,2395,2207,2021,2239,2489,2213,3222,2028,2096,1611,2517,1611,2198,2304,2129,3116,2816,2947,2060,2870,2615,2726,2830,2049,2244,2763,1611,3025,2638,2397,2504,2000,2274,2859,2939,3222,2386,2150,2208,2005,2384,2570,2402,2857,2321,2275,2181,1758,1784,1940,2940,2776,2970,1879,1622,2149,2486,2616,2838,2530,3118,2326,2048,1738,2057,2513,2057,2793,2985,1611,2764,1611,2577,2909,2442,1900,2180,2310,2342,2334,2371,2502,1928,2318,3027,2260,2237,2850,1611,2892,2161,2482,2454,2795,2308,2142,2939,1611,2424,1872,2109,3222,2398,2494,1698,2122,2495,2558,2664,2419,2628,2598,1678,2430,2725,2653,2269,2091,1965,2363,2872,1629,2150,1956,2732,2192,2226,2328,2595,2257,1611,2634,2592,2327,1979,2557,2568,2226,2328,2041,2344,1791,2584,2035,2511,1849,2178,2371,1746,2462,2263,1713,1890,2659,2776,2362,2579,2506,2548,2934,1808,2688,2262,2325,2294,2264,1921,2489,3089,2393,2415,2139,2368,2603,2266,2233,2578,2046,2517,2746,2964,2379,2967,2832,2014,1925,2293,2830,2386,2173,3041,2531,1611,2543,2625,2506,2597,2388,1884,2266,2034,2040,1906,2598,2455,2235,2154,2406,2850,1611,2567,2196,1656,1631,2048,2504,2574,2037,2825,2989,2575,2177,2869,2720,2765,2151,1611,3222,1766,2401,3222,2549,2798,1810,1699,2201,2855,2276,2095,2495,2852,1833,1928,2098,2857,2510,3222,2793,2401,2925,2501,2131,2690,2135,2298,2951,2375,2092,2228,2827,2193,2260,2210,2490,2260,1770,2058,2040,2917,2743,2652,2212,2087,2211,1992,3222,1611,2643,1898,2373,2017,1941,1956,3123,2362,2107,2639,2420,2706,1680,2538,2727,1746,2596,3099,2410,2747,2686,2130,2432,1784,2234,2523,2707,2425,2706,1971,2375,2423,3161,2329,2214,2424,2045,2493,2268,1694,2392,2288,1758,2388,3016,2626,2662,1875,2608,2475,2629,2586,1868,2399,2110,2395,2054,2944,2069,2053,2446,1981,2244,2081,2984,2732,2392,2258,2795,2579,2616,2405,1735,2370,2201,2675,2823,2150,2604,3115,2146,3093,2072,2425,2411,2420,2078,2177,2146,2547,2549,3222,2968,2210,2546,2817,2428,2387,2436,2765,2074,2284,2605,2541,2512,2266,2807,3222,2579,2338,2720,2198,2113,2429,1611,1950,2275,1870,1999,2239,1753,2252,2200,2426,2881,2485,2424,2456,2507,2006,2369,2540,1863,2764,2851,2161,2318,2062,2697,1988,2326,2069,2436,1692,2950,2027,2440,2330,2108,2058,2793,2204,2525,2092,2155,2606,2790,2345,1842,3221,2070,1794,3222,2253,1826,2140,2564,2492,2072,3150,2205,1938,2803,2951,2086,1851,2831,1611,1921,2805,2393,2309,2558,2354,1892,2930,2949,2498,2434,3222,2304,2311,2562,3008,3057,2311,2540,1860,2290,2077,2010,3093,2096,2201,2563,2939,2609,3222,2385,2520,2527,2994,2620,2369,2034,2514,2980,2250,2629,2515,2763,2091,3222,1900,2268,2794,2535,2750,2216,2385,2420,3048,2694,2737,2150,2806,2506,2975,3222,2292,2252,2067,2358,2262,2560,2357,2270,2845,2038,2590,2252,2707,2974,2293,2593,2488,2093,2513,2532,2582,2336,2453,1953,2271,2640,2775,2245,2458,2507,2497,2633,1683,2396,2512,2012,3090,2481,3046,2097,2050,2506,1739,2502,2455,2825,2698,2247,1973,3106,2096,1994,1978,2866,2206,2112,2471,2332,2142,2719,2845,2813,2725,2578,1700,3088,2537,2661,2865,2993,2584,2591,2174,2429,2071,2125,2055,2353,2838,3222,2492,1872,2925,2294,2149,2500,1916,2505,2380,2455,2569,2443,2422,2530,2583,2000,1839,2391,1838,2451,2794,2660,1993,2069,2548,2254,2288,2656,2018,2254,2093,1995,2070,2689,2436,2061,2322,1755,2120,3222,2379,2710,2389,2556,2683,1970,2403,3052,2095,2187,2292,2524,2627,2926,2617,2390,2923,2699,1813,3222,3129,2348,2568,2949,2346,2710,2861,2007,2173,2787,2601,2788,2362,2299,1611,1954,2434,2748,2630,2364,2306,2503,2447,2982,2475,1819,1903,3028,1944,2724,2307,2347,2361,2908,2338,2402,1799,2499,2630,2512,2979,2438,2536,3080,1791,2232,2990,2793,2689,2751,2547,3073,2568,2512,2480,2493,1949,2726,2363,3150,2385,2585,2515,2163,2815,3183,2410,2294,2272,1653,2344,2517,2841,2802,2248,2304,2868,2346,2210,2977,2834,2423,2176,1611,2653,2054,1625,3054,2677,1956,1926,2766,2062,2938,2664,2632,2579,2493,2770,2233,2450,2719,2642,1934,2214,2517,2251,3131,2257,2350,2726,2549,2357,2111,2537,2834,2609,2102,3115,1833,1778,2803,2507,2194,1973,3222,2463,2631,2544,2591,2633,2711,2264,2298,1714,2101,2525,2837,2657,2278,1906,1611,2880,2178,2235,2469,1849,2275,3222,2619,2560,1778,3222,1842,3190,1611,2982,3068,2083,2586,2636,2088,1832,1884,2634,2381,2188,2805,2620,2111,1931,2626,2199,2455,3051,2618,2068,2480,2032,3064,2189,2499,2540,2480,1626,1833,2233,2544,2360,2030,1872,2254,2227,2622,2284,2658,2176,2312,2275,2100,2667,2088,2205,2386,1893,2285,2129,2259,2391,2093,2327,2943,2405,2877,2555,2727,2103,2458,2469,2169,2084,1815,3018,2024,2958,2227,2068,2666,2161,2645,2281,2609,2025,2751,2612,2045,3222,2633,3222,3060,2339,2249,2253,1678,2135,2515,3030,2104,2771,1911,2179,2231,2565,2600,2803,2726,2513,2573,3056,2210,2728,1687,2581,2221,2417,2835,2482,2772,3009,2572,2887,2284,2412,2205,2836,2582,2211,2478,2835,2400,2033,2469,1617,2725,2246,2226,2768,1865,3200,2222,2205,2827,2701,3222,2330,2367,1819,2282,2125,2235,1713,3085,1845,1611,1937,2172,1952,2858,2360,2426,2661,2531,2810,1968,2195,2684,1611,1861,2617,2222,2793,2742,1933,2579,2900,2475,2022,2770,2672,2634,2704,1611,2771,3144,2591,2493,2696,2552,2678,2416,2107,2011,2013,1862,1985,3125,2719,2164,2258,2461,2151,2443,2729,2401,2551,2773,2306,2530,2291,2404,2285,2202,2486,2644,2474,2616,2118,1930,2584,2693,2436,2959,2781,3222,2335,2013,2117],num_heads:128,num_heads_kv:1,head_dim:576,head_dim_v:512,causal:0,dtype:bf16.
flash_mla:[D][1,7896]flash_mla,MLA:sparse:decode,is_fp8:1,topk:2048,batch_size:1,seqlen_q:2,seqlen_k:[7896],num_heads:128,num_heads_kv:1,head_dim:576,head_dim_v:512,causal:0,dtype:bf16.
flash_mla:[D][2,7896]flash_mla,MLA:sparse:decode,is_fp8:1,topk:2048,batch_size:2,seqlen_q:2,seqlen_k:[7896,6508],num_heads:128,num_heads_kv:1,head_dim:576,head_dim_v:512,causal:0,dtype:bf16.
flash_mla:[D][4,8137]flash_mla,MLA:sparse:decode,is_fp8:1,topk:2048,batch_size:4,seqlen_q:2,seqlen_k:[7896,6508,7097,8137],num_heads:128,num_heads_kv:1,head_dim:576,head_dim_v:512,causal:0,dtype:bf16.
flash_mla:[D][6,8137]flash_mla,MLA:sparse:decode,is_fp8:1,topk:2048,batch_size:6,seqlen_q:2,seqlen_k:[7896,6508,7097,8137,8001,5108],num_heads:128,num_heads_kv:1,head_dim:576,head_dim_v:512,causal:0,dtype:bf16.
flash_mla:[D][9,8137]flash_mla,MLA:sparse:decode,is_fp8:1,topk:2048,batch_size:9,seqlen_q:2,seqlen_k:[7896,6508,7097,8137,8001,5108,7068,5948,5997],num_heads:128,num_heads_kv:1,head_dim:576,head_dim_v:512,causal:0,dtype:bf16.
flash_mla:[D][14,8137]flash_mla,MLA:sparse:decode,is_fp8:1,topk:2048,batch_size:14,seqlen_q:2,seqlen_k:[7896,6508,7097,8137,8001,5108,7068,5948,5997,6519,6248,7580,6875,6225],num_heads:128,num_heads_kv:1,head_dim:576,head_dim_v:512,causal:0,dtype:bf16.
flash_mla:[D][22,8137]flash_mla,MLA:sparse:decode,is_fp8:1,topk:2048,batch_size:22,seqlen_q:2,seqlen_k:[7896,6508,7097,8137,8001,5108,7068,5948,5997,6519,6248,7580,6875,6225,6553,6441,7621,5893,6420,5233,4068,6766],num_heads:128,num_heads_kv:1,head_dim:576,head_dim_v:512,causal:0,dtype:bf16.
flash_mla:[D][34,8137]flash_mla,MLA:sparse:decode,is_fp8:1,topk:2048,batch_size:34,seqlen_q:2,seqlen_k:[7896,6508,7097,8137,8001,5108,7068,5948,5997,6519,6248,7580,6875,6225,6553,6441,7621,5893,6420,5233,4068,6766,6981,5347,8137,4622,6148,5911,7660,7596,6259,6486,5199,4087],num_heads:128,num_heads_kv:1,head_dim:576,head_dim_v:512,causal:0,dtype:bf16.
flash_mla:[D][53,8137]flash_mla,MLA:sparse:decode,is_fp8:1,topk:2048,batch_size:53,seqlen_q:2,seqlen_k:[7896,6508,7097,8137,8001,5108,7068,5948,5997,6519,6248,7580,6875,6225,6553,6441,7621,5893,6420,5233,4068,6766,6981,5347,8137,4622,6148,5911,7660,7596,6259,6486,5199,4087,5748,6261,7353,7324,5708,5794,5035,4657,4366,8085,5583,5656,4827,6892,4460,5885,5191,6495,5582],num_heads:128,num_heads_kv:1,head_dim:576,head_dim_v:512,causal:0,dtype:bf16.
flash_mla:[D][82,8137]flash_mla,MLA:sparse:decode,is_fp8:1,topk:2048,batch_size:82,seqlen_q:2,seqlen_k:[7896,6508,7097,8137,8001,5108,7068,5948,5997,6519,6248,7580,6875,6225,6553,6441,7621,5893,6420,5233,4068,6766,6981,5347,8137,4622,6148,5911,7660,7596,6259,6486,5199,4087,5748,6261,7353,7324,5708,5794,5035,4657,4366,8085,5583,5656,4827,6892,4460,5885,5191,6495,5582,4901,6073,6537,6169,6409,5456,5733,5418,5736,5275,4346,6282,5693,4444,6572,5179,6154,6843,6233,7260,4846,6511,5405,5216,5513,5785,6159,4917,7018],num_heads:128,num_heads_kv:1,head_dim:576,head_dim_v:512,causal:0,dtype:bf16.
flash_mla:[D][128,8137]flash_mla,MLA:sparse:decode,is_fp8:1,topk:2048,batch_size:128,seqlen_q:2,seqlen_k:[7896,6508,7097,8137,8001,5108,7068,5948,5997,6519,6248,7580,6875,6225,6553,6441,7621,5893,6420,5233,4068,6766,6981,5347,8137,4622,6148,5911,7660,7596,6259,6486,5199,4087,5748,6261,7353,7324,5708,5794,5035,4657,4366,8085,5583,5656,4827,6892,4460,5885,5191,6495,5582,4901,6073,6537,6169,6409,5456,5733,5418,5736,5275,4346,6282,5693,4444,6572,5179,6154,6843,6233,7260,4846,6511,5405,5216,5513,5785,6159,4917,7018,6575,4539,7615,8030,7300,5919,5013,7174,5691,7345,6313,7095,6464,6820,6112,7918,6231,6510,8017,4731,4809,7087,4908,8078,5681,5341,8057,7607,8001,7023,5226,8044,5829,6918,7065,5944,6726,7039,6484,4983,6405,7450,5395,5949,5659,7982],num_heads:128,num_heads_kv:1,head_dim:576,head_dim_v:512,causal:0,dtype:bf16.
flash_mla:[D][199,8137]flash_mla,MLA:sparse:decode,is_fp8:1,topk:2048,batch_size:199,seqlen_q:2,seqlen_k:[7896,6508,7097,8137,8001,5108,7068,5948,5997,6519,6248,7580,6875,6225,6553,6441,7621,5893,6420,5233,4068,6766,6981,5347,8137,4622,6148,5911,7660,7596,6259,6486,5199,4087,5748,6261,7353,7324,5708,5794,5035,4657,4366,8085,5583,5656,4827,6892,4460,5885,5191,6495,5582,4901,6073,6537,6169,6409,5456,5733,5418,5736,5275,4346,6282,5693,4444,6572,5179,6154,6843,6233,7260,4846,6511,5405,5216,5513,5785,6159,4917,7018,6575,4539,7615,8030,7300,5919,5013,7174,5691,7345,6313,7095,6464,6820,6112,7918,6231,6510,8017,4731,4809,7087,4908,8078,5681,5341,8057,7607,8001,7023,5226,8044,5829,6918,7065,5944,6726,7039,6484,4983,6405,7450,5395,5949,5659,7982,6785,6516,5318,6650,5416,6134,5455,6789,6688,5890,6504,4990,4585,6548,6271,6747,8137,7062,5173,7238,4763,5632,6032,7844,5344,5261,6001,5427,7247,5003,4935,5656,5595,8064,7067,6191,4855,6960,5084,4530,7310,6424,7038,6426,6973,5439,5050,6795,5284,5400,5638,6119,5741,4703,5447,4068,6737,4472,4978,6155,5349,7671,4787,6373,6062,4914,6634,5927,6886,6939,8137],num_heads:128,num_heads_kv:1,head_dim:576,head_dim_v:512,causal:0,dtype:bf16.
flash_mla:[D][309,8137]flash_mla,MLA:sparse:decode,is_fp8:1,topk:2048,batch_size:309,seqlen_q:2,seqlen_k:[7896,6508,7097,8137,8001,5108,7068,5948,5997,6519,6248,7580,6875,6225,6553,6441,7621,5893,6420,5233,4068,6766,6981,5347,8137,4622,6148,5911,7660,7596,6259,6486,5199,4087,5748,6261,7353,7324,5708,5794,5035,4657,4366,8085,5583,5656,4827,6892,4460,5885,5191,6495,5582,4901,6073,6537,6169,6409,5456,5733,5418,5736,5275,4346,6282,5693,4444,6572,5179,6154,6843,6233,7260,4846,6511,5405,5216,5513,5785,6159,4917,7018,6575,4539,7615,8030,7300,5919,5013,7174,5691,7345,6313,7095,6464,6820,6112,7918,6231,6510,8017,4731,4809,7087,4908,8078,5681,5341,8057,7607,8001,7023,5226,8044,5829,6918,7065,5944,6726,7039,6484,4983,6405,7450,5395,5949,5659,7982,6785,6516,5318,6650,5416,6134,5455,6789,6688,5890,6504,4990,4585,6548,6271,6747,8137,7062,5173,7238,4763,5632,6032,7844,5344,5261,6001,5427,7247,5003,4935,5656,5595,8064,7067,6191,4855,6960,5084,4530,7310,6424,7038,6426,6973,5439,5050,6795,5284,5400,5638,6119,5741,4703,5447,4068,6737,4472,4978,6155,5349,7671,4787,6373,6062,4914,6634,5927,6886,6939,8137,7461,5726,5858,7220,6768,6753,4457,6077,5351,6386,6002,7027,6424,6901,5627,5141,5684,6084,6487,8137,6059,5129,5750,5630,6591,4535,6166,6261,6338,5494,5860,4653,5600,5549,6525,4926,6896,7621,4068,6535,6790,5453,5697,5966,5799,5787,4397,7273,7199,5274,4610,6631,5516,6246,5777,6805,6808,5364,4695,4492,6722,4892,5586,5495,6048,4132,6293,6634,6191,5785,6201,6507,4068,8091,6498,5438,5704,6604,5983,4068,8137,5989,7139,5398,7664,6393,6721,5038,7333,6803,7425,5463,5612,8137,5023,5963,7258,6201,6694,5695,6478,4773,7788,5981,5410,6779,5633,4745,4732,6807],num_heads:128,num_heads_kv:1,head_dim:576,head_dim_v:512,causal:0,dtype:bf16.
flash_mla:[D][480,8137]flash_mla,MLA:sparse:decode,is_fp8:1,topk:2048,batch_size:480,seqlen_q:2,seqlen_k:[7896,6508,7097,8137,8001,5108,7068,5948,5997,6519,6248,7580,6875,6225,6553,6441,7621,5893,6420,5233,4068,6766,6981,5347,8137,4622,6148,5911,7660,7596,6259,6486,5199,4087,5748,6261,7353,7324,5708,5794,5035,4657,4366,8085,5583,5656,4827,6892,4460,5885,5191,6495,5582,4901,6073,6537,6169,6409,5456,5733,5418,5736,5275,4346,6282,5693,4444,6572,5179,6154,6843,6233,7260,4846,6511,5405,5216,5513,5785,6159,4917,7018,6575,4539,7615,8030,7300,5919,5013,7174,5691,7345,6313,7095,6464,6820,6112,7918,6231,6510,8017,4731,4809,7087,4908,8078,5681,5341,8057,7607,8001,7023,5226,8044,5829,6918,7065,5944,6726,7039,6484,4983,6405,7450,5395,5949,5659,7982,6785,6516,5318,6650,5416,6134,5455,6789,6688,5890,6504,4990,4585,6548,6271,6747,8137,7062,5173,7238,4763,5632,6032,7844,5344,5261,6001,5427,7247,5003,4935,5656,5595,8064,7067,6191,4855,6960,5084,4530,7310,6424,7038,6426,6973,5439,5050,6795,5284,5400,5638,6119,5741,4703,5447,4068,6737,4472,4978,6155,5349,7671,4787,6373,6062,4914,6634,5927,6886,6939,8137,7461,5726,5858,7220,6768,6753,4457,6077,5351,6386,6002,7027,6424,6901,5627,5141,5684,6084,6487,8137,6059,5129,5750,5630,6591,4535,6166,6261,6338,5494,5860,4653,5600,5549,6525,4926,6896,7621,4068,6535,6790,5453,5697,5966,5799,5787,4397,7273,7199,5274,4610,6631,5516,6246,5777,6805,6808,5364,4695,4492,6722,4892,5586,5495,6048,4132,6293,6634,6191,5785,6201,6507,4068,8091,6498,5438,5704,6604,5983,4068,8137,5989,7139,5398,7664,6393,6721,5038,7333,6803,7425,5463,5612,8137,5023,5963,7258,6201,6694,5695,6478,4773,7788,5981,5410,6779,5633,4745,4732,6807,5939,5966,7198,4956,5358,5710,6197,6059,5810,6039,5992,5370,5275,6381,5195,4924,5784,5941,8137,5385,7061,6861,4892,6888,4897,4068,6718,4316,6560,5406,7789,7188,5640,5402,4867,5653,5816,5731,6261,6690,6457,5324,4639,7489,5400,5438,5571,4227,5615,5614,6732,6812,6105,7049,6447,6086,6265,5908,5700,5829,4954,6387,5091,6957,5848,6152,6604,6756,4504,5891,6997,4375,6495,4068,5062,6141,4417,5099,4605,7778,6269,6678,5875,5742,4458,5805,5327,6974,7262,7593,6969,5493,4967,6881,6464,4303,6463,6930,6161,5913,5280,4630,6915,5787,5864,7864,6798,6479,6246,7647,7850,7047,6694,4068,6227,5969,6197,7061,4068,5523,6376,5627,4661,6985,6383,5114,6422,6937,6107,6916,6181,5700,4922,6014,6299,6992,5984,6567,5120,5306,5989,5029,6936,6573,6385,6446,8137,5625,4068,6304,6050,5575,5106,5655,6286,5590,8137,5125,5295,4068,6357,4068,5553,5821,5380,7870,7113,7443,5204,7249,6606],num_heads:128,num_heads_kv:1,head_dim:576,head_dim_v:512,causal:0,dtype:bf16.
flash_mla:[D][746,8137]flash_mla,MLA:sparse:decode,is_fp8:1,topk:2048,batch_size:746,seqlen_q:2,seqlen_k:[7896,6508,7097,8137,8001,5108,7068,5948,5997,6519,6248,7580,6875,6225,6553,6441,7621,5893,6420,5233,4068,6766,6981,5347,8137,4622,6148,5911,7660,7596,6259,6486,5199,4087,5748,6261,7353,7324,5708,5794,5035,4657,4366,8085,5583,5656,4827,6892,4460,5885,5191,6495,5582,4901,6073,6537,6169,6409,5456,5733,5418,5736,5275,4346,6282,5693,4444,6572,5179,6154,6843,6233,7260,4846,6511,5405,5216,5513,5785,6159,4917,7018,6575,4539,7615,8030,7300,5919,5013,7174,5691,7345,6313,7095,6464,6820,6112,7918,6231,6510,8017,4731,4809,7087,4908,8078,5681,5341,8057,7607,8001,7023,5226,8044,5829,6918,7065,5944,6726,7039,6484,4983,6405,7450,5395,5949,5659,7982,6785,6516,5318,6650,5416,6134,5455,6789,6688,5890,6504,4990,4585,6548,6271,6747,8137,7062,5173,7238,4763,5632,6032,7844,5344,5261,6001,5427,7247,5003,4935,5656,5595,8064,7067,6191,4855,6960,5084,4530,7310,6424,7038,6426,6973,5439,5050,6795,5284,5400,5638,6119,5741,4703,5447,4068,6737,4472,4978,6155,5349,7671,4787,6373,6062,4914,6634,5927,6886,6939,8137,7461,5726,5858,7220,6768,6753,4457,6077,5351,6386,6002,7027,6424,6901,5627,5141,5684,6084,6487,8137,6059,5129,5750,5630,6591,4535,6166,6261,6338,5494,5860,4653,5600,5549,6525,4926,6896,7621,4068,6535,6790,5453,5697,5966,5799,5787,4397,7273,7199,5274,4610,6631,5516,6246,5777,6805,6808,5364,4695,4492,6722,4892,5586,5495,6048,4132,6293,6634,6191,5785,6201,6507,4068,8091,6498,5438,5704,6604,5983,4068,8137,5989,7139,5398,7664,6393,6721,5038,7333,6803,7425,5463,5612,8137,5023,5963,7258,6201,6694,5695,6478,4773,7788,5981,5410,6779,5633,4745,4732,6807,5939,5966,7198,4956,5358,5710,6197,6059,5810,6039,5992,5370,5275,6381,5195,4924,5784,5941,8137,5385,7061,6861,4892,6888,4897,4068,6718,4316,6560,5406,7789,7188,5640,5402,4867,5653,5816,5731,6261,6690,6457,5324,4639,7489,5400,5438,5571,4227,5615,5614,6732,6812,6105,7049,6447,6086,6265,5908,5700,5829,4954,6387,5091,6957,5848,6152,6604,6756,4504,5891,6997,4375,6495,4068,5062,6141,4417,5099,4605,7778,6269,6678,5875,5742,4458,5805,5327,6974,7262,7593,6969,5493,4967,6881,6464,4303,6463,6930,6161,5913,5280,4630,6915,5787,5864,7864,6798,6479,6246,7647,7850,7047,6694,4068,6227,5969,6197,7061,4068,5523,6376,5627,4661,6985,6383,5114,6422,6937,6107,6916,6181,5700,4922,6014,6299,6992,5984,6567,5120,5306,5989,5029,6936,6573,6385,6446,8137,5625,4068,6304,6050,5575,5106,5655,6286,5590,8137,5125,5295,4068,6357,4068,5553,5821,5380,7870,7113,7443,5204,7249,6606,6886,7148,5177,5670,6979,4068,7641,6664,6055,6326,5054,5746,7220,7422,8137,6026,5432,5579,5066,6022,6491,6067,7216,5863,5748,5510,4441,4507,4902,7425,7012,7500,4747,4099,5430,6280,6609,7167,6391,7874,5875,5173,4392,5197,6348,5198,7054,7538,4068,6980,4068,6510,7347,6167,4800,5506,5835,5916,5895,5990,6319,4872,5855,7646,5710,5650,7198,4068,7303,5459,6268,6199,7060,5829,5412,7421,4068,6122,4731,5327,8137,6056,6300,4290,5360,6301,6462,6729,6110,6637,6563,4241,6139,6882,6701,5731,5282,4964,5968,7254,4117,5430,4942,6900,5538,5623,5881,6554,5702,4068,6654,6548,5878,4999,6459,6487,5623,5881,5156,5920,4525,6526,5141,6344,4672,5501,5989,4413,6219,5716,4330,4776,6717,7012,5967,6513,6329,6437,7409,4569,6789,5713,5873,5794,5720,4854,6288,7801,6044,6100,5403,5982,6576,5725,5640,6512,5168,6358,6936,7485,6010,7492,7153,5088,4863,5791,7148,6028,5491,7680,6393,4068,6424,6630,6331,6559,6033,4761,5724,5140,5153,4817,6562,6201,5646,5441,6078,7199,4068,6485,5547,4185,4123,5173,6325,6501,5147,7136,7549,6504,5500,7245,6870,6984,5434,4068,8137,4463,6065,8137,6438,7067,4574,4294,5560,7211,5749,5293,6303,7202,4632,4870,5299,7215,6340,8137,7054,6066,7388,6317,5385,6793,5393,5806,7452,5998,5285,5629,7141,5540,5708,5583,6289,5709,4472,5199,5153,7366,6928,6699,5588,5272,5585,5032,8137,4068,6675,4795,5995,5097,4904,4942,7886,5966,5323,6667],num_heads:128,num_heads_kv:1,head_dim:576,head_dim_v:512,causal:0,dtype:bf16.
flash_mla:[D][1,19943]flash_mla,MLA:sparse:decode,is_fp8:1,topk:2048,batch_size:1,seqlen_q:2,seqlen_k:[19943],num_heads:128,num_heads_kv:1,head_dim:576,head_dim_v:512,causal:0,dtype:bf16.
flash_mla:[D][2,19943]flash_mla,MLA:sparse:decode,is_fp8:1,topk:2048,batch_size:2,seqlen_q:2,seqlen_k:[19943,16440],num_heads:128,num_heads_kv:1,head_dim:576,head_dim_v:512,causal:0,dtype:bf16.
flash_mla:[D][3,19943]flash_mla,MLA:sparse:decode,is_fp8:1,topk:2048,batch_size:3,seqlen_q:2,seqlen_k:[19943,16440,17926],num_heads:128,num_heads_kv:1,head_dim:576,head_dim_v:512,causal:0,dtype:bf16.
flash_mla:[D][5,20550]flash_mla,MLA:sparse:decode,is_fp8:1,topk:2048,batch_size:5,seqlen_q:2,seqlen_k:[19943,16440,17926,20550,20209],num_heads:128,num_heads_kv:1,head_dim:576,head_dim_v:512,causal:0,dtype:bf16.
flash_mla:[D][7,20550]flash_mla,MLA:sparse:decode,is_fp8:1,topk:2048,batch_size:7,seqlen_q:2,seqlen_k:[19943,16440,17926,20550,20209,12901,17852],num_heads:128,num_heads_kv:1,head_dim:576,head_dim_v:512,causal:0,dtype:bf16.
flash_mla:[D][10,20550]flash_mla,MLA:sparse:decode,is_fp8:1,topk:2048,batch_size:10,seqlen_q:2,seqlen_k:[19943,16440,17926,20550,20209,12901,17852,15023,15146,16466],num_heads:128,num_heads_kv:1,head_dim:576,head_dim_v:512,causal:0,dtype:bf16.
flash_mla:[D][14,20550]flash_mla,MLA:sparse:decode,is_fp8:1,topk:2048,batch_size:14,seqlen_q:2,seqlen_k:[19943,16440,17926,20550,20209,12901,17852,15023,15146,16466,15782,19148,17367,15724],num_heads:128,num_heads_kv:1,head_dim:576,head_dim_v:512,causal:0,dtype:bf16.
flash_mla:[D][21,20550]flash_mla,MLA:sparse:decode,is_fp8:1,topk:2048,batch_size:21,seqlen_q:2,seqlen_k:[19943,16440,17926,20550,20209,12901,17852,15023,15146,16466,15782,19148,17367,15724,16552,16269,19250,14884,16216,13217,10275],num_heads:128,num_heads_kv:1,head_dim:576,head_dim_v:512,causal:0,dtype:bf16.
flash_mla:[D][30,20550]flash_mla,MLA:sparse:decode,is_fp8:1,topk:2048,batch_size:30,seqlen_q:2,seqlen_k:[19943,16440,17926,20550,20209,12901,17852,15023,15146,16466,15782,19148,17367,15724,16552,16269,19250,14884,16216,13217,10275,17091,17632,13505,20550,11675,15529,14931,19349,19186],num_heads:128,num_heads_kv:1,head_dim:576,head_dim_v:512,causal:0,dtype:bf16.
flash_mla:[D][44,20550]flash_mla,MLA:sparse:decode,is_fp8:1,topk:2048,batch_size:44,seqlen_q:2,seqlen_k:[19943,16440,17926,20550,20209,12901,17852,15023,15146,16466,15782,19148,17367,15724,16552,16269,19250,14884,16216,13217,10275,17091,17632,13505,20550,11675,15529,14931,19349,19186,15810,16383,13131,10323,14518,15813,18572,18500,14416,14635,12718,11763,11028,20423],num_heads:128,num_heads_kv:1,head_dim:576,head_dim_v:512,causal:0,dtype:bf16.
flash_mla:[D][65,20550]flash_mla,MLA:sparse:decode,is_fp8:1,topk:2048,batch_size:65,seqlen_q:2,seqlen_k:[19943,16440,17926,20550,20209,12901,17852,15023,15146,16466,15782,19148,17367,15724,16552,16269,19250,14884,16216,13217,10275,17091,17632,13505,20550,11675,15529,14931,19349,19186,15810,16383,13131,10323,14518,15813,18572,18500,14416,14635,12718,11763,11028,20423,14102,14286,12193,17409,11265,14865,13111,16405,14099,12378,15339,16512,15582,16189,13782,14480,13684,14488,13323,10977,15867],num_heads:128,num_heads_kv:1,head_dim:576,head_dim_v:512,causal:0,dtype:bf16.
flash_mla:[D][95,20550]flash_mla,MLA:sparse:decode,is_fp8:1,topk:2048,batch_size:95,seqlen_q:2,seqlen_k:[19943,16440,17926,20550,20209,12901,17852,15023,15146,16466,15782,19148,17367,15724,16552,16269,19250,14884,16216,13217,10275,17091,17632,13505,20550,11675,15529,14931,19349,19186,15810,16383,13131,10323,14518,15813,18572,18500,14416,14635,12718,11763,11028,20423,14102,14286,12193,17409,11265,14865,13111,16405,14099,12378,15339,16512,15582,16189,13782,14480,13684,14488,13323,10977,15867,14379,11224,16600,13081,15545,17285,15743,18339,12239,16445,13652,13174,13924,14611,15556,12418,17726,16608,11465,19235,20282,18440,14949,12661,18120,14376,18552,15947,17920,16327],num_heads:128,num_heads_kv:1,head_dim:576,head_dim_v:512,causal:0,dtype:bf16.
flash_mla:[D][139,20550]flash_mla,MLA:sparse:decode,is_fp8:1,topk:2048,batch_size:139,seqlen_q:2,seqlen_k:[19943,16440,17926,20550,20209,12901,17852,15023,15146,16466,15782,19148,17367,15724,16552,16269,19250,14884,16216,13217,10275,17091,17632,13505,20550,11675,15529,14931,19349,19186,15810,16383,13131,10323,14518,15813,18572,18500,14416,14635,12718,11763,11028,20423,14102,14286,12193,17409,11265,14865,13111,16405,14099,12378,15339,16512,15582,16189,13782,14480,13684,14488,13323,10977,15867,14379,11224,16600,13081,15545,17285,15743,18339,12239,16445,13652,13174,13924,14611,15556,12418,17726,16608,11465,19235,20282,18440,14949,12661,18120,14376,18552,15947,17920,16327,17227,15438,19999,15738,16444,20249,11949,12148,17902,12398,20405,14349,13491,20352,19215,20209,17739,13199,20318,14723,17473,17845,15013,16989,17781,16379,12587,16178,18819,13627,15027,14294,20162,17139,16458,13434,16797,13679,15493,13778,17149,16893,14876,16429],num_heads:128,num_heads_kv:1,head_dim:576,head_dim_v:512,causal:0,dtype:bf16.
flash_mla:[D][203,20550]flash_mla,MLA:sparse:decode,is_fp8:1,topk:2048,batch_size:203,seqlen_q:2,seqlen_k:[19943,16440,17926,20550,20209,12901,17852,15023,15146,16466,15782,19148,17367,15724,16552,16269,19250,14884,16216,13217,10275,17091,17632,13505,20550,11675,15529,14931,19349,19186,15810,16383,13131,10323,14518,15813,18572,18500,14416,14635,12718,11763,11028,20423,14102,14286,12193,17409,11265,14865,13111,16405,14099,12378,15339,16512,15582,16189,13782,14480,13684,14488,13323,10977,15867,14379,11224,16600,13081,15545,17285,15743,18339,12239,16445,13652,13174,13924,14611,15556,12418,17726,16608,11465,19235,20282,18440,14949,12661,18120,14376,18552,15947,17920,16327,17227,15438,19999,15738,16444,20249,11949,12148,17902,12398,20405,14349,13491,20352,19215,20209,17739,13199,20318,14723,17473,17845,15013,16989,17781,16379,12587,16178,18819,13627,15027,14294,20162,17139,16458,13434,16797,13679,15493,13778,17149,16893,14876,16429,12603,11580,16540,15840,17043,20550,17838,13066,18281,12031,14226,15236,19813,13498,13288,15159,13707,18306,12637,12464,14287,14132,20368,17851,15636,12263,17581,12842,11443,18464,16226,17777,16230,17613,13739,12755,17163,13348,13640,14241,15456,14502,11879,13758,10275,17018,11296,12574,15546,13512,19376,12090,16098,15311,12411,16756,14971,17394,17527,20550,18845,14463,14797,18237],num_heads:128,num_heads_kv:1,head_dim:576,head_dim_v:512,causal:0,dtype:bf16.
flash_mla:[D][296,20550]flash_mla,MLA:sparse:decode,is_fp8:1,topk:2048,batch_size:296,seqlen_q:2,seqlen_k:[19943,16440,17926,20550,20209,12901,17852,15023,15146,16466,15782,19148,17367,15724,16552,16269,19250,14884,16216,13217,10275,17091,17632,13505,20550,11675,15529,14931,19349,19186,15810,16383,13131,10323,14518,15813,18572,18500,14416,14635,12718,11763,11028,20423,14102,14286,12193,17409,11265,14865,13111,16405,14099,12378,15339,16512,15582,16189,13782,14480,13684,14488,13323,10977,15867,14379,11224,16600,13081,15545,17285,15743,18339,12239,16445,13652,13174,13924,14611,15556,12418,17726,16608,11465,19235,20282,18440,14949,12661,18120,14376,18552,15947,17920,16327,17227,15438,19999,15738,16444,20249,11949,12148,17902,12398,20405,14349,13491,20352,19215,20209,17739,13199,20318,14723,17473,17845,15013,16989,17781,16379,12587,16178,18819,13627,15027,14294,20162,17139,16458,13434,16797,13679,15493,13778,17149,16893,14876,16429,12603,11580,16540,15840,17043,20550,17838,13066,18281,12031,14226,15236,19813,13498,13288,15159,13707,18306,12637,12464,14287,14132,20368,17851,15636,12263,17581,12842,11443,18464,16226,17777,16230,17613,13739,12755,17163,13348,13640,14241,15456,14502,11879,13758,10275,17018,11296,12574,15546,13512,19376,12090,16098,15311,12411,16756,14971,17394,17527,20550,18845,14463,14797,18237,17095,17056,11258,15349,13515,16131,15159,17750,16226,17432,14213,12985,14358,15368,16386,20550,15303,12956,14523,14221,16648,11453,15574,15814,16008,13877,14800,11753,14144,14017,16480,12441,17418,19251,10275,16507,17150,13774,14391,15070,14646,14618,11106,18372,18185,13322,11644,16750,13932,15776,14591,17188,17196,13547,11858,11345,16980,12357,14109,13880,15276,10437,15896,16757,15639,14613,15662,16437,10275,20436,16414,13735,14407,16680,15113,10275,20550,15128,18032,13634,19358,16147,16976,12726,18523,17184,18756,13798,14176,20550,12688,15062,18332],num_heads:128,num_heads_kv:1,head_dim:576,head_dim_v:512,causal:0,dtype:bf16.
flash_mla:[D][1,50367]flash_mla,MLA:sparse:decode,is_fp8:1,topk:2048,batch_size:1,seqlen_q:2,seqlen_k:[50367],num_heads:128,num_heads_kv:1,head_dim:576,head_dim_v:512,causal:0,dtype:bf16.
flash_mla:[D][2,50367]flash_mla,MLA:sparse:decode,is_fp8:1,topk:2048,batch_size:2,seqlen_q:2,seqlen_k:[50367,41519],num_heads:128,num_heads_kv:1,head_dim:576,head_dim_v:512,causal:0,dtype:bf16.
flash_mla:[D][3,50367]flash_mla,MLA:sparse:decode,is_fp8:1,topk:2048,batch_size:3,seqlen_q:2,seqlen_k:[50367,41519,45273],num_heads:128,num_heads_kv:1,head_dim:576,head_dim_v:512,causal:0,dtype:bf16.
flash_mla:[D][4,51899]flash_mla,MLA:sparse:decode,is_fp8:1,topk:2048,batch_size:4,seqlen_q:2,seqlen_k:[50367,41519,45273,51899],num_heads:128,num_heads_kv:1,head_dim:576,head_dim_v:512,causal:0,dtype:bf16.
flash_mla:[D][5,51899]flash_mla,MLA:sparse:decode,is_fp8:1,topk:2048,batch_size:5,seqlen_q:2,seqlen_k:[50367,41519,45273,51899,51038],num_heads:128,num_heads_kv:1,head_dim:576,head_dim_v:512,causal:0,dtype:bf16.
flash_mla:[D][7,51899]flash_mla,MLA:sparse:decode,is_fp8:1,topk:2048,batch_size:7,seqlen_q:2,seqlen_k:[50367,41519,45273,51899,51038,32584,45087],num_heads:128,num_heads_kv:1,head_dim:576,head_dim_v:512,causal:0,dtype:bf16.
flash_mla:[D][9,51899]flash_mla,MLA:sparse:decode,is_fp8:1,topk:2048,batch_size:9,seqlen_q:2,seqlen_k:[50367,41519,45273,51899,51038,32584,45087,37942,38254],num_heads:128,num_heads_kv:1,head_dim:576,head_dim_v:512,causal:0,dtype:bf16.
flash_mla:[D][13,51899]flash_mla,MLA:sparse:decode,is_fp8:1,topk:2048,batch_size:13,seqlen_q:2,seqlen_k:[50367,41519,45273,51899,51038,32584,45087,37942,38254,41587,39858,48357,43860],num_heads:128,num_heads_kv:1,head_dim:576,head_dim_v:512,causal:0,dtype:bf16.
flash_mla:[D][17,51899]flash_mla,MLA:sparse:decode,is_fp8:1,topk:2048,batch_size:17,seqlen_q:2,seqlen_k:[50367,41519,45273,51899,51038,32584,45087,37942,38254,41587,39858,48357,43860,39713,41803,41088,48616],num_heads:128,num_heads_kv:1,head_dim:576,head_dim_v:512,causal:0,dtype:bf16.
flash_mla:[D][24,51899]flash_mla,MLA:sparse:decode,is_fp8:1,topk:2048,batch_size:24,seqlen_q:2,seqlen_k:[50367,41519,45273,51899,51038,32584,45087,37942,38254,41587,39858,48357,43860,39713,41803,41088,48616,37593,40954,33383,25949,43164,44531,34109],num_heads:128,num_heads_kv:1,head_dim:576,head_dim_v:512,causal:0,dtype:bf16.
flash_mla:[D][33,51899]flash_mla,MLA:sparse:decode,is_fp8:1,topk:2048,batch_size:33,seqlen_q:2,seqlen_k:[50367,41519,45273,51899,51038,32584,45087,37942,38254,41587,39858,48357,43860,39713,41803,41088,48616,37593,40954,33383,25949,43164,44531,34109,51899,29489,39220,37709,48867,48455,39929,41377,33164],num_heads:128,num_heads_kv:1,head_dim:576,head_dim_v:512,causal:0,dtype:bf16.
flash_mla:[D][45,51899]flash_mla,MLA:sparse:decode,is_fp8:1,topk:2048,batch_size:45,seqlen_q:2,seqlen_k:[50367,41519,45273,51899,51038,32584,45087,37942,38254,41587,39858,48357,43860,39713,41803,41088,48616,37593,40954,33383,25949,43164,44531,34109,51899,29489,39220,37709,48867,48455,39929,41377,33164,26074,36667,39938,46904,46723,36411,36962,32122,29712,27855,51578,35617],num_heads:128,num_heads_kv:1,head_dim:576,head_dim_v:512,causal:0,dtype:bf16.
flash_mla:[D][62,51899]flash_mla,MLA:sparse:decode,is_fp8:1,topk:2048,batch_size:62,seqlen_q:2,seqlen_k:[50367,41519,45273,51899,51038,32584,45087,37942,38254,41587,39858,48357,43860,39713,41803,41088,48616,37593,40954,33383,25949,43164,44531,34109,51899,29489,39220,37709,48867,48455,39929,41377,33164,26074,36667,39938,46904,46723,36411,36962,32122,29712,27855,51578,35617,36082,30797,43967,28454,37543,33115,41433,35610,31265,38741,41702,39355,40886,34809,36570,34561,36591],num_heads:128,num_heads_kv:1,head_dim:576,head_dim_v:512,causal:0,dtype:bf16.
flash_mla:[D][85,51899]flash_mla,MLA:sparse:decode,is_fp8:1,topk:2048,batch_size:85,seqlen_q:2,seqlen_k:[50367,41519,45273,51899,51038,32584,45087,37942,38254,41587,39858,48357,43860,39713,41803,41088,48616,37593,40954,33383,25949,43164,44531,34109,51899,29489,39220,37709,48867,48455,39929,41377,33164,26074,36667,39938,46904,46723,36411,36962,32122,29712,27855,51578,35617,36082,30797,43967,28454,37543,33115,41433,35610,31265,38741,41702,39355,40886,34809,36570,34561,36591,33649,27725,40074,36317,28348,41926,33038,39260,43653,39760,46315,30913,41533,34481,33275,35169,36902,39288,31365,44767,41944,28958,48578],num_heads:128,num_heads_kv:1,head_dim:576,head_dim_v:512,causal:0,dtype:bf16.
flash_mla:[D][117,51899]flash_mla,MLA:sparse:decode,is_fp8:1,topk:2048,batch_size:117,seqlen_q:2,seqlen_k:[50367,41519,45273,51899,51038,32584,45087,37942,38254,41587,39858,48357,43860,39713,41803,41088,48616,37593,40954,33383,25949,43164,44531,34109,51899,29489,39220,37709,48867,48455,39929,41377,33164,26074,36667,39938,46904,46723,36411,36962,32122,29712,27855,51578,35617,36082,30797,43967,28454,37543,33115,41433,35610,31265,38741,41702,39355,40886,34809,36570,34561,36591,33649,27725,40074,36317,28348,41926,33038,39260,43653,39760,46315,30913,41533,34481,33275,35169,36902,39288,31365,44767,41944,28958,48578,51222,46570,37756,31978,45764,36308,46854,40275,45259,41235,43507,38992,50508,39747,41531,51139,30181,30682,45212,31313,51532,36240,34075,51398,48528,51038,44801,33337,51314,37185,44129,45068],num_heads:128,num_heads_kv:1,head_dim:576,head_dim_v:512,causal:0,dtype:bf16.
flash_mla:[D][1,127206]flash_mla,MLA:sparse:decode,is_fp8:1,topk:2048,batch_size:1,seqlen_q:2,seqlen_k:[127206],num_heads:128,num_heads_kv:1,head_dim:576,head_dim_v:512,causal:0,dtype:bf16.
flash_mla:[D][2,127206]flash_mla,MLA:sparse:decode,is_fp8:1,topk:2048,batch_size:2,seqlen_q:2,seqlen_k:[127206,104860],num_heads:128,num_heads_kv:1,head_dim:576,head_dim_v:512,causal:0,dtype:bf16.
flash_mla:[D][3,127206]flash_mla,MLA:sparse:decode,is_fp8:1,topk:2048,batch_size:3,seqlen_q:2,seqlen_k:[127206,104860,114339],num_heads:128,num_heads_kv:1,head_dim:576,head_dim_v:512,causal:0,dtype:bf16.
flash_mla:[D][4,131072]flash_mla,MLA:sparse:decode,is_fp8:1,topk:2048,batch_size:4,seqlen_q:2,seqlen_k:[127206,104860,114339,131072],num_heads:128,num_heads_kv:1,head_dim:576,head_dim_v:512,causal:0,dtype:bf16.
flash_mla:[D][5,131072]flash_mla,MLA:sparse:decode,is_fp8:1,topk:2048,batch_size:5,seqlen_q:2,seqlen_k:[127206,104860,114339,131072,128902],num_heads:128,num_heads_kv:1,head_dim:576,head_dim_v:512,causal:0,dtype:bf16.
flash_mla:[D][6,131072]flash_mla,MLA:sparse:decode,is_fp8:1,topk:2048,batch_size:6,seqlen_q:2,seqlen_k:[127206,104860,114339,131072,128902,82292],num_heads:128,num_heads_kv:1,head_dim:576,head_dim_v:512,causal:0,dtype:bf16.
flash_mla:[D][8,131072]flash_mla,MLA:sparse:decode,is_fp8:1,topk:2048,batch_size:8,seqlen_q:2,seqlen_k:[127206,104860,114339,131072,128902,82292,113870,95824],num_heads:128,num_heads_kv:1,head_dim:576,head_dim_v:512,causal:0,dtype:bf16.
flash_mla:[D][10,131072]flash_mla,MLA:sparse:decode,is_fp8:1,topk:2048,batch_size:10,seqlen_q:2,seqlen_k:[127206,104860,114339,131072,128902,82292,113870,95824,96612,105031],num_heads:128,num_heads_kv:1,head_dim:576,head_dim_v:512,causal:0,dtype:bf16.
flash_mla:[D][13,131072]flash_mla,MLA:sparse:decode,is_fp8:1,topk:2048,batch_size:13,seqlen_q:2,seqlen_k:[127206,104860,114339,131072,128902,82292,113870,95824,96612,105031,100664,122130,110772],num_heads:128,num_heads_kv:1,head_dim:576,head_dim_v:512,causal:0,dtype:bf16.
flash_mla:[D][17,131072]flash_mla,MLA:sparse:decode,is_fp8:1,topk:2048,batch_size:17,seqlen_q:2,seqlen_k:[127206,104860,114339,131072,128902,82292,113870,95824,96612,105031,100664,122130,110772,100297,105576,103770,122782],num_heads:128,num_heads_kv:1,head_dim:576,head_dim_v:512,causal:0,dtype:bf16.
flash_mla:[D][21,131072]flash_mla,MLA:sparse:decode,is_fp8:1,topk:2048,batch_size:21,seqlen_q:2,seqlen_k:[127206,104860,114339,131072,128902,82292,113870,95824,96612,105031,100664,122130,110772,100297,105576,103770,122782,94942,103433,84310,65536],num_heads:128,num_heads_kv:1,head_dim:576,head_dim_v:512,causal:0,dtype:bf16.
flash_mla:[D][28,131072]flash_mla,MLA:sparse:decode,is_fp8:1,topk:2048,batch_size:28,seqlen_q:2,seqlen_k:[127206,104860,114339,131072,128902,82292,113870,95824,96612,105031,100664,122130,110772,100297,105576,103770,122782,94942,103433,84310,65536,109012,112466,86144,131072,74475,99053,95237],num_heads:128,num_heads_kv:1,head_dim:576,head_dim_v:512,causal:0,dtype:bf16.
flash_mla:[D][36,131072]flash_mla,MLA:sparse:decode,is_fp8:1,topk:2048,batch_size:36,seqlen_q:2,seqlen_k:[127206,104860,114339,131072,128902,82292,113870,95824,96612,105031,100664,122130,110772,100297,105576,103770,122782,94942,103433,84310,65536,109012,112466,86144,131072,74475,99053,95237,123417,122377,100842,104499,83758,65850,92603,100865],num_heads:128,num_heads_kv:1,head_dim:576,head_dim_v:512,causal:0,dtype:bf16.
flash_mla:[D][46,131072]flash_mla,MLA:sparse:decode,is_fp8:1,topk:2048,batch_size:46,seqlen_q:2,seqlen_k:[127206,104860,114339,131072,128902,82292,113870,95824,96612,105031,100664,122130,110772,100297,105576,103770,122782,94942,103433,84310,65536,109012,112466,86144,131072,74475,99053,95237,123417,122377,100842,104499,83758,65850,92603,100865,118461,118003,91958,93351,81124,75038,70348,130265,89953,91126],num_heads:128,num_heads_kv:1,head_dim:576,head_dim_v:512,causal:0,dtype:bf16.
flash_mla:[D][1,194]flash_mla,MLA:sparse:decode,is_fp8:1,topk:2048,batch_size:1,seqlen_q:4,seqlen_k:[194],num_heads:128,num_heads_kv:1,head_dim:576,head_dim_v:512,causal:0,dtype:bf16.
flash_mla:[D][2,194]flash_mla,MLA:sparse:decode,is_fp8:1,topk:2048,batch_size:2,seqlen_q:4,seqlen_k:[194,160],num_heads:128,num_heads_kv:1,head_dim:576,head_dim_v:512,causal:0,dtype:bf16.
flash_mla:[D][3,194]flash_mla,MLA:sparse:decode,is_fp8:1,topk:2048,batch_size:3,seqlen_q:4,seqlen_k:[194,160,174],num_heads:128,num_heads_kv:1,head_dim:576,head_dim_v:512,causal:0,dtype:bf16.
flash_mla:[D][4,200]flash_mla,MLA:sparse:decode,is_fp8:1,topk:2048,batch_size:4,seqlen_q:4,seqlen_k:[194,160,174,200],num_heads:128,num_heads_kv:1,head_dim:576,head_dim_v:512,causal:0,dtype:bf16.
flash_mla:[D][7,200]flash_mla,MLA:sparse:decode,is_fp8:1,topk:2048,batch_size:7,seqlen_q:4,seqlen_k:[194,160,174,200,196,125,173],num_heads:128,num_heads_kv:1,head_dim:576,head_dim_v:512,causal:0,dtype:bf16.
flash_mla:[D][11,200]flash_mla,MLA:sparse:decode,is_fp8:1,topk:2048,batch_size:11,seqlen_q:4,seqlen_k:[194,160,174,200,196,125,173,146,147,160,153],num_heads:128,num_heads_kv:1,head_dim:576,head_dim_v:512,causal:0,dtype:bf16.
flash_mla:[D][19,200]flash_mla,MLA:sparse:decode,is_fp8:1,topk:2048,batch_size:19,seqlen_q:4,seqlen_k:[194,160,174,200,196,125,173,146,147,160,153,186,169,153,161,158,187,144,157],num_heads:128,num_heads_kv:1,head_dim:576,head_dim_v:512,causal:0,dtype:bf16.
flash_mla:[D][30,200]flash_mla,MLA:sparse:decode,is_fp8:1,topk:2048,batch_size:30,seqlen_q:4,seqlen_k:[194,160,174,200,196,125,173,146,147,160,153,186,169,153,161,158,187,144,157,128,100,166,171,131,200,113,151,145,188,186],num_heads:128,num_heads_kv:1,head_dim:576,head_dim_v:512,causal:0,dtype:bf16.
flash_mla:[D][49,200]flash_mla,MLA:sparse:decode,is_fp8:1,topk:2048,batch_size:49,seqlen_q:4,seqlen_k:[194,160,174,200,196,125,173,146,147,160,153,186,169,153,161,158,187,144,157,128,100,166,171,131,200,113,151,145,188,186,153,159,127,100,141,153,180,180,140,142,123,114,107,198,137,139,118,169,109],num_heads:128,num_heads_kv:1,head_dim:576,head_dim_v:512,causal:0,dtype:bf16.
flash_mla:[D][80,200]flash_mla,MLA:sparse:decode,is_fp8:1,topk:2048,batch_size:80,seqlen_q:4,seqlen_k:[194,160,174,200,196,125,173,146,147,160,153,186,169,153,161,158,187,144,157,128,100,166,171,131,200,113,151,145,188,186,153,159,127,100,141,153,180,180,140,142,123,114,107,198,137,139,118,169,109,144,127,159,137,120,149,160,151,157,134,140,133,141,129,106,154,139,109,161,127,151,168,153,178,119,160,132,128,135,142,151],num_heads:128,num_heads_kv:1,head_dim:576,head_dim_v:512,causal:0,dtype:bf16.
flash_mla:[D][131,200]flash_mla,MLA:sparse:decode,is_fp8:1,topk:2048,batch_size:131,seqlen_q:4,seqlen_k:[194,160,174,200,196,125,173,146,147,160,153,186,169,153,161,158,187,144,157,128,100,166,171,131,200,113,151,145,188,186,153,159,127,100,141,153,180,180,140,142,123,114,107,198,137,139,118,169,109,144,127,159,137,120,149,160,151,157,134,140,133,141,129,106,154,139,109,161,127,151,168,153,178,119,160,132,128,135,142,151,120,172,161,111,187,197,179,145,123,176,139,180,155,174,158,167,150,194,153,160,197,116,118,174,120,198,139,131,198,187,196,172,128,197,143,170,173,146,165,173,159,122,157,183,132,146,139,196,166,160,130],num_heads:128,num_heads_kv:1,head_dim:576,head_dim_v:512,causal:0,dtype:bf16.
flash_mla:[D][213,200]flash_mla,MLA:sparse:decode,is_fp8:1,topk:2048,batch_size:213,seqlen_q:4,seqlen_k:[194,160,174,200,196,125,173,146,147,160,153,186,169,153,161,158,187,144,157,128,100,166,171,131,200,113,151,145,188,186,153,159,127,100,141,153,180,180,140,142,123,114,107,198,137,139,118,169,109,144,127,159,137,120,149,160,151,157,134,140,133,141,129,106,154,139,109,161,127,151,168,153,178,119,160,132,128,135,142,151,120,172,161,111,187,197,179,145,123,176,139,180,155,174,158,167,150,194,153,160,197,116,118,174,120,198,139,131,198,187,196,172,128,197,143,170,173,146,165,173,159,122,157,183,132,146,139,196,166,160,130,163,133,150,134,166,164,144,159,122,112,160,154,165,200,173,127,177,117,138,148,192,131,129,147,133,178,123,121,139,137,198,173,152,119,171,124,111,179,157,173,157,171,133,124,167,129,132,138,150,141,115,133,100,165,109,122,151,131,188,117,156,149,120,163,145,169,170,200,183,140,144,177,166,166,109,149,131,156,147,172,157,169],num_heads:128,num_heads_kv:1,head_dim:576,head_dim_v:512,causal:0,dtype:bf16.
flash_mla:[D][346,200]flash_mla,MLA:sparse:decode,is_fp8:1,topk:2048,batch_size:346,seqlen_q:4,seqlen_k:[194,160,174,200,196,125,173,146,147,160,153,186,169,153,161,158,187,144,157,128,100,166,171,131,200,113,151,145,188,186,153,159,127,100,141,153,180,180,140,142,123,114,107,198,137,139,118,169,109,144,127,159,137,120,149,160,151,157,134,140,133,141,129,106,154,139,109,161,127,151,168,153,178,119,160,132,128,135,142,151,120,172,161,111,187,197,179,145,123,176,139,180,155,174,158,167,150,194,153,160,197,116,118,174,120,198,139,131,198,187,196,172,128,197,143,170,173,146,165,173,159,122,157,183,132,146,139,196,166,160,130,163,133,150,134,166,164,144,159,122,112,160,154,165,200,173,127,177,117,138,148,192,131,129,147,133,178,123,121,139,137,198,173,152,119,171,124,111,179,157,173,157,171,133,124,167,129,132,138,150,141,115,133,100,165,109,122,151,131,188,117,156,149,120,163,145,169,170,200,183,140,144,177,166,166,109,149,131,156,147,172,157,169,138,126,139,149,159,200,148,126,141,138,162,111,151,153,155,135,144,114,137,136,160,121,169,187,100,160,166,134,140,146,142,142,108,178,176,129,113,163,135,153,142,167,167,131,115,110,165,120,137,135,148,101,154,163,152,142,152,159,100,198,159,133,140,162,147,100,200,147,175,132,188,157,165,123,180,167,182,134,137,200,123,146,178,152,164,140,159,117,191,147,132,166,138,116,116,167,146,146,176,121,131,140,152,148,142,148,147,132,129,156,127,121,142,146,200,132,173,168,120,169,120,100,165,106,161,132,191,176,138,132,119,138,142],num_heads:128,num_heads_kv:1,head_dim:576,head_dim_v:512,causal:0,dtype:bf16.
flash_mla:[D][563,200]flash_mla,MLA:sparse:decode,is_fp8:1,topk:2048,batch_size:563,seqlen_q:4,seqlen_k:[194,160,174,200,196,125,173,146,147,160,153,186,169,153,161,158,187,144,157,128,100,166,171,131,200,113,151,145,188,186,153,159,127,100,141,153,180,180,140,142,123,114,107,198,137,139,118,169,109,144,127,159,137,120,149,160,151,157,134,140,133,141,129,106,154,139,109,161,127,151,168,153,178,119,160,132,128,135,142,151,120,172,161,111,187,197,179,145,123,176,139,180,155,174,158,167,150,194,153,160,197,116,118,174,120,198,139,131,198,187,196,172,128,197,143,170,173,146,165,173,159,122,157,183,132,146,139,196,166,160,130,163,133,150,134,166,164,144,159,122,112,160,154,165,200,173,127,177,117,138,148,192,131,129,147,133,178,123,121,139,137,198,173,152,119,171,124,111,179,157,173,157,171,133,124,167,129,132,138,150,141,115,133,100,165,109,122,151,131,188,117,156,149,120,163,145,169,170,200,183,140,144,177,166,166,109,149,131,156,147,172,157,169,138,126,139,149,159,200,148,126,141,138,162,111,151,153,155,135,144,114,137,136,160,121,169,187,100,160,166,134,140,146,142,142,108,178,176,129,113,163,135,153,142,167,167,131,115,110,165,120,137,135,148,101,154,163,152,142,152,159,100,198,159,133,140,162,147,100,200,147,175,132,188,157,165,123,180,167,182,134,137,200,123,146,178,152,164,140,159,117,191,147,132,166,138,116,116,167,146,146,176,121,131,140,152,148,142,148,147,132,129,156,127,121,142,146,200,132,173,168,120,169,120,100,165,106,161,132,191,176,138,132,119,138,142,140,153,164,158,130,114,184,132,133,136,103,138,138,165,167,150,173,158,149,154,145,140,143,121,157,125,171,143,151,162,166,110,144,172,107,159,100,124,150,108,125,113,191,154,164,144,141,109,142,130,171,178,186,171,135,122,169,158,105,158,170,151,145,129,113,170,142,144,193,167,159,153,187,192,173,164,100,153,146,152,173,100,135,156,138,114,171,156,125,157,170,150,170,151,140,121,147,154,171,147,161,125,130,147,123,170,161,156,158,200,138,100,154,148,137,125,139,154,137,200,125,130,100,156,100,136,143,132,193,174,182,127,178,162,169,175,127,139,171,100,187,163,148,155,124,141,177,182,200,148,133,137,124,148,159,149,177,144,141,135,109,110,120,182,172,184,116,100,133,154,162,176,157,193,144,127,107,127,156,127,173,185,100,171,100,160,180,151,118,135,143,145,144,147,155,119,143,187,140,138,176,100,179,134,154,152,173,143,133,182,100,150,116,130,200,148,154],num_heads:128,num_heads_kv:1,head_dim:576,head_dim_v:512,causal:0,dtype:bf16.
flash_mla:[D][917,200]flash_mla,MLA:sparse:decode,is_fp8:1,topk:2048,batch_size:917,seqlen_q:4,seqlen_k:[194,160,174,200,196,125,173,146,147,160,153,186,169,153,161,158,187,144,157,128,100,166,171,131,200,113,151,145,188,186,153,159,127,100,141,153,180,180,140,142,123,114,107,198,137,139,118,169,109,144,127,159,137,120,149,160,151,157,134,140,133,141,129,106,154,139,109,161,127,151,168,153,178,119,160,132,128,135,142,151,120,172,161,111,187,197,179,145,123,176,139,180,155,174,158,167,150,194,153,160,197,116,118,174,120,198,139,131,198,187,196,172,128,197,143,170,173,146,165,173,159,122,157,183,132,146,139,196,166,160,130,163,133,150,134,166,164,144,159,122,112,160,154,165,200,173,127,177,117,138,148,192,131,129,147,133,178,123,121,139,137,198,173,152,119,171,124,111,179,157,173,157,171,133,124,167,129,132,138,150,141,115,133,100,165,109,122,151,131,188,117,156,149,120,163,145,169,170,200,183,140,144,177,166,166,109,149,131,156,147,172,157,169,138,126,139,149,159,200,148,126,141,138,162,111,151,153,155,135,144,114,137,136,160,121,169,187,100,160,166,134,140,146,142,142,108,178,176,129,113,163,135,153,142,167,167,131,115,110,165,120,137,135,148,101,154,163,152,142,152,159,100,198,159,133,140,162,147,100,200,147,175,132,188,157,165,123,180,167,182,134,137,200,123,146,178,152,164,140,159,117,191,147,132,166,138,116,116,167,146,146,176,121,131,140,152,148,142,148,147,132,129,156,127,121,142,146,200,132,173,168,120,169,120,100,165,106,161,132,191,176,138,132,119,138,142,140,153,164,158,130,114,184,132,133,136,103,138,138,165,167,150,173,158,149,154,145,140,143,121,157,125,171,143,151,162,166,110,144,172,107,159,100,124,150,108,125,113,191,154,164,144,141,109,142,130,171,178,186,171,135,122,169,158,105,158,170,151,145,129,113,170,142,144,193,167,159,153,187,192,173,164,100,153,146,152,173,100,135,156,138,114,171,156,125,157,170,150,170,151,140,121,147,154,171,147,161,125,130,147,123,170,161,156,158,200,138,100,154,148,137,125,139,154,137,200,125,130,100,156,100,136,143,132,193,174,182,127,178,162,169,175,127,139,171,100,187,163,148,155,124,141,177,182,200,148,133,137,124,148,159,149,177,144,141,135,109,110,120,182,172,184,116,100,133,154,162,176,157,193,144,127,107,127,156,127,173,185,100,171,100,160,180,151,118,135,143,145,144,147,155,119,143,187,140,138,176,100,179,134,154,152,173,143,133,182,100,150,116,130,200,148,154,105,131,154,158,165,150,163,161,104,150,169,164,140,129,122,146,178,101,133,121,169,136,138,144,161,140,100,163,160,144,122,158,159,138,144,126,145,111,160,126,155,114,135,147,108,152,140,106,117,165,172,146,160,155,158,182,112,166,140,144,142,140,119,154,191,148,149,132,147,161,140,138,160,127,156,170,183,147,184,175,125,119,142,175,148,134,188,157,100,157,163,155,161,148,117,140,126,126,118,161,152,138,133,149,176,100,159,136,102,101,127,155,159,126,175,185,159,135,178,168,171,133,100,200,109,149,200,158,173,112,105,136,177,141,130,154,177,113,119,130,177,155,200,173,149,181,155,132,166,132,142,183,147,129,138,175,136,140,137,154,140,109,127,126,181,170,164,137,129,137,123,200,100,164,117,147,125,120,121,193,146,130,163,150,168,104,157,169,108,161,192,149,170,166,132,150,110,138,156,168,150,167,122,147,150,196,144,137,150,127,154,140,105,148,142,109,148,187,163,165,116,161,153,163,160,116,148,131,148,127,182,128,127,151,123,139,129,185,169,148,140,173,160,162,149,107,147,136,166,175,133,161,193,133,192,128,150,149,150,129,135,133,158,158,200,184,137,158,174,150,148,151,171,128,141,161,157,155,140,174,200,160,145,168,136,131,150,100,121,141,116,124,139,108,139,136,150,178,154,150,152,155,124,147,157,115,171,177,134,143,128,167,123,144,128,151,105,183,125,151,144,130,127,173,136,156,129,133,161,173,145,114,199,128,111,200,139,113,132,159,154,128,195,136,120,174,183,129,114,175,100,119,174,148],num_heads:128,num_heads_kv:1,head_dim:576,head_dim_v:512,causal:0,dtype:bf16.
flash_mla:[D][1492,200]flash_mla,MLA:sparse:decode,is_fp8:1,topk:2048,batch_size:1492,seqlen_q:4,seqlen_k:[194,160,174,200,196,125,173,146,147,160,153,186,169,153,161,158,187,144,157,128,100,166,171,131,200,113,151,145,188,186,153,159,127,100,141,153,180,180,140,142,123,114,107,198,137,139,118,169,109,144,127,159,137,120,149,160,151,157,134,140,133,141,129,106,154,139,109,161,127,151,168,153,178,119,160,132,128,135,142,151,120,172,161,111,187,197,179,145,123,176,139,180,155,174,158,167,150,194,153,160,197,116,118,174,120,198,139,131,198,187,196,172,128,197,143,170,173,146,165,173,159,122,157,183,132,146,139,196,166,160,130,163,133,150,134,166,164,144,159,122,112,160,154,165,200,173,127,177,117,138,148,192,131,129,147,133,178,123,121,139,137,198,173,152,119,171,124,111,179,157,173,157,171,133,124,167,129,132,138,150,141,115,133,100,165,109,122,151,131,188,117,156,149,120,163,145,169,170,200,183,140,144,177,166,166,109,149,131,156,147,172,157,169,138,126,139,149,159,200,148,126,141,138,162,111,151,153,155,135,144,114,137,136,160,121,169,187,100,160,166,134,140,146,142,142,108,178,176,129,113,163,135,153,142,167,167,131,115,110,165,120,137,135,148,101,154,163,152,142,152,159,100,198,159,133,140,162,147,100,200,147,175,132,188,157,165,123,180,167,182,134,137,200,123,146,178,152,164,140,159,117,191,147,132,166,138,116,116,167,146,146,176,121,131,140,152,148,142,148,147,132,129,156,127,121,142,146,200,132,173,168,120,169,120,100,165,106,161,132,191,176,138,132,119,138,142,140,153,164,158,130,114,184,132,133,136,103,138,138,165,167,150,173,158,149,154,145,140,143,121,157,125,171,143,151,162,166,110,144,172,107,159,100,124,150,108,125,113,191,154,164,144,141,109,142,130,171,178,186,171,135,122,169,158,105,158,170,151,145,129,113,170,142,144,193,167,159,153,187,192,173,164,100,153,146,152,173,100,135,156,138,114,171,156,125,157,170,150,170,151,140,121,147,154,171,147,161,125,130,147,123,170,161,156,158,200,138,100,154,148,137,125,139,154,137,200,125,130,100,156,100,136,143,132,193,174,182,127,178,162,169,175,127,139,171,100,187,163,148,155,124,141,177,182,200,148,133,137,124,148,159,149,177,144,141,135,109,110,120,182,172,184,116,100,133,154,162,176,157,193,144,127,107,127,156,127,173,185,100,171,100,160,180,151,118,135,143,145,144,147,155,119,143,187,140,138,176,100,179,134,154,152,173,143,133,182,100,150,116,130,200,148,154,105,131,154,158,165,150,163,161,104,150,169,164,140,129,122,146,178,101,133,121,169,136,138,144,161,140,100,163,160,144,122,158,159,138,144,126,145,111,160,126,155,114,135,147,108,152,140,106,117,165,172,146,160,155,158,182,112,166,140,144,142,140,119,154,191,148,149,132,147,161,140,138,160,127,156,170,183,147,184,175,125,119,142,175,148,134,188,157,100,157,163,155,161,148,117,140,126,126,118,161,152,138,133,149,176,100,159,136,102,101,127,155,159,126,175,185,159,135,178,168,171,133,100,200,109,149,200,158,173,112,105,136,177,141,130,154,177,113,119,130,177,155,200,173,149,181,155,132,166,132,142,183,147,129,138,175,136,140,137,154,140,109,127,126,181,170,164,137,129,137,123,200,100,164,117,147,125,120,121,193,146,130,163,150,168,104,157,169,108,161,192,149,170,166,132,150,110,138,156,168,150,167,122,147,150,196,144,137,150,127,154,140,105,148,142,109,148,187,163,165,116,161,153,163,160,116,148,131,148,127,182,128,127,151,123,139,129,185,169,148,140,173,160,162,149,107,147,136,166,175,133,161,193,133,192,128,150,149,150,129,135,133,158,158,200,184,137,158,174,150,148,151,171,128,141,161,157,155,140,174,200,160,145,168,136,131,150,100,121,141,116,124,139,108,139,136,150,178,154,150,152,155,124,147,157,115,171,177,134,143,128,167,123,144,128,151,105,183,125,151,144,130,127,173,136,156,129,133,161,173,145,114,199,128,111,200,139,113,132,159,154,128,195,136,120,174,183,129,114,175,100,119,174,148,143,158,146,117,181,183,155,151,200,143,143,159,186,189,143,157,115,142,128,124,192,130,136,159,182,162,200,148,156,156,185,162,147,126,156,185,139,163,156,171,129,200,118,140,173,157,170,137,148,150,189,167,169,133,174,155,184,200,142,139,128,146,140,158,146,140,176,126,160,139,168,184,142,161,154,130,156,157,160,145,152,121,141,163,172,139,152,155,155,163,104,148,155,124,191,154,189,130,127,155,108,155,152,175,167,139,122,192,130,123,122,177,137,131,153,144,133,168,176,174,169,160,105,191,157,165,177,185,160,160,135,150,128,132,127,146,176,200,154,116,181,142,133,155,118,155,147,152,159,151,150,157,160,124,114,148,114,152,173,165,123,128,158,139,142,164,125,139,129,123,128,166,151,128,144,109,131,200,147,168,148,158,166,122,149,189,130,135,142,156,163,181,162,148,181,167,112,200,194,145,159,183,145,168,177,124,134,173,161,173,146,142,100,121,151,170,163,146,143,155,151,185,153,112,118,187,120,169,143,145,146,180,145,149,111,155,163,155,184,151,157,191,111,138,185,173,166,170,158,190,159,155,153,154,121,169,146,195,148,160,156,134,174,197,149,142,141,102,145,156,176,174,139,143,178,145,137,184,175,150,135,100,164,127,100,189,166,121,119,171,128,182,165,163,160,154,172,138,152,168,164,120,137,156,139,194,140,145,169,158,146,131,157,175,161,130,193,113,110,174,155,136,122,200,152,163,157,160,163,168,140,142,106,130,156,176,164,141,118,100,178,135,138,153,114,141,200,162,158,110,200,114,198,100,185,190,129,160,163,129,113,117,163,147,135,174,162,131,119,163,136,152,189,162,128,154,126,190,135,155,157,153,101,113,138,157,146,126,116,139,138,162,141,165,135,143,141,130,165,129,136,148,117,141,132,140,148,130,144,182,149,178,158,169,130,152,153,134,129,112,187,125,183,138,128,165,134,164,141,162,125,170,162,127,200,163,200,190,145,139,139,104,132,156,188,130,172,118,135,138,159,161,174,169,156,159,189,137,169,104,160,137,150,176,154,172,186,159,179,141,149,136,176,160,137,153,176,149,126,153,100,169,139,138,171,115,198,137,136,175,167,200,144,146,113,141,131,138,106,191,114,100,120,134,121,177,146,150,165,157,174,122,136,166,100,115,162,137,173,170,120,160,180,153,125,171,165,163,167,100,172,195,160,154,167,158,166,150,130,124,125,115,123,194,168,134,140,152,133,151,169,149,158,172,143,157,142,149,141,136,154,164,153,162,131,119,160,167,151,183,172,200,144,125,131],num_heads:128,num_heads_kv:1,head_dim:576,head_dim_v:512,causal:0,dtype:bf16.
flash_mla:[D][1,489]flash_mla,MLA:sparse:decode,is_fp8:1,topk:2048,batch_size:1,seqlen_q:4,seqlen_k:[489],num_heads:128,num_heads_kv:1,head_dim:576,head_dim_v:512,causal:0,dtype:bf16.
flash_mla:[D][2,489]flash_mla,MLA:sparse:decode,is_fp8:1,topk:2048,batch_size:2,seqlen_q:4,seqlen_k:[489,403],num_heads:128,num_heads_kv:1,head_dim:576,head_dim_v:512,causal:0,dtype:bf16.
flash_mla:[D][3,489]flash_mla,MLA:sparse:decode,is_fp8:1,topk:2048,batch_size:3,seqlen_q:4,seqlen_k:[489,403,439],num_heads:128,num_heads_kv:1,head_dim:576,head_dim_v:512,causal:0,dtype:bf16.
flash_mla:[D][4,505]flash_mla,MLA:sparse:decode,is_fp8:1,topk:2048,batch_size:4,seqlen_q:4,seqlen_k:[489,403,439,505],num_heads:128,num_heads_kv:1,head_dim:576,head_dim_v:512,causal:0,dtype:bf16.
flash_mla:[D][7,505]flash_mla,MLA:sparse:decode,is_fp8:1,topk:2048,batch_size:7,seqlen_q:4,seqlen_k:[489,403,439,505,495,316,437],num_heads:128,num_heads_kv:1,head_dim:576,head_dim_v:512,causal:0,dtype:bf16.
flash_mla:[D][11,505]flash_mla,MLA:sparse:decode,is_fp8:1,topk:2048,batch_size:11,seqlen_q:4,seqlen_k:[489,403,439,505,495,316,437,368,371,403,387],num_heads:128,num_heads_kv:1,head_dim:576,head_dim_v:512,causal:0,dtype:bf16.
flash_mla:[D][19,505]flash_mla,MLA:sparse:decode,is_fp8:1,topk:2048,batch_size:19,seqlen_q:4,seqlen_k:[489,403,439,505,495,316,437,368,371,403,387,469,425,385,405,399,472,365,397],num_heads:128,num_heads_kv:1,head_dim:576,head_dim_v:512,causal:0,dtype:bf16.
flash_mla:[D][30,505]flash_mla,MLA:sparse:decode,is_fp8:1,topk:2048,batch_size:30,seqlen_q:4,seqlen_k:[489,403,439,505,495,316,437,368,371,403,387,469,425,385,405,399,472,365,397,324,252,419,432,331,505,286,380,366,474,470],num_heads:128,num_heads_kv:1,head_dim:576,head_dim_v:512,causal:0,dtype:bf16.
flash_mla:[D][49,505]flash_mla,MLA:sparse:decode,is_fp8:1,topk:2048,batch_size:49,seqlen_q:4,seqlen_k:[489,403,439,505,495,316,437,368,371,403,387,469,425,385,405,399,472,365,397,324,252,419,432,331,505,286,380,366,474,470,387,401,322,253,356,387,455,453,353,358,311,288,270,500,345,350,299,426,276],num_heads:128,num_heads_kv:1,head_dim:576,head_dim_v:512,causal:0,dtype:bf16.
flash_mla:[D][80,505]flash_mla,MLA:sparse:decode,is_fp8:1,topk:2048,batch_size:80,seqlen_q:4,seqlen_k:[489,403,439,505,495,316,437,368,371,403,387,469,425,385,405,399,472,365,397,324,252,419,432,331,505,286,380,366,474,470,387,401,322,253,356,387,455,453,353,358,311,288,270,500,345,350,299,426,276,364,321,402,345,303,376,404,382,397,338,355,335,355,326,269,389,352,275,407,320,381,423,386,449,300,403,334,323,341,358,381],num_heads:128,num_heads_kv:1,head_dim:576,head_dim_v:512,causal:0,dtype:bf16.
flash_mla:[D][131,505]flash_mla,MLA:sparse:decode,is_fp8:1,topk:2048,batch_size:131,seqlen_q:4,seqlen_k:[489,403,439,505,495,316,437,368,371,403,387,469,425,385,405,399,472,365,397,324,252,419,432,331,505,286,380,366,474,470,387,401,322,253,356,387,455,453,353,358,311,288,270,500,345,350,299,426,276,364,321,402,345,303,376,404,382,397,338,355,335,355,326,269,389,352,275,407,320,381,423,386,449,300,403,334,323,341,358,381,304,434,407,281,471,497,452,366,310,444,352,455,391,439,400,422,378,490,385,403,496,293,297,439,304,500,351,330,499,471,495,435,323,498,361,428,437,368,416,436,401,308,396,461,334,368,350,494,420,403,329],num_heads:128,num_heads_kv:1,head_dim:576,head_dim_v:512,causal:0,dtype:bf16.
flash_mla:[D][213,505]flash_mla,MLA:sparse:decode,is_fp8:1,topk:2048,batch_size:213,seqlen_q:4,seqlen_k:[489,403,439,505,495,316,437,368,371,403,387,469,425,385,405,399,472,365,397,324,252,419,432,331,505,286,380,366,474,470,387,401,322,253,356,387,455,453,353,358,311,288,270,500,345,350,299,426,276,364,321,402,345,303,376,404,382,397,338,355,335,355,326,269,389,352,275,407,320,381,423,386,449,300,403,334,323,341,358,381,304,434,407,281,471,497,452,366,310,444,352,455,391,439,400,422,378,490,385,403,496,293,297,439,304,500,351,330,499,471,495,435,323,498,361,428,437,368,416,436,401,308,396,461,334,368,350,494,420,403,329,411,335,380,337,420,414,364,402,309,284,405,388,418,505,437,320,448,295,348,373,485,331,325,371,336,448,309,305,350,346,499,437,383,300,431,314,280,452,397,436,398,431,336,312,420,327,334,349,379,355,291,337,252,417,277,308,381,331,475,296,394,375,304,410,367,426,429,505,462,354,362,447,419,418,276,376,331,395,371,435,397,427],num_heads:128,num_heads_kv:1,head_dim:576,head_dim_v:512,causal:0,dtype:bf16.
flash_mla:[D][346,505]flash_mla,MLA:sparse:decode,is_fp8:1,topk:2048,batch_size:346,seqlen_q:4,seqlen_k:[489,403,439,505,495,316,437,368,371,403,387,469,425,385,405,399,472,365,397,324,252,419,432,331,505,286,380,366,474,470,387,401,322,253,356,387,455,453,353,358,311,288,270,500,345,350,299,426,276,364,321,402,345,303,376,404,382,397,338,355,335,355,326,269,389,352,275,407,320,381,423,386,449,300,403,334,323,341,358,381,304,434,407,281,471,497,452,366,310,444,352,455,391,439,400,422,378,490,385,403,496,293,297,439,304,500,351,330,499,471,495,435,323,498,361,428,437,368,416,436,401,308,396,461,334,368,350,494,420,403,329,411,335,380,337,420,414,364,402,309,284,405,388,418,505,437,320,448,295,348,373,485,331,325,371,336,448,309,305,350,346,499,437,383,300,431,314,280,452,397,436,398,431,336,312,420,327,334,349,379,355,291,337,252,417,277,308,381,331,475,296,394,375,304,410,367,426,429,505,462,354,362,447,419,418,276,376,331,395,371,435,397,427,348,318,352,376,401,505,375,317,356,348,408,280,381,387,392,340,363,288,346,343,404,305,427,472,252,404,420,337,352,369,359,358,272,450,446,326,285,410,341,386,357,421,421,332,290,278,416,303,346,340,374,256,389,411,383,358,384,403,252,501,402,336,353,409,370,252,505,371,442,334,474,396,416,312,454,421,460,338,347,505,311,369,449,384,414,352,401,295,482,370,335,419,348,293,293,421,367,369,445,307,331,353,383,375,359,374,371,332,326,395,321,305,358,368,505,333,437,425,303,426,303,252,416,267,406,334,482,445,349,334,301,350,360],num_heads:128,num_heads_kv:1,head_dim:576,head_dim_v:512,causal:0,dtype:bf16.
flash_mla:[D][563,505]flash_mla,MLA:sparse:decode,is_fp8:1,topk:2048,batch_size:563,seqlen_q:4,seqlen_k:[489,403,439,505,495,316,437,368,371,403,387,469,425,385,405,399,472,365,397,324,252,419,432,331,505,286,380,366,474,470,387,401,322,253,356,387,455,453,353,358,311,288,270,500,345,350,299,426,276,364,321,402,345,303,376,404,382,397,338,355,335,355,326,269,389,352,275,407,320,381,423,386,449,300,403,334,323,341,358,381,304,434,407,281,471,497,452,366,310,444,352,455,391,439,400,422,378,490,385,403,496,293,297,439,304,500,351,330,499,471,495,435,323,498,361,428,437,368,416,436,401,308,396,461,334,368,350,494,420,403,329,411,335,380,337,420,414,364,402,309,284,405,388,418,505,437,320,448,295,348,373,485,331,325,371,336,448,309,305,350,346,499,437,383,300,431,314,280,452,397,436,398,431,336,312,420,327,334,349,379,355,291,337,252,417,277,308,381,331,475,296,394,375,304,410,367,426,429,505,462,354,362,447,419,418,276,376,331,395,371,435,397,427,348,318,352,376,401,505,375,317,356,348,408,280,381,387,392,340,363,288,346,343,404,305,427,472,252,404,420,337,352,369,359,358,272,450,446,326,285,410,341,386,357,421,421,332,290,278,416,303,346,340,374,256,389,411,383,358,384,403,252,501,402,336,353,409,370,252,505,371,442,334,474,396,416,312,454,421,460,338,347,505,311,369,449,384,414,352,401,295,482,370,335,419,348,293,293,421,367,369,445,307,331,353,383,375,359,374,371,332,326,395,321,305,358,368,505,333,437,425,303,426,303,252,416,267,406,334,482,445,349,334,301,350,360,355,387,414,400,329,287,463,334,336,345,261,347,347,417,422,378,436,399,377,388,365,353,361,306,395,315,431,362,381,409,418,279,364,433,271,402,252,313,380,273,315,285,481,388,413,363,355,276,359,330,432,449,470,431,340,307,426,400,266,400,429,381,366,327,286,428,358,363,487,421,401,386,473,486,436,414,252,385,369,383,437,252,342,395,348,288,432,395,316,397,429,378,428,382,353,304,372,390,433,370,406,317,328,371,311,429,407,395,399,505,348,252,390,374,345,316,350,389,346,505,317,328,252,393,252,344,360,333,487,440,461,322,449,409,426,442,320,351,432,252,473,412,375,391,313,355,447,459,505,373,336,345,313,373,402,375,447,363,356,341,275,279,303,459,434,464,294,253,336,389,409,444,395,487,363,320,272,321,393,322,437,466,252,432,252,403,455,382,297,341,361,366,365,371,391,301,362,473,353,350,445,252,452,338,388,384,437,361,335,459,252,379,293,330,504,375,390],num_heads:128,num_heads_kv:1,head_dim:576,head_dim_v:512,causal:0,dtype:bf16.
flash_mla:[D][917,505]flash_mla,MLA:sparse:decode,is_fp8:1,topk:2048,batch_size:917,seqlen_q:4,seqlen_k:[489,403,439,505,495,316,437,368,371,403,387,469,425,385,405,399,472,365,397,324,252,419,432,331,505,286,380,366,474,470,387,401,322,253,356,387,455,453,353,358,311,288,270,500,345,350,299,426,276,364,321,402,345,303,376,404,382,397,338,355,335,355,326,269,389,352,275,407,320,381,423,386,449,300,403,334,323,341,358,381,304,434,407,281,471,497,452,366,310,444,352,455,391,439,400,422,378,490,385,403,496,293,297,439,304,500,351,330,499,471,495,435,323,498,361,428,437,368,416,436,401,308,396,461,334,368,350,494,420,403,329,411,335,380,337,420,414,364,402,309,284,405,388,418,505,437,320,448,295,348,373,485,331,325,371,336,448,309,305,350,346,499,437,383,300,431,314,280,452,397,436,398,431,336,312,420,327,334,349,379,355,291,337,252,417,277,308,381,331,475,296,394,375,304,410,367,426,429,505,462,354,362,447,419,418,276,376,331,395,371,435,397,427,348,318,352,376,401,505,375,317,356,348,408,280,381,387,392,340,363,288,346,343,404,305,427,472,252,404,420,337,352,369,359,358,272,450,446,326,285,410,341,386,357,421,421,332,290,278,416,303,346,340,374,256,389,411,383,358,384,403,252,501,402,336,353,409,370,252,505,371,442,334,474,396,416,312,454,421,460,338,347,505,311,369,449,384,414,352,401,295,482,370,335,419,348,293,293,421,367,369,445,307,331,353,383,375,359,374,371,332,326,395,321,305,358,368,505,333,437,425,303,426,303,252,416,267,406,334,482,445,349,334,301,350,360,355,387,414,400,329,287,463,334,336,345,261,347,347,417,422,378,436,399,377,388,365,353,361,306,395,315,431,362,381,409,418,279,364,433,271,402,252,313,380,273,315,285,481,388,413,363,355,276,359,330,432,449,470,431,340,307,426,400,266,400,429,381,366,327,286,428,358,363,487,421,401,386,473,486,436,414,252,385,369,383,437,252,342,395,348,288,432,395,316,397,429,378,428,382,353,304,372,390,433,370,406,317,328,371,311,429,407,395,399,505,348,252,390,374,345,316,350,389,346,505,317,328,252,393,252,344,360,333,487,440,461,322,449,409,426,442,320,351,432,252,473,412,375,391,313,355,447,459,505,373,336,345,313,373,402,375,447,363,356,341,275,279,303,459,434,464,294,253,336,389,409,444,395,487,363,320,272,321,393,322,437,466,252,432,252,403,455,382,297,341,361,366,365,371,391,301,362,473,353,350,445,252,452,338,388,384,437,361,335,459,252,379,293,330,504,375,390,265,332,390,400,416,378,411,406,262,380,426,415,355,327,307,369,449,255,336,306,427,343,348,364,406,353,252,412,405,364,309,400,401,348,364,319,366,280,404,318,393,289,340,371,273,385,354,268,295,416,434,369,403,392,398,459,283,420,353,363,358,354,300,389,483,374,377,334,370,407,354,349,403,320,393,429,463,372,464,443,315,301,358,442,373,340,475,396,252,397,410,392,406,373,294,354,318,319,298,406,384,349,337,376,445,252,401,343,259,255,320,391,402,318,442,467,402,340,448,425,432,336,252,505,276,375,505,398,437,283,266,344,446,356,327,390,446,286,301,328,446,392,505,436,375,457,391,333,420,334,359,461,371,327,348,442,343,353,345,389,353,277,322,319,456,429,414,346,326,346,311,505,252,413,297,371,315,303,306,488,369,329,413,378,423,263,397,426,273,406,484,377,429,420,333,380,279,349,394,423,379,423,308,371,379,494,364,346,379,320,390,355,265,374,357,275,373,471,410,416,293,408,387,411,404,292,375,330,374,321,460,323,321,382,310,351,325,466,427,374,353,437,403,409,376,271,370,344,418,441,336,407,487,335,483,324,379,377,378,325,340,335,398,398,505,464,345,398,440,379,373,381,432,324,357,407,397,393,354,439,505,403,365,425,344,330,380,252,305,356,292,312,350,274,352,344,379,450,388,379,384,392,313,370,397,291,432,446,338,362,322,422,311,363,323,381,264,461,317,381,364,329,322,436,344,395,327,337,407,436,366,288,503,324,280,505,352,285,334,401,389,324,492,345,303,438,461,326,289,442,252,300,438,374],num_heads:128,num_heads_kv:1,head_dim:576,head_dim_v:512,causal:0,dtype:bf16.
flash_mla:[D][1492,505]flash_mla,MLA:sparse:decode,is_fp8:1,topk:2048,batch_size:1492,seqlen_q:4,seqlen_k:[489,403,439,505,495,316,437,368,371,403,387,469,425,385,405,399,472,365,397,324,252,419,432,331,505,286,380,366,474,470,387,401,322,253,356,387,455,453,353,358,311,288,270,500,345,350,299,426,276,364,321,402,345,303,376,404,382,397,338,355,335,355,326,269,389,352,275,407,320,381,423,386,449,300,403,334,323,341,358,381,304,434,407,281,471,497,452,366,310,444,352,455,391,439,400,422,378,490,385,403,496,293,297,439,304,500,351,330,499,471,495,435,323,498,361,428,437,368,416,436,401,308,396,461,334,368,350,494,420,403,329,411,335,380,337,420,414,364,402,309,284,405,388,418,505,437,320,448,295,348,373,485,331,325,371,336,448,309,305,350,346,499,437,383,300,431,314,280,452,397,436,398,431,336,312,420,327,334,349,379,355,291,337,252,417,277,308,381,331,475,296,394,375,304,410,367,426,429,505,462,354,362,447,419,418,276,376,331,395,371,435,397,427,348,318,352,376,401,505,375,317,356,348,408,280,381,387,392,340,363,288,346,343,404,305,427,472,252,404,420,337,352,369,359,358,272,450,446,326,285,410,341,386,357,421,421,332,290,278,416,303,346,340,374,256,389,411,383,358,384,403,252,501,402,336,353,409,370,252,505,371,442,334,474,396,416,312,454,421,460,338,347,505,311,369,449,384,414,352,401,295,482,370,335,419,348,293,293,421,367,369,445,307,331,353,383,375,359,374,371,332,326,395,321,305,358,368,505,333,437,425,303,426,303,252,416,267,406,334,482,445,349,334,301,350,360,355,387,414,400,329,287,463,334,336,345,261,347,347,417,422,378,436,399,377,388,365,353,361,306,395,315,431,362,381,409,418,279,364,433,271,402,252,313,380,273,315,285,481,388,413,363,355,276,359,330,432,449,470,431,340,307,426,400,266,400,429,381,366,327,286,428,358,363,487,421,401,386,473,486,436,414,252,385,369,383,437,252,342,395,348,288,432,395,316,397,429,378,428,382,353,304,372,390,433,370,406,317,328,371,311,429,407,395,399,505,348,252,390,374,345,316,350,389,346,505,317,328,252,393,252,344,360,333,487,440,461,322,449,409,426,442,320,351,432,252,473,412,375,391,313,355,447,459,505,373,336,345,313,373,402,375,447,363,356,341,275,279,303,459,434,464,294,253,336,389,409,444,395,487,363,320,272,321,393,322,437,466,252,432,252,403,455,382,297,341,361,366,365,371,391,301,362,473,353,350,445,252,452,338,388,384,437,361,335,459,252,379,293,330,504,375,390,265,332,390,400,416,378,411,406,262,380,426,415,355,327,307,369,449,255,336,306,427,343,348,364,406,353,252,412,405,364,309,400,401,348,364,319,366,280,404,318,393,289,340,371,273,385,354,268,295,416,434,369,403,392,398,459,283,420,353,363,358,354,300,389,483,374,377,334,370,407,354,349,403,320,393,429,463,372,464,443,315,301,358,442,373,340,475,396,252,397,410,392,406,373,294,354,318,319,298,406,384,349,337,376,445,252,401,343,259,255,320,391,402,318,442,467,402,340,448,425,432,336,252,505,276,375,505,398,437,283,266,344,446,356,327,390,446,286,301,328,446,392,505,436,375,457,391,333,420,334,359,461,371,327,348,442,343,353,345,389,353,277,322,319,456,429,414,346,326,346,311,505,252,413,297,371,315,303,306,488,369,329,413,378,423,263,397,426,273,406,484,377,429,420,333,380,279,349,394,423,379,423,308,371,379,494,364,346,379,320,390,355,265,374,357,275,373,471,410,416,293,408,387,411,404,292,375,330,374,321,460,323,321,382,310,351,325,466,427,374,353,437,403,409,376,271,370,344,418,441,336,407,487,335,483,324,379,377,378,325,340,335,398,398,505,464,345,398,440,379,373,381,432,324,357,407,397,393,354,439,505,403,365,425,344,330,380,252,305,356,292,312,350,274,352,344,379,450,388,379,384,392,313,370,397,291,432,446,338,362,322,422,311,363,323,381,264,461,317,381,364,329,322,436,344,395,327,337,407,436,366,288,503,324,280,505,352,285,334,401,389,324,492,345,303,438,461,326,289,442,252,300,438,374,361,400,368,296,458,461,390,380,505,360,361,400,470,478,361,397,291,358,325,314,483,328,344,401,459,408,505,373,394,395,468,409,370,318,393,466,352,411,393,432,327,505,297,354,437,396,430,346,373,378,476,421,428,336,439,392,465,504,358,352,323,368,353,400,368,355,445,318,405,352,423,465,358,405,389,327,393,396,404,365,383,305,355,413,434,351,384,392,390,412,263,374,393,314,483,388,476,328,320,392,272,391,384,441,422,351,308,485,328,312,309,448,345,330,386,364,335,425,445,440,426,403,266,483,397,416,448,468,404,405,340,380,324,332,321,368,444,505,389,293,457,359,336,391,299,392,372,384,402,382,379,395,404,313,287,374,287,383,437,416,311,323,398,352,358,415,315,352,327,312,324,420,381,322,363,274,331,505,372,424,373,399,419,308,376,477,327,342,358,394,411,457,409,374,457,422,283,505,489,367,401,461,367,424,447,314,340,436,407,436,369,359,252,305,380,429,411,369,360,391,382,466,387,284,297,473,304,426,361,367,369,454,365,375,281,391,411,393,466,381,396,481,280,349,467,436,420,430,398,480,401,393,388,390,305,426,369,492,373,404,393,338,440,498,377,359,355,258,366,393,444,438,351,360,448,367,345,465,443,379,340,252,415,321,254,477,418,306,301,432,322,459,416,411,403,390,433,349,383,425,413,302,346,393,352,489,353,367,426,398,368,330,396,443,408,328,487,286,278,438,392,343,308,505,385,411,398,405,412,424,354,359,268,328,395,443,415,356,298,252,450,340,349,386,289,355,505,409,400,278,505,288,499,252,466,479,326,404,412,326,286,294,412,372,342,438,410,330,302,410,344,384,477,409,323,388,317,479,342,391,397,388,254,286,349,398,369,317,293,352,348,410,357,415,340,361,356,328,417,326,345,373,296,357,333,353,374,327,364,460,376,450,399,426,329,384,386,339,326,284,472,316,462,348,323,417,338,413,357,408,317,430,408,320,505,412,505,478,366,352,352,262,334,393,474,329,433,299,341,349,401,406,438,426,393,402,478,345,426,264,403,347,378,443,388,433,470,402,451,357,377,345,443,404,346,387,443,375,318,386,253,426,351,348,433,291,500,347,345,442,422,505,364,370,284,357,332,349,268,482,288,252,303,339,305,447,369,379,416,396,439,308,343,419,252,291,409,347,436,428,302,403,453,387,316,433,418,412,423,252,433,491,405,390,421,399,419,378,329,314,315,291,310,488,425,338,353,385,336,382,426,375,399,433,360,395,358,376,357,344,388,413,387,409,331,302,404,421,381,462,435,505,365,315,331],num_heads:128,num_heads_kv:1,head_dim:576,head_dim_v:512,causal:0,dtype:bf16.
flash_mla:[D][1,1237]flash_mla,MLA:sparse:decode,is_fp8:1,topk:2048,batch_size:1,seqlen_q:4,seqlen_k:[1237],num_heads:128,num_heads_kv:1,head_dim:576,head_dim_v:512,causal:0,dtype:bf16.
flash_mla:[D][2,1237]flash_mla,MLA:sparse:decode,is_fp8:1,topk:2048,batch_size:2,seqlen_q:4,seqlen_k:[1237,1020],num_heads:128,num_heads_kv:1,head_dim:576,head_dim_v:512,causal:0,dtype:bf16.
flash_mla:[D][3,1237]flash_mla,MLA:sparse:decode,is_fp8:1,topk:2048,batch_size:3,seqlen_q:4,seqlen_k:[1237,1020,1112],num_heads:128,num_heads_kv:1,head_dim:576,head_dim_v:512,causal:0,dtype:bf16.
flash_mla:[D][4,1276]flash_mla,MLA:sparse:decode,is_fp8:1,topk:2048,batch_size:4,seqlen_q:4,seqlen_k:[1237,1020,1112,1276],num_heads:128,num_heads_kv:1,head_dim:576,head_dim_v:512,causal:0,dtype:bf16.
flash_mla:[D][7,1276]flash_mla,MLA:sparse:decode,is_fp8:1,topk:2048,batch_size:7,seqlen_q:4,seqlen_k:[1237,1020,1112,1276,1253,801,1108],num_heads:128,num_heads_kv:1,head_dim:576,head_dim_v:512,causal:0,dtype:bf16.
flash_mla:[D][11,1276]flash_mla,MLA:sparse:decode,is_fp8:1,topk:2048,batch_size:11,seqlen_q:4,seqlen_k:[1237,1020,1112,1276,1253,801,1108,932,940,1022,979],num_heads:128,num_heads_kv:1,head_dim:576,head_dim_v:512,causal:0,dtype:bf16.
flash_mla:[D][19,1276]flash_mla,MLA:sparse:decode,is_fp8:1,topk:2048,batch_size:19,seqlen_q:4,seqlen_k:[1237,1020,1112,1276,1253,801,1108,932,940,1022,979,1188,1078,976,1027,1010,1194,924,1006],num_heads:128,num_heads_kv:1,head_dim:576,head_dim_v:512,causal:0,dtype:bf16.
flash_mla:[D][30,1276]flash_mla,MLA:sparse:decode,is_fp8:1,topk:2048,batch_size:30,seqlen_q:4,seqlen_k:[1237,1020,1112,1276,1253,801,1108,932,940,1022,979,1188,1078,976,1027,1010,1194,924,1006,821,638,1060,1094,838,1276,725,964,927,1200,1190],num_heads:128,num_heads_kv:1,head_dim:576,head_dim_v:512,causal:0,dtype:bf16.
flash_mla:[D][49,1276]flash_mla,MLA:sparse:decode,is_fp8:1,topk:2048,batch_size:49,seqlen_q:4,seqlen_k:[1237,1020,1112,1276,1253,801,1108,932,940,1022,979,1188,1078,976,1027,1010,1194,924,1006,821,638,1060,1094,838,1276,725,964,927,1200,1190,981,1017,815,642,901,981,1152,1148,895,908,790,731,685,1267,875,887,757,1080,700],num_heads:128,num_heads_kv:1,head_dim:576,head_dim_v:512,causal:0,dtype:bf16.
flash_mla:[D][80,1276]flash_mla,MLA:sparse:decode,is_fp8:1,topk:2048,batch_size:80,seqlen_q:4,seqlen_k:[1237,1020,1112,1276,1253,801,1108,932,940,1022,979,1188,1078,976,1027,1010,1194,924,1006,821,638,1060,1094,838,1276,725,964,927,1200,1190,981,1017,815,642,901,981,1152,1148,895,908,790,731,685,1267,875,887,757,1080,700,923,814,1018,875,769,952,1025,967,1005,856,899,850,899,827,682,985,893,697,1030,812,965,1072,977,1138,760,1020,848,818,864,907,965],num_heads:128,num_heads_kv:1,head_dim:576,head_dim_v:512,causal:0,dtype:bf16.
flash_mla:[D][131,1276]flash_mla,MLA:sparse:decode,is_fp8:1,topk:2048,batch_size:131,seqlen_q:4,seqlen_k:[1237,1020,1112,1276,1253,801,1108,932,940,1022,979,1188,1078,976,1027,1010,1194,924,1006,821,638,1060,1094,838,1276,725,964,927,1200,1190,981,1017,815,642,901,981,1152,1148,895,908,790,731,685,1267,875,887,757,1080,700,923,814,1018,875,769,952,1025,967,1005,856,899,850,899,827,682,985,893,697,1030,812,965,1072,977,1138,760,1020,848,818,864,907,965,771,1100,1031,712,1193,1258,1144,928,786,1124,892,1151,990,1112,1013,1069,958,1240,977,1020,1256,742,754,1111,770,1266,891,838,1262,1192,1253,1101,820,1260,914,1084,1107,932,1054,1103,1016,782,1004,1167,846,933,887,1251,1063,1021,834],num_heads:128,num_heads_kv:1,head_dim:576,head_dim_v:512,causal:0,dtype:bf16.
flash_mla:[D][213,1276]flash_mla,MLA:sparse:decode,is_fp8:1,topk:2048,batch_size:213,seqlen_q:4,seqlen_k:[1237,1020,1112,1276,1253,801,1108,932,940,1022,979,1188,1078,976,1027,1010,1194,924,1006,821,638,1060,1094,838,1276,725,964,927,1200,1190,981,1017,815,642,901,981,1152,1148,895,908,790,731,685,1267,875,887,757,1080,700,923,814,1018,875,769,952,1025,967,1005,856,899,850,899,827,682,985,893,697,1030,812,965,1072,977,1138,760,1020,848,818,864,907,965,771,1100,1031,712,1193,1258,1144,928,786,1124,892,1151,990,1112,1013,1069,958,1240,977,1020,1256,742,754,1111,770,1266,891,838,1262,1192,1253,1101,820,1260,914,1084,1107,932,1054,1103,1016,782,1004,1167,846,933,887,1251,1063,1021,834,1042,849,962,855,1064,1048,923,1019,783,719,1026,983,1057,1276,1107,811,1134,747,883,946,1229,838,825,941,851,1136,785,774,887,877,1263,1107,970,762,1091,797,711,1145,1007,1103,1007,1093,853,792,1065,829,847,884,959,900,738,854,638,1056,702,781,965,839,1202,751,999,950,771,1040,929,1079,1087,1276,1169,898,918,1131,1061,1058,699,953,839,1001,941,1101,1007,1082],num_heads:128,num_heads_kv:1,head_dim:576,head_dim_v:512,causal:0,dtype:bf16.
flash_mla:[D][346,1276]flash_mla,MLA:sparse:decode,is_fp8:1,topk:2048,batch_size:346,seqlen_q:4,seqlen_k:[1237,1020,1112,1276,1253,801,1108,932,940,1022,979,1188,1078,976,1027,1010,1194,924,1006,821,638,1060,1094,838,1276,725,964,927,1200,1190,981,1017,815,642,901,981,1152,1148,895,908,790,731,685,1267,875,887,757,1080,700,923,814,1018,875,769,952,1025,967,1005,856,899,850,899,827,682,985,893,697,1030,812,965,1072,977,1138,760,1020,848,818,864,907,965,771,1100,1031,712,1193,1258,1144,928,786,1124,892,1151,990,1112,1013,1069,958,1240,977,1020,1256,742,754,1111,770,1266,891,838,1262,1192,1253,1101,820,1260,914,1084,1107,932,1054,1103,1016,782,1004,1167,846,933,887,1251,1063,1021,834,1042,849,962,855,1064,1048,923,1019,783,719,1026,983,1057,1276,1107,811,1134,747,883,946,1229,838,825,941,851,1136,785,774,887,877,1263,1107,970,762,1091,797,711,1145,1007,1103,1007,1093,853,792,1065,829,847,884,959,900,738,854,638,1056,702,781,965,839,1202,751,999,950,771,1040,929,1079,1087,1276,1169,898,918,1131,1061,1058,699,953,839,1001,941,1101,1007,1082,882,806,891,954,1017,1276,950,805,901,883,1033,712,967,981,993,862,919,730,878,870,1023,773,1081,1194,638,1024,1064,855,893,935,909,907,690,1140,1128,827,723,1039,865,979,906,1066,1067,841,737,705,1054,767,876,862,948,649,987,1040,971,907,972,1020,638,1267,1019,853,894,1035,938,638,1276,939,1119,846,1201,1002,1053,790,1149,1066,1163,857,880,1276,788,935,1137,972,1049,893,1015,749,1220,938,848,1062,883,744,742,1067,931,935,1128,777,840,895,972,950,911,947,939,842,827,1000,815,772,907,931,1276,844,1106,1075,767,1079,768,638,1053,677,1028,848,1220,1126,884,847,763,886,912],num_heads:128,num_heads_kv:1,head_dim:576,head_dim_v:512,causal:0,dtype:bf16.
flash_mla:[D][563,1276]flash_mla,MLA:sparse:decode,is_fp8:1,topk:2048,batch_size:563,seqlen_q:4,seqlen_k:[1237,1020,1112,1276,1253,801,1108,932,940,1022,979,1188,1078,976,1027,1010,1194,924,1006,821,638,1060,1094,838,1276,725,964,927,1200,1190,981,1017,815,642,901,981,1152,1148,895,908,790,731,685,1267,875,887,757,1080,700,923,814,1018,875,769,952,1025,967,1005,856,899,850,899,827,682,985,893,697,1030,812,965,1072,977,1138,760,1020,848,818,864,907,965,771,1100,1031,712,1193,1258,1144,928,786,1124,892,1151,990,1112,1013,1069,958,1240,977,1020,1256,742,754,1111,770,1266,891,838,1262,1192,1253,1101,820,1260,914,1084,1107,932,1054,1103,1016,782,1004,1167,846,933,887,1251,1063,1021,834,1042,849,962,855,1064,1048,923,1019,783,719,1026,983,1057,1276,1107,811,1134,747,883,946,1229,838,825,941,851,1136,785,774,887,877,1263,1107,970,762,1091,797,711,1145,1007,1103,1007,1093,853,792,1065,829,847,884,959,900,738,854,638,1056,702,781,965,839,1202,751,999,950,771,1040,929,1079,1087,1276,1169,898,918,1131,1061,1058,699,953,839,1001,941,1101,1007,1082,882,806,891,954,1017,1276,950,805,901,883,1033,712,967,981,993,862,919,730,878,870,1023,773,1081,1194,638,1024,1064,855,893,935,909,907,690,1140,1128,827,723,1039,865,979,906,1066,1067,841,737,705,1054,767,876,862,948,649,987,1040,971,907,972,1020,638,1267,1019,853,894,1035,938,638,1276,939,1119,846,1201,1002,1053,790,1149,1066,1163,857,880,1276,788,935,1137,972,1049,893,1015,749,1220,938,848,1062,883,744,742,1067,931,935,1128,777,840,895,972,950,911,947,939,842,827,1000,815,772,907,931,1276,844,1106,1075,767,1079,768,638,1053,677,1028,848,1220,1126,884,847,763,886,912,899,981,1048,1012,835,728,1173,847,853,874,663,881,880,1055,1068,957,1105,1011,954,982,926,894,914,777,1001,799,1090,917,964,1035,1059,707,924,1096,687,1018,638,794,963,693,800,722,1219,983,1047,921,900,699,910,835,1093,1138,1190,1092,861,779,1078,1013,675,1013,1086,966,927,828,727,1084,907,919,1232,1065,1015,979,1198,1230,1104,1049,638,976,936,971,1106,638,866,999,882,731,1095,1001,802,1007,1087,957,1084,969,894,772,943,987,1096,938,1029,803,832,939,789,1087,1030,1001,1010,1276,882,638,988,948,874,801,887,985,877,1276,804,830,638,996,638,871,913,844,1233,1115,1166,816,1136,1035,1079,1120,812,889,1094,638,1197,1044,949,992,793,901,1131,1163,1276,945,852,875,795,944,1017,951,1131,919,901,864,697,707,769,1163,1099,1175,745,643,852,984,1036,1123,1002,1234,921,811,689,815,995,815,1105,1181,638,1094,638,1020,1151,967,753,863,915,928,924,939,990,764,918,1198,895,886,1128,638,1144,856,983,972,1106,914,849,1163,638,960,742,835,1276,949,988],num_heads:128,num_heads_kv:1,head_dim:576,head_dim_v:512,causal:0,dtype:bf16.
flash_mla:[D][917,1276]flash_mla,MLA:sparse:decode,is_fp8:1,topk:2048,batch_size:917,seqlen_q:4,seqlen_k:[1237,1020,1112,1276,1253,801,1108,932,940,1022,979,1188,1078,976,1027,1010,1194,924,1006,821,638,1060,1094,838,1276,725,964,927,1200,1190,981,1017,815,642,901,981,1152,1148,895,908,790,731,685,1267,875,887,757,1080,700,923,814,1018,875,769,952,1025,967,1005,856,899,850,899,827,682,985,893,697,1030,812,965,1072,977,1138,760,1020,848,818,864,907,965,771,1100,1031,712,1193,1258,1144,928,786,1124,892,1151,990,1112,1013,1069,958,1240,977,1020,1256,742,754,1111,770,1266,891,838,1262,1192,1253,1101,820,1260,914,1084,1107,932,1054,1103,1016,782,1004,1167,846,933,887,1251,1063,1021,834,1042,849,962,855,1064,1048,923,1019,783,719,1026,983,1057,1276,1107,811,1134,747,883,946,1229,838,825,941,851,1136,785,774,887,877,1263,1107,970,762,1091,797,711,1145,1007,1103,1007,1093,853,792,1065,829,847,884,959,900,738,854,638,1056,702,781,965,839,1202,751,999,950,771,1040,929,1079,1087,1276,1169,898,918,1131,1061,1058,699,953,839,1001,941,1101,1007,1082,882,806,891,954,1017,1276,950,805,901,883,1033,712,967,981,993,862,919,730,878,870,1023,773,1081,1194,638,1024,1064,855,893,935,909,907,690,1140,1128,827,723,1039,865,979,906,1066,1067,841,737,705,1054,767,876,862,948,649,987,1040,971,907,972,1020,638,1267,1019,853,894,1035,938,638,1276,939,1119,846,1201,1002,1053,790,1149,1066,1163,857,880,1276,788,935,1137,972,1049,893,1015,749,1220,938,848,1062,883,744,742,1067,931,935,1128,777,840,895,972,950,911,947,939,842,827,1000,815,772,907,931,1276,844,1106,1075,767,1079,768,638,1053,677,1028,848,1220,1126,884,847,763,886,912,899,981,1048,1012,835,728,1173,847,853,874,663,881,880,1055,1068,957,1105,1011,954,982,926,894,914,777,1001,799,1090,917,964,1035,1059,707,924,1096,687,1018,638,794,963,693,800,722,1219,983,1047,921,900,699,910,835,1093,1138,1190,1092,861,779,1078,1013,675,1013,1086,966,927,828,727,1084,907,919,1232,1065,1015,979,1198,1230,1104,1049,638,976,936,971,1106,638,866,999,882,731,1095,1001,802,1007,1087,957,1084,969,894,772,943,987,1096,938,1029,803,832,939,789,1087,1030,1001,1010,1276,882,638,988,948,874,801,887,985,877,1276,804,830,638,996,638,871,913,844,1233,1115,1166,816,1136,1035,1079,1120,812,889,1094,638,1197,1044,949,992,793,901,1131,1163,1276,945,852,875,795,944,1017,951,1131,919,901,864,697,707,769,1163,1099,1175,745,643,852,984,1036,1123,1002,1234,921,811,689,815,995,815,1105,1181,638,1094,638,1020,1151,967,753,863,915,928,924,939,990,764,918,1198,895,886,1128,638,1144,856,983,972,1106,914,849,1163,638,960,742,835,1276,949,988,673,841,988,1013,1055,958,1040,1029,666,962,1079,1050,899,828,779,936,1137,646,852,775,1081,868,882,922,1027,894,638,1043,1026,922,784,1012,1017,882,922,809,928,710,1023,806,994,733,863,939,692,975,896,679,749,1053,1099,936,1021,992,1009,1161,717,1064,896,921,908,897,762,986,1222,948,956,847,938,1031,898,884,1021,811,997,1087,1173,942,1174,1121,798,763,908,1120,945,861,1203,1002,638,1007,1039,992,1028,946,747,898,806,808,756,1028,972,885,853,953,1128,638,1016,870,657,647,811,991,1019,807,1118,1183,1019,862,1135,1077,1094,852,638,1276,700,951,1276,1009,1107,718,674,872,1130,901,830,988,1129,727,764,831,1131,994,1276,1105,951,1158,990,844,1065,846,910,1168,940,829,883,1119,869,895,875,986,895,702,815,808,1154,1086,1050,876,827,876,789,1276,638,1046,752,940,799,769,775,1236,935,835,1045,958,1071,666,1005,1079,692,1028,1226,954,1087,1063,844,963,707,885,999,1071,960,1071,781,940,960,1251,922,877,960,810,987,898,672,947,906,697,946,1193,1039,1054,743,1032,980,1041,1024,740,950,836,949,814,1165,820,814,968,785,889,825,1181,1081,947,894,1106,1021,1036,952,688,939,872,1059,1117,852,1031,1233,850,1224,821,960,955,958,823,863,850,1008,1009,1276,1174,875,1008,1115,961,945,965,1094,822,905,1031,1006,995,898,1111,1276,1021,926,1077,871,837,962,638,773,901,741,792,887,695,892,871,961,1140,984,960,972,993,795,938,1006,739,1094,1128,856,918,817,1068,788,921,820,965,671,1167,803,966,923,835,815,1105,873,1000,829,854,1032,1104,929,730,1274,820,711,1276,892,724,848,1015,987,821,1246,874,768,1109,1168,827,734,1120,638,761,1110,948],num_heads:128,num_heads_kv:1,head_dim:576,head_dim_v:512,causal:0,dtype:bf16.
flash_mla:[D][1492,1276]flash_mla,MLA:sparse:decode,is_fp8:1,topk:2048,batch_size:1492,seqlen_q:4,seqlen_k:[1237,1020,1112,1276,1253,801,1108,932,940,1022,979,1188,1078,976,1027,1010,1194,924,1006,821,638,1060,1094,838,1276,725,964,927,1200,1190,981,1017,815,642,901,981,1152,1148,895,908,790,731,685,1267,875,887,757,1080,700,923,814,1018,875,769,952,1025,967,1005,856,899,850,899,827,682,985,893,697,1030,812,965,1072,977,1138,760,1020,848,818,864,907,965,771,1100,1031,712,1193,1258,1144,928,786,1124,892,1151,990,1112,1013,1069,958,1240,977,1020,1256,742,754,1111,770,1266,891,838,1262,1192,1253,1101,820,1260,914,1084,1107,932,1054,1103,1016,782,1004,1167,846,933,887,1251,1063,1021,834,1042,849,962,855,1064,1048,923,1019,783,719,1026,983,1057,1276,1107,811,1134,747,883,946,1229,838,825,941,851,1136,785,774,887,877,1263,1107,970,762,1091,797,711,1145,1007,1103,1007,1093,853,792,1065,829,847,884,959,900,738,854,638,1056,702,781,965,839,1202,751,999,950,771,1040,929,1079,1087,1276,1169,898,918,1131,1061,1058,699,953,839,1001,941,1101,1007,1082,882,806,891,954,1017,1276,950,805,901,883,1033,712,967,981,993,862,919,730,878,870,1023,773,1081,1194,638,1024,1064,855,893,935,909,907,690,1140,1128,827,723,1039,865,979,906,1066,1067,841,737,705,1054,767,876,862,948,649,987,1040,971,907,972,1020,638,1267,1019,853,894,1035,938,638,1276,939,1119,846,1201,1002,1053,790,1149,1066,1163,857,880,1276,788,935,1137,972,1049,893,1015,749,1220,938,848,1062,883,744,742,1067,931,935,1128,777,840,895,972,950,911,947,939,842,827,1000,815,772,907,931,1276,844,1106,1075,767,1079,768,638,1053,677,1028,848,1220,1126,884,847,763,886,912,899,981,1048,1012,835,728,1173,847,853,874,663,881,880,1055,1068,957,1105,1011,954,982,926,894,914,777,1001,799,1090,917,964,1035,1059,707,924,1096,687,1018,638,794,963,693,800,722,1219,983,1047,921,900,699,910,835,1093,1138,1190,1092,861,779,1078,1013,675,1013,1086,966,927,828,727,1084,907,919,1232,1065,1015,979,1198,1230,1104,1049,638,976,936,971,1106,638,866,999,882,731,1095,1001,802,1007,1087,957,1084,969,894,772,943,987,1096,938,1029,803,832,939,789,1087,1030,1001,1010,1276,882,638,988,948,874,801,887,985,877,1276,804,830,638,996,638,871,913,844,1233,1115,1166,816,1136,1035,1079,1120,812,889,1094,638,1197,1044,949,992,793,901,1131,1163,1276,945,852,875,795,944,1017,951,1131,919,901,864,697,707,769,1163,1099,1175,745,643,852,984,1036,1123,1002,1234,921,811,689,815,995,815,1105,1181,638,1094,638,1020,1151,967,753,863,915,928,924,939,990,764,918,1198,895,886,1128,638,1144,856,983,972,1106,914,849,1163,638,960,742,835,1276,949,988,673,841,988,1013,1055,958,1040,1029,666,962,1079,1050,899,828,779,936,1137,646,852,775,1081,868,882,922,1027,894,638,1043,1026,922,784,1012,1017,882,922,809,928,710,1023,806,994,733,863,939,692,975,896,679,749,1053,1099,936,1021,992,1009,1161,717,1064,896,921,908,897,762,986,1222,948,956,847,938,1031,898,884,1021,811,997,1087,1173,942,1174,1121,798,763,908,1120,945,861,1203,1002,638,1007,1039,992,1028,946,747,898,806,808,756,1028,972,885,853,953,1128,638,1016,870,657,647,811,991,1019,807,1118,1183,1019,862,1135,1077,1094,852,638,1276,700,951,1276,1009,1107,718,674,872,1130,901,830,988,1129,727,764,831,1131,994,1276,1105,951,1158,990,844,1065,846,910,1168,940,829,883,1119,869,895,875,986,895,702,815,808,1154,1086,1050,876,827,876,789,1276,638,1046,752,940,799,769,775,1236,935,835,1045,958,1071,666,1005,1079,692,1028,1226,954,1087,1063,844,963,707,885,999,1071,960,1071,781,940,960,1251,922,877,960,810,987,898,672,947,906,697,946,1193,1039,1054,743,1032,980,1041,1024,740,950,836,949,814,1165,820,814,968,785,889,825,1181,1081,947,894,1106,1021,1036,952,688,939,872,1059,1117,852,1031,1233,850,1224,821,960,955,958,823,863,850,1008,1009,1276,1174,875,1008,1115,961,945,965,1094,822,905,1031,1006,995,898,1111,1276,1021,926,1077,871,837,962,638,773,901,741,792,887,695,892,871,961,1140,984,960,972,993,795,938,1006,739,1094,1128,856,918,817,1068,788,921,820,965,671,1167,803,966,923,835,815,1105,873,1000,829,854,1032,1104,929,730,1274,820,711,1276,892,724,848,1015,987,821,1246,874,768,1109,1168,827,734,1120,638,761,1110,948,915,1013,932,750,1159,1167,989,964,1276,913,915,1014,1190,1210,915,1006,737,907,823,796,1224,831,872,1015,1163,1033,1276,945,998,1000,1185,1037,938,806,995,1179,891,1041,996,1094,829,1276,753,898,1106,1004,1088,878,945,958,1206,1066,1083,852,1111,992,1177,1276,908,892,819,934,896,1014,934,899,1126,807,1025,892,1072,1177,908,1027,985,829,995,1002,1022,925,971,774,900,1045,1098,889,973,993,989,1042,667,949,995,797,1223,982,1205,831,812,992,690,991,972,1118,1068,890,782,1229,831,790,784,1134,874,837,978,924,849,1076,1126,1113,1078,1021,674,1222,1005,1053,1134,1184,1023,1026,861,962,821,842,814,932,1123,1276,987,742,1158,909,851,990,759,992,942,972,1017,967,959,1002,1023,792,729,947,729,970,1106,1053,790,820,1009,893,906,1051,800,893,829,791,820,1064,965,817,920,696,840,1276,942,1073,946,1012,1062,781,952,1208,830,866,908,999,1040,1158,1036,947,1157,1068,719,1276,1238,930,1017,1167,929,1073,1132,795,861,1103,1030,1103,935,911,639,774,964,1088,1041,936,913,991,969,1180,980,721,754,1198,770,1078,914,930,935,1151,926,951,713,989,1041,995,1179,965,1004,1219,710,884,1183,1105,1064,1089,1009,1216,1017,995,982,987,773,1079,936,1246,944,1023,996,857,1114,1259,954,909,900,656,928,996,1124,1109,890,912,1135,929,875,1178,1121,959,862,638,1050,814,644,1208,1060,775,763,1095,817,1163,1055,1042,1021,987,1097,884,970,1076,1046,766,877,997,892,1239,894,931,1079,1009,933,836,1004,1122,1033,833,1233,726,705,1109,992,869,782,1276,975,1041,1007,1026,1042,1073,897,910,680,832,1000,1123,1052,902,756,638,1140,863,885,977,733,901,1276,1037,1014,705,1276,730,1262,638,1180,1214,825,1024,1044,827,726,747,1043,943,867,1110,1037,836,766,1040,871,972,1207,1036,819,982,805,1212,867,989,1005,982,645,727,885,1007,935,804,742,893,882,1038,905,1052,862,916,901,832,1056,827,874,945,750,905,843,895,947,829,922,1165,952,1139,1012,1080,833,973,978,859,826,720,1194,802,1171,882,819,1055,856,1047,904,1033,803,1089,1034,810,1276,1042,1276,1211,926,891,892,666,846,996,1199,834,1097,757,863,884,1016,1029,1110,1079,995,1019,1209,875,1080,669,1022,880,957,1122,983,1097,1191,1018,1143,905,955,873,1122,1022,876,981,1122,950,806,977,642,1079,890,882,1096,739,1266,880,873,1119,1069,1276,923,937,721,904,842,885,679,1221,731,638,768,860,774,1131,935,961,1054,1002,1112,780,869,1062,638,738,1036,880,1105,1085,766,1021,1148,980,801,1096,1058,1043,1070,638,1097,1244,1026,987,1067,1010,1060,957,835,797,798,738,787,1237,1076,857,894,974,852,967,1080,951,1010,1097,913,1002,907,952,905,872,984,1047,980,1036,839,765,1023,1066,964,1171,1101,1276,925,798,839],num_heads:128,num_heads_kv:1,head_dim:576,head_dim_v:512,causal:0,dtype:bf16.
flash_mla:[D][1,3126]flash_mla,MLA:sparse:decode,is_fp8:1,topk:2048,batch_size:1,seqlen_q:4,seqlen_k:[3126],num_heads:128,num_heads_kv:1,head_dim:576,head_dim_v:512,causal:0,dtype:bf16.
flash_mla:[D][2,3126]flash_mla,MLA:sparse:decode,is_fp8:1,topk:2048,batch_size:2,seqlen_q:4,seqlen_k:[3126,2577],num_heads:128,num_heads_kv:1,head_dim:576,head_dim_v:512,causal:0,dtype:bf16.
flash_mla:[D][3,3126]flash_mla,MLA:sparse:decode,is_fp8:1,topk:2048,batch_size:3,seqlen_q:4,seqlen_k:[3126,2577,2810],num_heads:128,num_heads_kv:1,head_dim:576,head_dim_v:512,causal:0,dtype:bf16.
flash_mla:[D][4,3222]flash_mla,MLA:sparse:decode,is_fp8:1,topk:2048,batch_size:4,seqlen_q:4,seqlen_k:[3126,2577,2810,3222],num_heads:128,num_heads_kv:1,head_dim:576,head_dim_v:512,causal:0,dtype:bf16.
flash_mla:[D][7,3222]flash_mla,MLA:sparse:decode,is_fp8:1,topk:2048,batch_size:7,seqlen_q:4,seqlen_k:[3126,2577,2810,3222,3168,2022,2798],num_heads:128,num_heads_kv:1,head_dim:576,head_dim_v:512,causal:0,dtype:bf16.
flash_mla:[D][11,3222]flash_mla,MLA:sparse:decode,is_fp8:1,topk:2048,batch_size:11,seqlen_q:4,seqlen_k:[3126,2577,2810,3222,3168,2022,2798,2355,2374,2581,2474],num_heads:128,num_heads_kv:1,head_dim:576,head_dim_v:512,causal:0,dtype:bf16.
flash_mla:[D][19,3222]flash_mla,MLA:sparse:decode,is_fp8:1,topk:2048,batch_size:19,seqlen_q:4,seqlen_k:[3126,2577,2810,3222,3168,2022,2798,2355,2374,2581,2474,3002,2722,2465,2594,2550,3018,2333,2542],num_heads:128,num_heads_kv:1,head_dim:576,head_dim_v:512,causal:0,dtype:bf16.
flash_mla:[D][30,3222]flash_mla,MLA:sparse:decode,is_fp8:1,topk:2048,batch_size:30,seqlen_q:4,seqlen_k:[3126,2577,2810,3222,3168,2022,2798,2355,2374,2581,2474,3002,2722,2465,2594,2550,3018,2333,2542,2071,1611,2679,2764,2116,3222,1829,2434,2340,3033,3008],num_heads:128,num_heads_kv:1,head_dim:576,head_dim_v:512,causal:0,dtype:bf16.
flash_mla:[D][49,3222]flash_mla,MLA:sparse:decode,is_fp8:1,topk:2048,batch_size:49,seqlen_q:4,seqlen_k:[3126,2577,2810,3222,3168,2022,2798,2355,2374,2581,2474,3002,2722,2465,2594,2550,3018,2333,2542,2071,1611,2679,2764,2116,3222,1829,2434,2340,3033,3008,2478,2568,2058,1617,2275,2479,2911,2900,2259,2294,1993,1843,1728,3202,2210,2239,1911,2729,1765],num_heads:128,num_heads_kv:1,head_dim:576,head_dim_v:512,causal:0,dtype:bf16.
flash_mla:[D][80,3222]flash_mla,MLA:sparse:decode,is_fp8:1,topk:2048,batch_size:80,seqlen_q:4,seqlen_k:[3126,2577,2810,3222,3168,2022,2798,2355,2374,2581,2474,3002,2722,2465,2594,2550,3018,2333,2542,2071,1611,2679,2764,2116,3222,1829,2434,2340,3033,3008,2478,2568,2058,1617,2275,2479,2911,2900,2259,2294,1993,1843,1728,3202,2210,2239,1911,2729,1765,2330,2055,2571,2210,1940,2404,2588,2442,2537,2160,2269,2144,2271,2088,1720,2487,2254,1759,2602,2050,2436,2709,2467,2875,1918,2578,2140,2065,2182,2290,2438],num_heads:128,num_heads_kv:1,head_dim:576,head_dim_v:512,causal:0,dtype:bf16.
flash_mla:[D][131,3222]flash_mla,MLA:sparse:decode,is_fp8:1,topk:2048,batch_size:131,seqlen_q:4,seqlen_k:[3126,2577,2810,3222,3168,2022,2798,2355,2374,2581,2474,3002,2722,2465,2594,2550,3018,2333,2542,2071,1611,2679,2764,2116,3222,1829,2434,2340,3033,3008,2478,2568,2058,1617,2275,2479,2911,2900,2259,2294,1993,1843,1728,3202,2210,2239,1911,2729,1765,2330,2055,2571,2210,1940,2404,2588,2442,2537,2160,2269,2144,2271,2088,1720,2487,2254,1759,2602,2050,2436,2709,2467,2875,1918,2578,2140,2065,2182,2290,2438,1946,2779,2603,1796,3015,3180,2891,2343,1984,2840,2253,2908,2499,2809,2559,2700,2420,3135,2467,2578,3174,1872,1903,2806,1943,3199,2249,2114,3190,3012,3168,2781,2068,3185,2307,2739,2797,2353,2663,2787,2567,1972,2536,2950,2136,2355,2240,3161,2686,2580,2105],num_heads:128,num_heads_kv:1,head_dim:576,head_dim_v:512,causal:0,dtype:bf16.
flash_mla:[D][213,3222]flash_mla,MLA:sparse:decode,is_fp8:1,topk:2048,batch_size:213,seqlen_q:4,seqlen_k:[3126,2577,2810,3222,3168,2022,2798,2355,2374,2581,2474,3002,2722,2465,2594,2550,3018,2333,2542,2071,1611,2679,2764,2116,3222,1829,2434,2340,3033,3008,2478,2568,2058,1617,2275,2479,2911,2900,2259,2294,1993,1843,1728,3202,2210,2239,1911,2729,1765,2330,2055,2571,2210,1940,2404,2588,2442,2537,2160,2269,2144,2271,2088,1720,2487,2254,1759,2602,2050,2436,2709,2467,2875,1918,2578,2140,2065,2182,2290,2438,1946,2779,2603,1796,3015,3180,2891,2343,1984,2840,2253,2908,2499,2809,2559,2700,2420,3135,2467,2578,3174,1872,1903,2806,1943,3199,2249,2114,3190,3012,3168,2781,2068,3185,2307,2739,2797,2353,2663,2787,2567,1972,2536,2950,2136,2355,2240,3161,2686,2580,2105,2633,2144,2428,2159,2688,2648,2332,2575,1975,1815,2593,2483,2671,3222,2796,2048,2866,1885,2229,2388,3106,2115,2082,2376,2148,2870,1980,1953,2239,2215,3193,2798,2451,1922,2756,2012,1793,2894,2543,2787,2544,2761,2153,1999,2690,2092,2138,2232,2423,2273,1861,2156,1611,2667,1770,1970,2437,2117,3037,1894,2523,2400,1945,2626,2346,2727,2747,3222,2954,2267,2319,2859,2680,2673,1764,2406,2118,2528,2376,2782,2543,2732],num_heads:128,num_heads_kv:1,head_dim:576,head_dim_v:512,causal:0,dtype:bf16.
flash_mla:[D][346,3222]flash_mla,MLA:sparse:decode,is_fp8:1,topk:2048,batch_size:346,seqlen_q:4,seqlen_k:[3126,2577,2810,3222,3168,2022,2798,2355,2374,2581,2474,3002,2722,2465,2594,2550,3018,2333,2542,2071,1611,2679,2764,2116,3222,1829,2434,2340,3033,3008,2478,2568,2058,1617,2275,2479,2911,2900,2259,2294,1993,1843,1728,3202,2210,2239,1911,2729,1765,2330,2055,2571,2210,1940,2404,2588,2442,2537,2160,2269,2144,2271,2088,1720,2487,2254,1759,2602,2050,2436,2709,2467,2875,1918,2578,2140,2065,2182,2290,2438,1946,2779,2603,1796,3015,3180,2891,2343,1984,2840,2253,2908,2499,2809,2559,2700,2420,3135,2467,2578,3174,1872,1903,2806,1943,3199,2249,2114,3190,3012,3168,2781,2068,3185,2307,2739,2797,2353,2663,2787,2567,1972,2536,2950,2136,2355,2240,3161,2686,2580,2105,2633,2144,2428,2159,2688,2648,2332,2575,1975,1815,2593,2483,2671,3222,2796,2048,2866,1885,2229,2388,3106,2115,2082,2376,2148,2870,1980,1953,2239,2215,3193,2798,2451,1922,2756,2012,1793,2894,2543,2787,2544,2761,2153,1999,2690,2092,2138,2232,2423,2273,1861,2156,1611,2667,1770,1970,2437,2117,3037,1894,2523,2400,1945,2626,2346,2727,2747,3222,2954,2267,2319,2859,2680,2673,1764,2406,2118,2528,2376,2782,2543,2732,2228,2035,2250,2409,2568,3222,2398,2030,2276,2229,2610,1795,2441,2479,2509,2175,2320,1842,2217,2197,2583,1950,2730,3018,1611,2587,2688,2159,2255,2362,2295,2291,1740,2880,2851,2088,1825,2625,2183,2473,2287,2694,2695,2123,1858,1778,2661,1936,2211,2175,2394,1635,2492,2627,2451,2290,2455,2576,1611,3204,2573,2153,2258,2614,2369,1611,3222,2371,2827,2137,3035,2531,2661,1994,2904,2693,2940,2162,2222,3222,1988,2361,2874,2455,2650,2255,2565,1889,3084,2368,2141,2684,2230,1878,1873,2695,2351,2362,2850,1961,2121,2260,2454,2399,2300,2391,2372,2125,2088,2526,2056,1949,2290,2352,3222,2132,2796,2717,1936,2727,1938,1611,2660,1708,2597,2140,3084,2846,2233,2138,1926,2238,2303],num_heads:128,num_heads_kv:1,head_dim:576,head_dim_v:512,causal:0,dtype:bf16.
flash_mla:[D][563,3222]flash_mla,MLA:sparse:decode,is_fp8:1,topk:2048,batch_size:563,seqlen_q:4,seqlen_k:[3126,2577,2810,3222,3168,2022,2798,2355,2374,2581,2474,3002,2722,2465,2594,2550,3018,2333,2542,2071,1611,2679,2764,2116,3222,1829,2434,2340,3033,3008,2478,2568,2058,1617,2275,2479,2911,2900,2259,2294,1993,1843,1728,3202,2210,2239,1911,2729,1765,2330,2055,2571,2210,1940,2404,2588,2442,2537,2160,2269,2144,2271,2088,1720,2487,2254,1759,2602,2050,2436,2709,2467,2875,1918,2578,2140,2065,2182,2290,2438,1946,2779,2603,1796,3015,3180,2891,2343,1984,2840,2253,2908,2499,2809,2559,2700,2420,3135,2467,2578,3174,1872,1903,2806,1943,3199,2249,2114,3190,3012,3168,2781,2068,3185,2307,2739,2797,2353,2663,2787,2567,1972,2536,2950,2136,2355,2240,3161,2686,2580,2105,2633,2144,2428,2159,2688,2648,2332,2575,1975,1815,2593,2483,2671,3222,2796,2048,2866,1885,2229,2388,3106,2115,2082,2376,2148,2870,1980,1953,2239,2215,3193,2798,2451,1922,2756,2012,1793,2894,2543,2787,2544,2761,2153,1999,2690,2092,2138,2232,2423,2273,1861,2156,1611,2667,1770,1970,2437,2117,3037,1894,2523,2400,1945,2626,2346,2727,2747,3222,2954,2267,2319,2859,2680,2673,1764,2406,2118,2528,2376,2782,2543,2732,2228,2035,2250,2409,2568,3222,2398,2030,2276,2229,2610,1795,2441,2479,2509,2175,2320,1842,2217,2197,2583,1950,2730,3018,1611,2587,2688,2159,2255,2362,2295,2291,1740,2880,2851,2088,1825,2625,2183,2473,2287,2694,2695,2123,1858,1778,2661,1936,2211,2175,2394,1635,2492,2627,2451,2290,2455,2576,1611,3204,2573,2153,2258,2614,2369,1611,3222,2371,2827,2137,3035,2531,2661,1994,2904,2693,2940,2162,2222,3222,1988,2361,2874,2455,2650,2255,2565,1889,3084,2368,2141,2684,2230,1878,1873,2695,2351,2362,2850,1961,2121,2260,2454,2399,2300,2391,2372,2125,2088,2526,2056,1949,2290,2352,3222,2132,2796,2717,1936,2727,1938,1611,2660,1708,2597,2140,3084,2846,2233,2138,1926,2238,2303,2269,2479,2649,2556,2108,1836,2965,2138,2153,2205,1673,2223,2222,2666,2697,2417,2791,2553,2409,2480,2339,2256,2308,1961,2529,2015,2755,2315,2435,2615,2675,1783,2332,2770,1731,2572,1611,2003,2431,1748,2018,1822,3080,2482,2644,2326,2273,1764,2298,2109,2761,2875,3007,2759,2174,1966,2724,2559,1703,2559,2744,2439,2341,2090,1833,2738,2291,2321,3114,2691,2565,2473,3028,3108,2790,2650,1611,2465,2363,2453,2796,1611,2186,2524,2227,1844,2766,2527,2024,2542,2747,2418,2738,2447,2256,1948,2381,2494,2768,2369,2600,2027,2100,2371,1990,2746,2602,2528,2552,3222,2227,1611,2496,2395,2207,2021,2239,2489,2213,3222,2028,2096,1611,2517,1611,2198,2304,2129,3116,2816,2947,2060,2870,2615,2726,2830,2049,2244,2763,1611,3025,2638,2397,2504,2000,2274,2859,2939,3222,2386,2150,2208,2005,2384,2570,2402,2857,2321,2275,2181,1758,1784,1940,2940,2776,2970,1879,1622,2149,2486,2616,2838,2530,3118,2326,2048,1738,2057,2513,2057,2793,2985,1611,2764,1611,2577,2909,2442,1900,2180,2310,2342,2334,2371,2502,1928,2318,3027,2260,2237,2850,1611,2892,2161,2482,2454,2795,2308,2142,2939,1611,2424,1872,2109,3222,2398,2494],num_heads:128,num_heads_kv:1,head_dim:576,head_dim_v:512,causal:0,dtype:bf16.
flash_mla:[D][917,3222]flash_mla,MLA:sparse:decode,is_fp8:1,topk:2048,batch_size:917,seqlen_q:4,seqlen_k:[3126,2577,2810,3222,3168,2022,2798,2355,2374,2581,2474,3002,2722,2465,2594,2550,3018,2333,2542,2071,1611,2679,2764,2116,3222,1829,2434,2340,3033,3008,2478,2568,2058,1617,2275,2479,2911,2900,2259,2294,1993,1843,1728,3202,2210,2239,1911,2729,1765,2330,2055,2571,2210,1940,2404,2588,2442,2537,2160,2269,2144,2271,2088,1720,2487,2254,1759,2602,2050,2436,2709,2467,2875,1918,2578,2140,2065,2182,2290,2438,1946,2779,2603,1796,3015,3180,2891,2343,1984,2840,2253,2908,2499,2809,2559,2700,2420,3135,2467,2578,3174,1872,1903,2806,1943,3199,2249,2114,3190,3012,3168,2781,2068,3185,2307,2739,2797,2353,2663,2787,2567,1972,2536,2950,2136,2355,2240,3161,2686,2580,2105,2633,2144,2428,2159,2688,2648,2332,2575,1975,1815,2593,2483,2671,3222,2796,2048,2866,1885,2229,2388,3106,2115,2082,2376,2148,2870,1980,1953,2239,2215,3193,2798,2451,1922,2756,2012,1793,2894,2543,2787,2544,2761,2153,1999,2690,2092,2138,2232,2423,2273,1861,2156,1611,2667,1770,1970,2437,2117,3037,1894,2523,2400,1945,2626,2346,2727,2747,3222,2954,2267,2319,2859,2680,2673,1764,2406,2118,2528,2376,2782,2543,2732,2228,2035,2250,2409,2568,3222,2398,2030,2276,2229,2610,1795,2441,2479,2509,2175,2320,1842,2217,2197,2583,1950,2730,3018,1611,2587,2688,2159,2255,2362,2295,2291,1740,2880,2851,2088,1825,2625,2183,2473,2287,2694,2695,2123,1858,1778,2661,1936,2211,2175,2394,1635,2492,2627,2451,2290,2455,2576,1611,3204,2573,2153,2258,2614,2369,1611,3222,2371,2827,2137,3035,2531,2661,1994,2904,2693,2940,2162,2222,3222,1988,2361,2874,2455,2650,2255,2565,1889,3084,2368,2141,2684,2230,1878,1873,2695,2351,2362,2850,1961,2121,2260,2454,2399,2300,2391,2372,2125,2088,2526,2056,1949,2290,2352,3222,2132,2796,2717,1936,2727,1938,1611,2660,1708,2597,2140,3084,2846,2233,2138,1926,2238,2303,2269,2479,2649,2556,2108,1836,2965,2138,2153,2205,1673,2223,2222,2666,2697,2417,2791,2553,2409,2480,2339,2256,2308,1961,2529,2015,2755,2315,2435,2615,2675,1783,2332,2770,1731,2572,1611,2003,2431,1748,2018,1822,3080,2482,2644,2326,2273,1764,2298,2109,2761,2875,3007,2759,2174,1966,2724,2559,1703,2559,2744,2439,2341,2090,1833,2738,2291,2321,3114,2691,2565,2473,3028,3108,2790,2650,1611,2465,2363,2453,2796,1611,2186,2524,2227,1844,2766,2527,2024,2542,2747,2418,2738,2447,2256,1948,2381,2494,2768,2369,2600,2027,2100,2371,1990,2746,2602,2528,2552,3222,2227,1611,2496,2395,2207,2021,2239,2489,2213,3222,2028,2096,1611,2517,1611,2198,2304,2129,3116,2816,2947,2060,2870,2615,2726,2830,2049,2244,2763,1611,3025,2638,2397,2504,2000,2274,2859,2939,3222,2386,2150,2208,2005,2384,2570,2402,2857,2321,2275,2181,1758,1784,1940,2940,2776,2970,1879,1622,2149,2486,2616,2838,2530,3118,2326,2048,1738,2057,2513,2057,2793,2985,1611,2764,1611,2577,2909,2442,1900,2180,2310,2342,2334,2371,2502,1928,2318,3027,2260,2237,2850,1611,2892,2161,2482,2454,2795,2308,2142,2939,1611,2424,1872,2109,3222,2398,2494,1698,2122,2495,2558,2664,2419,2628,2598,1678,2430,2725,2653,2269,2091,1965,2363,2872,1629,2150,1956,2732,2192,2226,2328,2595,2257,1611,2634,2592,2327,1979,2557,2568,2226,2328,2041,2344,1791,2584,2035,2511,1849,2178,2371,1746,2462,2263,1713,1890,2659,2776,2362,2579,2506,2548,2934,1808,2688,2262,2325,2294,2264,1921,2489,3089,2393,2415,2139,2368,2603,2266,2233,2578,2046,2517,2746,2964,2379,2967,2832,2014,1925,2293,2830,2386,2173,3041,2531,1611,2543,2625,2506,2597,2388,1884,2266,2034,2040,1906,2598,2455,2235,2154,2406,2850,1611,2567,2196,1656,1631,2048,2504,2574,2037,2825,2989,2575,2177,2869,2720,2765,2151,1611,3222,1766,2401,3222,2549,2798,1810,1699,2201,2855,2276,2095,2495,2852,1833,1928,2098,2857,2510,3222,2793,2401,2925,2501,2131,2690,2135,2298,2951,2375,2092,2228,2827,2193,2260,2210,2490,2260,1770,2058,2040,2917,2743,2652,2212,2087,2211,1992,3222,1611,2643,1898,2373,2017,1941,1956,3123,2362,2107,2639,2420,2706,1680,2538,2727,1746,2596,3099,2410,2747,2686,2130,2432,1784,2234,2523,2707,2425,2706,1971,2375,2423,3161,2329,2214,2424,2045,2493,2268,1694,2392,2288,1758,2388,3016,2626,2662,1875,2608,2475,2629,2586,1868,2399,2110,2395,2054,2944,2069,2053,2446,1981,2244,2081,2984,2732,2392,2258,2795,2579,2616,2405,1735,2370,2201,2675,2823,2150,2604,3115,2146,3093,2072,2425,2411,2420,2078,2177,2146,2547,2549,3222,2968,2210,2546,2817,2428,2387,2436,2765,2074,2284,2605,2541,2512,2266,2807,3222,2579,2338,2720,2198,2113,2429,1611,1950,2275,1870,1999,2239,1753,2252,2200,2426,2881,2485,2424,2456,2507,2006,2369,2540,1863,2764,2851,2161,2318,2062,2697,1988,2326,2069,2436,1692,2950,2027,2440,2330,2108,2058,2793,2204,2525,2092,2155,2606,2790,2345,1842,3221,2070,1794,3222,2253,1826,2140,2564,2492,2072,3150,2205,1938,2803,2951,2086,1851,2831,1611,1921,2805,2393],num_heads:128,num_heads_kv:1,head_dim:576,head_dim_v:512,causal:0,dtype:bf16.
flash_mla:[D][1492,3222]flash_mla,MLA:sparse:decode,is_fp8:1,topk:2048,batch_size:1492,seqlen_q:4,seqlen_k:[3126,2577,2810,3222,3168,2022,2798,2355,2374,2581,2474,3002,2722,2465,2594,2550,3018,2333,2542,2071,1611,2679,2764,2116,3222,1829,2434,2340,3033,3008,2478,2568,2058,1617,2275,2479,2911,2900,2259,2294,1993,1843,1728,3202,2210,2239,1911,2729,1765,2330,2055,2571,2210,1940,2404,2588,2442,2537,2160,2269,2144,2271,2088,1720,2487,2254,1759,2602,2050,2436,2709,2467,2875,1918,2578,2140,2065,2182,2290,2438,1946,2779,2603,1796,3015,3180,2891,2343,1984,2840,2253,2908,2499,2809,2559,2700,2420,3135,2467,2578,3174,1872,1903,2806,1943,3199,2249,2114,3190,3012,3168,2781,2068,3185,2307,2739,2797,2353,2663,2787,2567,1972,2536,2950,2136,2355,2240,3161,2686,2580,2105,2633,2144,2428,2159,2688,2648,2332,2575,1975,1815,2593,2483,2671,3222,2796,2048,2866,1885,2229,2388,3106,2115,2082,2376,2148,2870,1980,1953,2239,2215,3193,2798,2451,1922,2756,2012,1793,2894,2543,2787,2544,2761,2153,1999,2690,2092,2138,2232,2423,2273,1861,2156,1611,2667,1770,1970,2437,2117,3037,1894,2523,2400,1945,2626,2346,2727,2747,3222,2954,2267,2319,2859,2680,2673,1764,2406,2118,2528,2376,2782,2543,2732,2228,2035,2250,2409,2568,3222,2398,2030,2276,2229,2610,1795,2441,2479,2509,2175,2320,1842,2217,2197,2583,1950,2730,3018,1611,2587,2688,2159,2255,2362,2295,2291,1740,2880,2851,2088,1825,2625,2183,2473,2287,2694,2695,2123,1858,1778,2661,1936,2211,2175,2394,1635,2492,2627,2451,2290,2455,2576,1611,3204,2573,2153,2258,2614,2369,1611,3222,2371,2827,2137,3035,2531,2661,1994,2904,2693,2940,2162,2222,3222,1988,2361,2874,2455,2650,2255,2565,1889,3084,2368,2141,2684,2230,1878,1873,2695,2351,2362,2850,1961,2121,2260,2454,2399,2300,2391,2372,2125,2088,2526,2056,1949,2290,2352,3222,2132,2796,2717,1936,2727,1938,1611,2660,1708,2597,2140,3084,2846,2233,2138,1926,2238,2303,2269,2479,2649,2556,2108,1836,2965,2138,2153,2205,1673,2223,2222,2666,2697,2417,2791,2553,2409,2480,2339,2256,2308,1961,2529,2015,2755,2315,2435,2615,2675,1783,2332,2770,1731,2572,1611,2003,2431,1748,2018,1822,3080,2482,2644,2326,2273,1764,2298,2109,2761,2875,3007,2759,2174,1966,2724,2559,1703,2559,2744,2439,2341,2090,1833,2738,2291,2321,3114,2691,2565,2473,3028,3108,2790,2650,1611,2465,2363,2453,2796,1611,2186,2524,2227,1844,2766,2527,2024,2542,2747,2418,2738,2447,2256,1948,2381,2494,2768,2369,2600,2027,2100,2371,1990,2746,2602,2528,2552,3222,2227,1611,2496,2395,2207,2021,2239,2489,2213,3222,2028,2096,1611,2517,1611,2198,2304,2129,3116,2816,2947,2060,2870,2615,2726,2830,2049,2244,2763,1611,3025,2638,2397,2504,2000,2274,2859,2939,3222,2386,2150,2208,2005,2384,2570,2402,2857,2321,2275,2181,1758,1784,1940,2940,2776,2970,1879,1622,2149,2486,2616,2838,2530,3118,2326,2048,1738,2057,2513,2057,2793,2985,1611,2764,1611,2577,2909,2442,1900,2180,2310,2342,2334,2371,2502,1928,2318,3027,2260,2237,2850,1611,2892,2161,2482,2454,2795,2308,2142,2939,1611,2424,1872,2109,3222,2398,2494,1698,2122,2495,2558,2664,2419,2628,2598,1678,2430,2725,2653,2269,2091,1965,2363,2872,1629,2150,1956,2732,2192,2226,2328,2595,2257,1611,2634,2592,2327,1979,2557,2568,2226,2328,2041,2344,1791,2584,2035,2511,1849,2178,2371,1746,2462,2263,1713,1890,2659,2776,2362,2579,2506,2548,2934,1808,2688,2262,2325,2294,2264,1921,2489,3089,2393,2415,2139,2368,2603,2266,2233,2578,2046,2517,2746,2964,2379,2967,2832,2014,1925,2293,2830,2386,2173,3041,2531,1611,2543,2625,2506,2597,2388,1884,2266,2034,2040,1906,2598,2455,2235,2154,2406,2850,1611,2567,2196,1656,1631,2048,2504,2574,2037,2825,2989,2575,2177,2869,2720,2765,2151,1611,3222,1766,2401,3222,2549,2798,1810,1699,2201,2855,2276,2095,2495,2852,1833,1928,2098,2857,2510,3222,2793,2401,2925,2501,2131,2690,2135,2298,2951,2375,2092,2228,2827,2193,2260,2210,2490,2260,1770,2058,2040,2917,2743,2652,2212,2087,2211,1992,3222,1611,2643,1898,2373,2017,1941,1956,3123,2362,2107,2639,2420,2706,1680,2538,2727,1746,2596,3099,2410,2747,2686,2130,2432,1784,2234,2523,2707,2425,2706,1971,2375,2423,3161,2329,2214,2424,2045,2493,2268,1694,2392,2288,1758,2388,3016,2626,2662,1875,2608,2475,2629,2586,1868,2399,2110,2395,2054,2944,2069,2053,2446,1981,2244,2081,2984,2732,2392,2258,2795,2579,2616,2405,1735,2370,2201,2675,2823,2150,2604,3115,2146,3093,2072,2425,2411,2420,2078,2177,2146,2547,2549,3222,2968,2210,2546,2817,2428,2387,2436,2765,2074,2284,2605,2541,2512,2266,2807,3222,2579,2338,2720,2198,2113,2429,1611,1950,2275,1870,1999,2239,1753,2252,2200,2426,2881,2485,2424,2456,2507,2006,2369,2540,1863,2764,2851,2161,2318,2062,2697,1988,2326,2069,2436,1692,2950,2027,2440,2330,2108,2058,2793,2204,2525,2092,2155,2606,2790,2345,1842,3221,2070,1794,3222,2253,1826,2140,2564,2492,2072,3150,2205,1938,2803,2951,2086,1851,2831,1611,1921,2805,2393,2309,2558,2354,1892,2930,2949,2498,2434,3222,2304,2311,2562,3008,3057,2311,2540,1860,2290,2077,2010,3093,2096,2201,2563,2939,2609,3222,2385,2520,2527,2994,2620,2369,2034,2514,2980,2250,2629,2515,2763,2091,3222,1900,2268,2794,2535,2750,2216,2385,2420,3048,2694,2737,2150,2806,2506,2975,3222,2292,2252,2067,2358,2262,2560,2357,2270,2845,2038,2590,2252,2707,2974,2293,2593,2488,2093,2513,2532,2582,2336,2453,1953,2271,2640,2775,2245,2458,2507,2497,2633,1683,2396,2512,2012,3090,2481,3046,2097,2050,2506,1739,2502,2455,2825,2698,2247,1973,3106,2096,1994,1978,2866,2206,2112,2471,2332,2142,2719,2845,2813,2725,2578,1700,3088,2537,2661,2865,2993,2584,2591,2174,2429,2071,2125,2055,2353,2838,3222,2492,1872,2925,2294,2149,2500,1916,2505,2380,2455,2569,2443,2422,2530,2583,2000,1839,2391,1838,2451,2794,2660,1993,2069,2548,2254,2288,2656,2018,2254,2093,1995,2070,2689,2436,2061,2322,1755,2120,3222,2379,2710,2389,2556,2683,1970,2403,3052,2095,2187,2292,2524,2627,2926,2617,2390,2923,2699,1813,3222,3129,2348,2568,2949,2346,2710,2861,2007,2173,2787,2601,2788,2362,2299,1611,1954,2434,2748,2630,2364,2306,2503,2447,2982,2475,1819,1903,3028,1944,2724,2307,2347,2361,2908,2338,2402,1799,2499,2630,2512,2979,2438,2536,3080,1791,2232,2990,2793,2689,2751,2547,3073,2568,2512,2480,2493,1949,2726,2363,3150,2385,2585,2515,2163,2815,3183,2410,2294,2272,1653,2344,2517,2841,2802,2248,2304,2868,2346,2210,2977,2834,2423,2176,1611,2653,2054,1625,3054,2677,1956,1926,2766,2062,2938,2664,2632,2579,2493,2770,2233,2450,2719,2642,1934,2214,2517,2251,3131,2257,2350,2726,2549,2357,2111,2537,2834,2609,2102,3115,1833,1778,2803,2507,2194,1973,3222,2463,2631,2544,2591,2633,2711,2264,2298,1714,2101,2525,2837,2657,2278,1906,1611,2880,2178,2235,2469,1849,2275,3222,2619,2560,1778,3222,1842,3190,1611,2982,3068,2083,2586,2636,2088,1832,1884,2634,2381,2188,2805,2620,2111,1931,2626,2199,2455,3051,2618,2068,2480,2032,3064,2189,2499,2540,2480,1626,1833,2233,2544,2360,2030,1872,2254,2227,2622,2284,2658,2176,2312,2275,2100,2667,2088,2205,2386,1893,2285,2129,2259,2391,2093,2327,2943,2405,2877,2555,2727,2103,2458,2469,2169,2084,1815,3018,2024,2958,2227,2068,2666,2161,2645,2281,2609,2025,2751,2612,2045,3222,2633,3222,3060,2339,2249,2253,1678,2135,2515,3030,2104,2771,1911,2179,2231,2565,2600,2803,2726,2513,2573,3056,2210,2728,1687,2581,2221,2417,2835,2482,2772,3009,2572,2887,2284,2412,2205,2836,2582,2211,2478,2835,2400,2033,2469,1617,2725,2246,2226,2768,1865,3200,2222,2205,2827,2701,3222,2330,2367,1819,2282,2125,2235,1713,3085,1845,1611,1937,2172,1952,2858,2360,2426,2661,2531,2810,1968,2195,2684,1611,1861,2617,2222,2793,2742,1933,2579,2900,2475,2022,2770,2672,2634,2704,1611,2771,3144,2591,2493,2696,2552,2678,2416,2107,2011,2013,1862,1985,3125,2719,2164,2258,2461,2151,2443,2729,2401,2551,2773,2306,2530,2291,2404,2285,2202,2486,2644,2474,2616,2118,1930,2584,2693,2436,2959,2781,3222,2335,2013,2117],num_heads:128,num_heads_kv:1,head_dim:576,head_dim_v:512,causal:0,dtype:bf16.
flash_mla:[D][1,7896]flash_mla,MLA:sparse:decode,is_fp8:1,topk:2048,batch_size:1,seqlen_q:4,seqlen_k:[7896],num_heads:128,num_heads_kv:1,head_dim:576,head_dim_v:512,causal:0,dtype:bf16.
flash_mla:[D][2,7896]flash_mla,MLA:sparse:decode,is_fp8:1,topk:2048,batch_size:2,seqlen_q:4,seqlen_k:[7896,6508],num_heads:128,num_heads_kv:1,head_dim:576,head_dim_v:512,causal:0,dtype:bf16.
flash_mla:[D][4,8137]flash_mla,MLA:sparse:decode,is_fp8:1,topk:2048,batch_size:4,seqlen_q:4,seqlen_k:[7896,6508,7097,8137],num_heads:128,num_heads_kv:1,head_dim:576,head_dim_v:512,causal:0,dtype:bf16.
flash_mla:[D][6,8137]flash_mla,MLA:sparse:decode,is_fp8:1,topk:2048,batch_size:6,seqlen_q:4,seqlen_k:[7896,6508,7097,8137,8001,5108],num_heads:128,num_heads_kv:1,head_dim:576,head_dim_v:512,causal:0,dtype:bf16.
flash_mla:[D][9,8137]flash_mla,MLA:sparse:decode,is_fp8:1,topk:2048,batch_size:9,seqlen_q:4,seqlen_k:[7896,6508,7097,8137,8001,5108,7068,5948,5997],num_heads:128,num_heads_kv:1,head_dim:576,head_dim_v:512,causal:0,dtype:bf16.
flash_mla:[D][14,8137]flash_mla,MLA:sparse:decode,is_fp8:1,topk:2048,batch_size:14,seqlen_q:4,seqlen_k:[7896,6508,7097,8137,8001,5108,7068,5948,5997,6519,6248,7580,6875,6225],num_heads:128,num_heads_kv:1,head_dim:576,head_dim_v:512,causal:0,dtype:bf16.
flash_mla:[D][22,8137]flash_mla,MLA:sparse:decode,is_fp8:1,topk:2048,batch_size:22,seqlen_q:4,seqlen_k:[7896,6508,7097,8137,8001,5108,7068,5948,5997,6519,6248,7580,6875,6225,6553,6441,7621,5893,6420,5233,4068,6766],num_heads:128,num_heads_kv:1,head_dim:576,head_dim_v:512,causal:0,dtype:bf16.
flash_mla:[D][34,8137]flash_mla,MLA:sparse:decode,is_fp8:1,topk:2048,batch_size:34,seqlen_q:4,seqlen_k:[7896,6508,7097,8137,8001,5108,7068,5948,5997,6519,6248,7580,6875,6225,6553,6441,7621,5893,6420,5233,4068,6766,6981,5347,8137,4622,6148,5911,7660,7596,6259,6486,5199,4087],num_heads:128,num_heads_kv:1,head_dim:576,head_dim_v:512,causal:0,dtype:bf16.
flash_mla:[D][53,8137]flash_mla,MLA:sparse:decode,is_fp8:1,topk:2048,batch_size:53,seqlen_q:4,seqlen_k:[7896,6508,7097,8137,8001,5108,7068,5948,5997,6519,6248,7580,6875,6225,6553,6441,7621,5893,6420,5233,4068,6766,6981,5347,8137,4622,6148,5911,7660,7596,6259,6486,5199,4087,5748,6261,7353,7324,5708,5794,5035,4657,4366,8085,5583,5656,4827,6892,4460,5885,5191,6495,5582],num_heads:128,num_heads_kv:1,head_dim:576,head_dim_v:512,causal:0,dtype:bf16.
flash_mla:[D][82,8137]flash_mla,MLA:sparse:decode,is_fp8:1,topk:2048,batch_size:82,seqlen_q:4,seqlen_k:[7896,6508,7097,8137,8001,5108,7068,5948,5997,6519,6248,7580,6875,6225,6553,6441,7621,5893,6420,5233,4068,6766,6981,5347,8137,4622,6148,5911,7660,7596,6259,6486,5199,4087,5748,6261,7353,7324,5708,5794,5035,4657,4366,8085,5583,5656,4827,6892,4460,5885,5191,6495,5582,4901,6073,6537,6169,6409,5456,5733,5418,5736,5275,4346,6282,5693,4444,6572,5179,6154,6843,6233,7260,4846,6511,5405,5216,5513,5785,6159,4917,7018],num_heads:128,num_heads_kv:1,head_dim:576,head_dim_v:512,causal:0,dtype:bf16.
flash_mla:[D][128,8137]flash_mla,MLA:sparse:decode,is_fp8:1,topk:2048,batch_size:128,seqlen_q:4,seqlen_k:[7896,6508,7097,8137,8001,5108,7068,5948,5997,6519,6248,7580,6875,6225,6553,6441,7621,5893,6420,5233,4068,6766,6981,5347,8137,4622,6148,5911,7660,7596,6259,6486,5199,4087,5748,6261,7353,7324,5708,5794,5035,4657,4366,8085,5583,5656,4827,6892,4460,5885,5191,6495,5582,4901,6073,6537,6169,6409,5456,5733,5418,5736,5275,4346,6282,5693,4444,6572,5179,6154,6843,6233,7260,4846,6511,5405,5216,5513,5785,6159,4917,7018,6575,4539,7615,8030,7300,5919,5013,7174,5691,7345,6313,7095,6464,6820,6112,7918,6231,6510,8017,4731,4809,7087,4908,8078,5681,5341,8057,7607,8001,7023,5226,8044,5829,6918,7065,5944,6726,7039,6484,4983,6405,7450,5395,5949,5659,7982],num_heads:128,num_heads_kv:1,head_dim:576,head_dim_v:512,causal:0,dtype:bf16.
flash_mla:[D][199,8137]flash_mla,MLA:sparse:decode,is_fp8:1,topk:2048,batch_size:199,seqlen_q:4,seqlen_k:[7896,6508,7097,8137,8001,5108,7068,5948,5997,6519,6248,7580,6875,6225,6553,6441,7621,5893,6420,5233,4068,6766,6981,5347,8137,4622,6148,5911,7660,7596,6259,6486,5199,4087,5748,6261,7353,7324,5708,5794,5035,4657,4366,8085,5583,5656,4827,6892,4460,5885,5191,6495,5582,4901,6073,6537,6169,6409,5456,5733,5418,5736,5275,4346,6282,5693,4444,6572,5179,6154,6843,6233,7260,4846,6511,5405,5216,5513,5785,6159,4917,7018,6575,4539,7615,8030,7300,5919,5013,7174,5691,7345,6313,7095,6464,6820,6112,7918,6231,6510,8017,4731,4809,7087,4908,8078,5681,5341,8057,7607,8001,7023,5226,8044,5829,6918,7065,5944,6726,7039,6484,4983,6405,7450,5395,5949,5659,7982,6785,6516,5318,6650,5416,6134,5455,6789,6688,5890,6504,4990,4585,6548,6271,6747,8137,7062,5173,7238,4763,5632,6032,7844,5344,5261,6001,5427,7247,5003,4935,5656,5595,8064,7067,6191,4855,6960,5084,4530,7310,6424,7038,6426,6973,5439,5050,6795,5284,5400,5638,6119,5741,4703,5447,4068,6737,4472,4978,6155,5349,7671,4787,6373,6062,4914,6634,5927,6886,6939,8137],num_heads:128,num_heads_kv:1,head_dim:576,head_dim_v:512,causal:0,dtype:bf16.
flash_mla:[D][309,8137]flash_mla,MLA:sparse:decode,is_fp8:1,topk:2048,batch_size:309,seqlen_q:4,seqlen_k:[7896,6508,7097,8137,8001,5108,7068,5948,5997,6519,6248,7580,6875,6225,6553,6441,7621,5893,6420,5233,4068,6766,6981,5347,8137,4622,6148,5911,7660,7596,6259,6486,5199,4087,5748,6261,7353,7324,5708,5794,5035,4657,4366,8085,5583,5656,4827,6892,4460,5885,5191,6495,5582,4901,6073,6537,6169,6409,5456,5733,5418,5736,5275,4346,6282,5693,4444,6572,5179,6154,6843,6233,7260,4846,6511,5405,5216,5513,5785,6159,4917,7018,6575,4539,7615,8030,7300,5919,5013,7174,5691,7345,6313,7095,6464,6820,6112,7918,6231,6510,8017,4731,4809,7087,4908,8078,5681,5341,8057,7607,8001,7023,5226,8044,5829,6918,7065,5944,6726,7039,6484,4983,6405,7450,5395,5949,5659,7982,6785,6516,5318,6650,5416,6134,5455,6789,6688,5890,6504,4990,4585,6548,6271,6747,8137,7062,5173,7238,4763,5632,6032,7844,5344,5261,6001,5427,7247,5003,4935,5656,5595,8064,7067,6191,4855,6960,5084,4530,7310,6424,7038,6426,6973,5439,5050,6795,5284,5400,5638,6119,5741,4703,5447,4068,6737,4472,4978,6155,5349,7671,4787,6373,6062,4914,6634,5927,6886,6939,8137,7461,5726,5858,7220,6768,6753,4457,6077,5351,6386,6002,7027,6424,6901,5627,5141,5684,6084,6487,8137,6059,5129,5750,5630,6591,4535,6166,6261,6338,5494,5860,4653,5600,5549,6525,4926,6896,7621,4068,6535,6790,5453,5697,5966,5799,5787,4397,7273,7199,5274,4610,6631,5516,6246,5777,6805,6808,5364,4695,4492,6722,4892,5586,5495,6048,4132,6293,6634,6191,5785,6201,6507,4068,8091,6498,5438,5704,6604,5983,4068,8137,5989,7139,5398,7664,6393,6721,5038,7333,6803,7425,5463,5612,8137,5023,5963,7258,6201,6694,5695,6478,4773,7788,5981,5410,6779,5633,4745,4732,6807],num_heads:128,num_heads_kv:1,head_dim:576,head_dim_v:512,causal:0,dtype:bf16.
flash_mla:[D][480,8137]flash_mla,MLA:sparse:decode,is_fp8:1,topk:2048,batch_size:480,seqlen_q:4,seqlen_k:[7896,6508,7097,8137,8001,5108,7068,5948,5997,6519,6248,7580,6875,6225,6553,6441,7621,5893,6420,5233,4068,6766,6981,5347,8137,4622,6148,5911,7660,7596,6259,6486,5199,4087,5748,6261,7353,7324,5708,5794,5035,4657,4366,8085,5583,5656,4827,6892,4460,5885,5191,6495,5582,4901,6073,6537,6169,6409,5456,5733,5418,5736,5275,4346,6282,5693,4444,6572,5179,6154,6843,6233,7260,4846,6511,5405,5216,5513,5785,6159,4917,7018,6575,4539,7615,8030,7300,5919,5013,7174,5691,7345,6313,7095,6464,6820,6112,7918,6231,6510,8017,4731,4809,7087,4908,8078,5681,5341,8057,7607,8001,7023,5226,8044,5829,6918,7065,5944,6726,7039,6484,4983,6405,7450,5395,5949,5659,7982,6785,6516,5318,6650,5416,6134,5455,6789,6688,5890,6504,4990,4585,6548,6271,6747,8137,7062,5173,7238,4763,5632,6032,7844,5344,5261,6001,5427,7247,5003,4935,5656,5595,8064,7067,6191,4855,6960,5084,4530,7310,6424,7038,6426,6973,5439,5050,6795,5284,5400,5638,6119,5741,4703,5447,4068,6737,4472,4978,6155,5349,7671,4787,6373,6062,4914,6634,5927,6886,6939,8137,7461,5726,5858,7220,6768,6753,4457,6077,5351,6386,6002,7027,6424,6901,5627,5141,5684,6084,6487,8137,6059,5129,5750,5630,6591,4535,6166,6261,6338,5494,5860,4653,5600,5549,6525,4926,6896,7621,4068,6535,6790,5453,5697,5966,5799,5787,4397,7273,7199,5274,4610,6631,5516,6246,5777,6805,6808,5364,4695,4492,6722,4892,5586,5495,6048,4132,6293,6634,6191,5785,6201,6507,4068,8091,6498,5438,5704,6604,5983,4068,8137,5989,7139,5398,7664,6393,6721,5038,7333,6803,7425,5463,5612,8137,5023,5963,7258,6201,6694,5695,6478,4773,7788,5981,5410,6779,5633,4745,4732,6807,5939,5966,7198,4956,5358,5710,6197,6059,5810,6039,5992,5370,5275,6381,5195,4924,5784,5941,8137,5385,7061,6861,4892,6888,4897,4068,6718,4316,6560,5406,7789,7188,5640,5402,4867,5653,5816,5731,6261,6690,6457,5324,4639,7489,5400,5438,5571,4227,5615,5614,6732,6812,6105,7049,6447,6086,6265,5908,5700,5829,4954,6387,5091,6957,5848,6152,6604,6756,4504,5891,6997,4375,6495,4068,5062,6141,4417,5099,4605,7778,6269,6678,5875,5742,4458,5805,5327,6974,7262,7593,6969,5493,4967,6881,6464,4303,6463,6930,6161,5913,5280,4630,6915,5787,5864,7864,6798,6479,6246,7647,7850,7047,6694,4068,6227,5969,6197,7061,4068,5523,6376,5627,4661,6985,6383,5114,6422,6937,6107,6916,6181,5700,4922,6014,6299,6992,5984,6567,5120,5306,5989,5029,6936,6573,6385,6446,8137,5625,4068,6304,6050,5575,5106,5655,6286,5590,8137,5125,5295,4068,6357,4068,5553,5821,5380,7870,7113,7443,5204,7249,6606],num_heads:128,num_heads_kv:1,head_dim:576,head_dim_v:512,causal:0,dtype:bf16.
flash_mla:[D][746,8137]flash_mla,MLA:sparse:decode,is_fp8:1,topk:2048,batch_size:746,seqlen_q:4,seqlen_k:[7896,6508,7097,8137,8001,5108,7068,5948,5997,6519,6248,7580,6875,6225,6553,6441,7621,5893,6420,5233,4068,6766,6981,5347,8137,4622,6148,5911,7660,7596,6259,6486,5199,4087,5748,6261,7353,7324,5708,5794,5035,4657,4366,8085,5583,5656,4827,6892,4460,5885,5191,6495,5582,4901,6073,6537,6169,6409,5456,5733,5418,5736,5275,4346,6282,5693,4444,6572,5179,6154,6843,6233,7260,4846,6511,5405,5216,5513,5785,6159,4917,7018,6575,4539,7615,8030,7300,5919,5013,7174,5691,7345,6313,7095,6464,6820,6112,7918,6231,6510,8017,4731,4809,7087,4908,8078,5681,5341,8057,7607,8001,7023,5226,8044,5829,6918,7065,5944,6726,7039,6484,4983,6405,7450,5395,5949,5659,7982,6785,6516,5318,6650,5416,6134,5455,6789,6688,5890,6504,4990,4585,6548,6271,6747,8137,7062,5173,7238,4763,5632,6032,7844,5344,5261,6001,5427,7247,5003,4935,5656,5595,8064,7067,6191,4855,6960,5084,4530,7310,6424,7038,6426,6973,5439,5050,6795,5284,5400,5638,6119,5741,4703,5447,4068,6737,4472,4978,6155,5349,7671,4787,6373,6062,4914,6634,5927,6886,6939,8137,7461,5726,5858,7220,6768,6753,4457,6077,5351,6386,6002,7027,6424,6901,5627,5141,5684,6084,6487,8137,6059,5129,5750,5630,6591,4535,6166,6261,6338,5494,5860,4653,5600,5549,6525,4926,6896,7621,4068,6535,6790,5453,5697,5966,5799,5787,4397,7273,7199,5274,4610,6631,5516,6246,5777,6805,6808,5364,4695,4492,6722,4892,5586,5495,6048,4132,6293,6634,6191,5785,6201,6507,4068,8091,6498,5438,5704,6604,5983,4068,8137,5989,7139,5398,7664,6393,6721,5038,7333,6803,7425,5463,5612,8137,5023,5963,7258,6201,6694,5695,6478,4773,7788,5981,5410,6779,5633,4745,4732,6807,5939,5966,7198,4956,5358,5710,6197,6059,5810,6039,5992,5370,5275,6381,5195,4924,5784,5941,8137,5385,7061,6861,4892,6888,4897,4068,6718,4316,6560,5406,7789,7188,5640,5402,4867,5653,5816,5731,6261,6690,6457,5324,4639,7489,5400,5438,5571,4227,5615,5614,6732,6812,6105,7049,6447,6086,6265,5908,5700,5829,4954,6387,5091,6957,5848,6152,6604,6756,4504,5891,6997,4375,6495,4068,5062,6141,4417,5099,4605,7778,6269,6678,5875,5742,4458,5805,5327,6974,7262,7593,6969,5493,4967,6881,6464,4303,6463,6930,6161,5913,5280,4630,6915,5787,5864,7864,6798,6479,6246,7647,7850,7047,6694,4068,6227,5969,6197,7061,4068,5523,6376,5627,4661,6985,6383,5114,6422,6937,6107,6916,6181,5700,4922,6014,6299,6992,5984,6567,5120,5306,5989,5029,6936,6573,6385,6446,8137,5625,4068,6304,6050,5575,5106,5655,6286,5590,8137,5125,5295,4068,6357,4068,5553,5821,5380,7870,7113,7443,5204,7249,6606,6886,7148,5177,5670,6979,4068,7641,6664,6055,6326,5054,5746,7220,7422,8137,6026,5432,5579,5066,6022,6491,6067,7216,5863,5748,5510,4441,4507,4902,7425,7012,7500,4747,4099,5430,6280,6609,7167,6391,7874,5875,5173,4392,5197,6348,5198,7054,7538,4068,6980,4068,6510,7347,6167,4800,5506,5835,5916,5895,5990,6319,4872,5855,7646,5710,5650,7198,4068,7303,5459,6268,6199,7060,5829,5412,7421,4068,6122,4731,5327,8137,6056,6300,4290,5360,6301,6462,6729,6110,6637,6563,4241,6139,6882,6701,5731,5282,4964,5968,7254,4117,5430,4942,6900,5538,5623,5881,6554,5702,4068,6654,6548,5878,4999,6459,6487,5623,5881,5156,5920,4525,6526,5141,6344,4672,5501,5989,4413,6219,5716,4330,4776,6717,7012,5967,6513,6329,6437,7409,4569,6789,5713,5873,5794,5720,4854,6288,7801,6044,6100,5403,5982,6576,5725,5640,6512,5168,6358,6936,7485,6010,7492,7153,5088,4863,5791,7148,6028,5491,7680,6393,4068,6424,6630,6331,6559,6033,4761,5724,5140,5153,4817,6562,6201,5646,5441,6078,7199,4068,6485,5547,4185,4123,5173,6325,6501,5147,7136,7549,6504,5500,7245,6870,6984,5434,4068,8137,4463,6065,8137,6438,7067,4574,4294,5560,7211,5749,5293,6303,7202,4632,4870,5299,7215,6340,8137,7054,6066,7388,6317,5385,6793,5393,5806,7452,5998,5285,5629,7141,5540,5708,5583,6289,5709,4472,5199,5153,7366,6928,6699,5588,5272,5585,5032,8137,4068,6675,4795,5995,5097,4904,4942,7886,5966,5323,6667],num_heads:128,num_heads_kv:1,head_dim:576,head_dim_v:512,causal:0,dtype:bf16.
flash_mla:[D][1,19943]flash_mla,MLA:sparse:decode,is_fp8:1,topk:2048,batch_size:1,seqlen_q:4,seqlen_k:[19943],num_heads:128,num_heads_kv:1,head_dim:576,head_dim_v:512,causal:0,dtype:bf16.
flash_mla:[D][2,19943]flash_mla,MLA:sparse:decode,is_fp8:1,topk:2048,batch_size:2,seqlen_q:4,seqlen_k:[19943,16440],num_heads:128,num_heads_kv:1,head_dim:576,head_dim_v:512,causal:0,dtype:bf16.
flash_mla:[D][3,19943]flash_mla,MLA:sparse:decode,is_fp8:1,topk:2048,batch_size:3,seqlen_q:4,seqlen_k:[19943,16440,17926],num_heads:128,num_heads_kv:1,head_dim:576,head_dim_v:512,causal:0,dtype:bf16.
flash_mla:[D][5,20550]flash_mla,MLA:sparse:decode,is_fp8:1,topk:2048,batch_size:5,seqlen_q:4,seqlen_k:[19943,16440,17926,20550,20209],num_heads:128,num_heads_kv:1,head_dim:576,head_dim_v:512,causal:0,dtype:bf16.
flash_mla:[D][7,20550]flash_mla,MLA:sparse:decode,is_fp8:1,topk:2048,batch_size:7,seqlen_q:4,seqlen_k:[19943,16440,17926,20550,20209,12901,17852],num_heads:128,num_heads_kv:1,head_dim:576,head_dim_v:512,causal:0,dtype:bf16.
flash_mla:[D][10,20550]flash_mla,MLA:sparse:decode,is_fp8:1,topk:2048,batch_size:10,seqlen_q:4,seqlen_k:[19943,16440,17926,20550,20209,12901,17852,15023,15146,16466],num_heads:128,num_heads_kv:1,head_dim:576,head_dim_v:512,causal:0,dtype:bf16.
flash_mla:[D][14,20550]flash_mla,MLA:sparse:decode,is_fp8:1,topk:2048,batch_size:14,seqlen_q:4,seqlen_k:[19943,16440,17926,20550,20209,12901,17852,15023,15146,16466,15782,19148,17367,15724],num_heads:128,num_heads_kv:1,head_dim:576,head_dim_v:512,causal:0,dtype:bf16.
flash_mla:[D][21,20550]flash_mla,MLA:sparse:decode,is_fp8:1,topk:2048,batch_size:21,seqlen_q:4,seqlen_k:[19943,16440,17926,20550,20209,12901,17852,15023,15146,16466,15782,19148,17367,15724,16552,16269,19250,14884,16216,13217,10275],num_heads:128,num_heads_kv:1,head_dim:576,head_dim_v:512,causal:0,dtype:bf16.
flash_mla:[D][30,20550]flash_mla,MLA:sparse:decode,is_fp8:1,topk:2048,batch_size:30,seqlen_q:4,seqlen_k:[19943,16440,17926,20550,20209,12901,17852,15023,15146,16466,15782,19148,17367,15724,16552,16269,19250,14884,16216,13217,10275,17091,17632,13505,20550,11675,15529,14931,19349,19186],num_heads:128,num_heads_kv:1,head_dim:576,head_dim_v:512,causal:0,dtype:bf16.
flash_mla:[D][44,20550]flash_mla,MLA:sparse:decode,is_fp8:1,topk:2048,batch_size:44,seqlen_q:4,seqlen_k:[19943,16440,17926,20550,20209,12901,17852,15023,15146,16466,15782,19148,17367,15724,16552,16269,19250,14884,16216,13217,10275,17091,17632,13505,20550,11675,15529,14931,19349,19186,15810,16383,13131,10323,14518,15813,18572,18500,14416,14635,12718,11763,11028,20423],num_heads:128,num_heads_kv:1,head_dim:576,head_dim_v:512,causal:0,dtype:bf16.
flash_mla:[D][65,20550]flash_mla,MLA:sparse:decode,is_fp8:1,topk:2048,batch_size:65,seqlen_q:4,seqlen_k:[19943,16440,17926,20550,20209,12901,17852,15023,15146,16466,15782,19148,17367,15724,16552,16269,19250,14884,16216,13217,10275,17091,17632,13505,20550,11675,15529,14931,19349,19186,15810,16383,13131,10323,14518,15813,18572,18500,14416,14635,12718,11763,11028,20423,14102,14286,12193,17409,11265,14865,13111,16405,14099,12378,15339,16512,15582,16189,13782,14480,13684,14488,13323,10977,15867],num_heads:128,num_heads_kv:1,head_dim:576,head_dim_v:512,causal:0,dtype:bf16.
flash_mla:[D][95,20550]flash_mla,MLA:sparse:decode,is_fp8:1,topk:2048,batch_size:95,seqlen_q:4,seqlen_k:[19943,16440,17926,20550,20209,12901,17852,15023,15146,16466,15782,19148,17367,15724,16552,16269,19250,14884,16216,13217,10275,17091,17632,13505,20550,11675,15529,14931,19349,19186,15810,16383,13131,10323,14518,15813,18572,18500,14416,14635,12718,11763,11028,20423,14102,14286,12193,17409,11265,14865,13111,16405,14099,12378,15339,16512,15582,16189,13782,14480,13684,14488,13323,10977,15867,14379,11224,16600,13081,15545,17285,15743,18339,12239,16445,13652,13174,13924,14611,15556,12418,17726,16608,11465,19235,20282,18440,14949,12661,18120,14376,18552,15947,17920,16327],num_heads:128,num_heads_kv:1,head_dim:576,head_dim_v:512,causal:0,dtype:bf16.
flash_mla:[D][139,20550]flash_mla,MLA:sparse:decode,is_fp8:1,topk:2048,batch_size:139,seqlen_q:4,seqlen_k:[19943,16440,17926,20550,20209,12901,17852,15023,15146,16466,15782,19148,17367,15724,16552,16269,19250,14884,16216,13217,10275,17091,17632,13505,20550,11675,15529,14931,19349,19186,15810,16383,13131,10323,14518,15813,18572,18500,14416,14635,12718,11763,11028,20423,14102,14286,12193,17409,11265,14865,13111,16405,14099,12378,15339,16512,15582,16189,13782,14480,13684,14488,13323,10977,15867,14379,11224,16600,13081,15545,17285,15743,18339,12239,16445,13652,13174,13924,14611,15556,12418,17726,16608,11465,19235,20282,18440,14949,12661,18120,14376,18552,15947,17920,16327,17227,15438,19999,15738,16444,20249,11949,12148,17902,12398,20405,14349,13491,20352,19215,20209,17739,13199,20318,14723,17473,17845,15013,16989,17781,16379,12587,16178,18819,13627,15027,14294,20162,17139,16458,13434,16797,13679,15493,13778,17149,16893,14876,16429],num_heads:128,num_heads_kv:1,head_dim:576,head_dim_v:512,causal:0,dtype:bf16.
flash_mla:[D][203,20550]flash_mla,MLA:sparse:decode,is_fp8:1,topk:2048,batch_size:203,seqlen_q:4,seqlen_k:[19943,16440,17926,20550,20209,12901,17852,15023,15146,16466,15782,19148,17367,15724,16552,16269,19250,14884,16216,13217,10275,17091,17632,13505,20550,11675,15529,14931,19349,19186,15810,16383,13131,10323,14518,15813,18572,18500,14416,14635,12718,11763,11028,20423,14102,14286,12193,17409,11265,14865,13111,16405,14099,12378,15339,16512,15582,16189,13782,14480,13684,14488,13323,10977,15867,14379,11224,16600,13081,15545,17285,15743,18339,12239,16445,13652,13174,13924,14611,15556,12418,17726,16608,11465,19235,20282,18440,14949,12661,18120,14376,18552,15947,17920,16327,17227,15438,19999,15738,16444,20249,11949,12148,17902,12398,20405,14349,13491,20352,19215,20209,17739,13199,20318,14723,17473,17845,15013,16989,17781,16379,12587,16178,18819,13627,15027,14294,20162,17139,16458,13434,16797,13679,15493,13778,17149,16893,14876,16429,12603,11580,16540,15840,17043,20550,17838,13066,18281,12031,14226,15236,19813,13498,13288,15159,13707,18306,12637,12464,14287,14132,20368,17851,15636,12263,17581,12842,11443,18464,16226,17777,16230,17613,13739,12755,17163,13348,13640,14241,15456,14502,11879,13758,10275,17018,11296,12574,15546,13512,19376,12090,16098,15311,12411,16756,14971,17394,17527,20550,18845,14463,14797,18237],num_heads:128,num_heads_kv:1,head_dim:576,head_dim_v:512,causal:0,dtype:bf16.
flash_mla:[D][296,20550]flash_mla,MLA:sparse:decode,is_fp8:1,topk:2048,batch_size:296,seqlen_q:4,seqlen_k:[19943,16440,17926,20550,20209,12901,17852,15023,15146,16466,15782,19148,17367,15724,16552,16269,19250,14884,16216,13217,10275,17091,17632,13505,20550,11675,15529,14931,19349,19186,15810,16383,13131,10323,14518,15813,18572,18500,14416,14635,12718,11763,11028,20423,14102,14286,12193,17409,11265,14865,13111,16405,14099,12378,15339,16512,15582,16189,13782,14480,13684,14488,13323,10977,15867,14379,11224,16600,13081,15545,17285,15743,18339,12239,16445,13652,13174,13924,14611,15556,12418,17726,16608,11465,19235,20282,18440,14949,12661,18120,14376,18552,15947,17920,16327,17227,15438,19999,15738,16444,20249,11949,12148,17902,12398,20405,14349,13491,20352,19215,20209,17739,13199,20318,14723,17473,17845,15013,16989,17781,16379,12587,16178,18819,13627,15027,14294,20162,17139,16458,13434,16797,13679,15493,13778,17149,16893,14876,16429,12603,11580,16540,15840,17043,20550,17838,13066,18281,12031,14226,15236,19813,13498,13288,15159,13707,18306,12637,12464,14287,14132,20368,17851,15636,12263,17581,12842,11443,18464,16226,17777,16230,17613,13739,12755,17163,13348,13640,14241,15456,14502,11879,13758,10275,17018,11296,12574,15546,13512,19376,12090,16098,15311,12411,16756,14971,17394,17527,20550,18845,14463,14797,18237,17095,17056,11258,15349,13515,16131,15159,17750,16226,17432,14213,12985,14358,15368,16386,20550,15303,12956,14523,14221,16648,11453,15574,15814,16008,13877,14800,11753,14144,14017,16480,12441,17418,19251,10275,16507,17150,13774,14391,15070,14646,14618,11106,18372,18185,13322,11644,16750,13932,15776,14591,17188,17196,13547,11858,11345,16980,12357,14109,13880,15276,10437,15896,16757,15639,14613,15662,16437,10275,20436,16414,13735,14407,16680,15113,10275,20550,15128,18032,13634,19358,16147,16976,12726,18523,17184,18756,13798,14176,20550,12688,15062,18332],num_heads:128,num_heads_kv:1,head_dim:576,head_dim_v:512,causal:0,dtype:bf16.
flash_mla:[D][1,50367]flash_mla,MLA:sparse:decode,is_fp8:1,topk:2048,batch_size:1,seqlen_q:4,seqlen_k:[50367],num_heads:128,num_heads_kv:1,head_dim:576,head_dim_v:512,causal:0,dtype:bf16.
flash_mla:[D][2,50367]flash_mla,MLA:sparse:decode,is_fp8:1,topk:2048,batch_size:2,seqlen_q:4,seqlen_k:[50367,41519],num_heads:128,num_heads_kv:1,head_dim:576,head_dim_v:512,causal:0,dtype:bf16.
flash_mla:[D][3,50367]flash_mla,MLA:sparse:decode,is_fp8:1,topk:2048,batch_size:3,seqlen_q:4,seqlen_k:[50367,41519,45273],num_heads:128,num_heads_kv:1,head_dim:576,head_dim_v:512,causal:0,dtype:bf16.
flash_mla:[D][4,51899]flash_mla,MLA:sparse:decode,is_fp8:1,topk:2048,batch_size:4,seqlen_q:4,seqlen_k:[50367,41519,45273,51899],num_heads:128,num_heads_kv:1,head_dim:576,head_dim_v:512,causal:0,dtype:bf16.
flash_mla:[D][5,51899]flash_mla,MLA:sparse:decode,is_fp8:1,topk:2048,batch_size:5,seqlen_q:4,seqlen_k:[50367,41519,45273,51899,51038],num_heads:128,num_heads_kv:1,head_dim:576,head_dim_v:512,causal:0,dtype:bf16.
flash_mla:[D][7,51899]flash_mla,MLA:sparse:decode,is_fp8:1,topk:2048,batch_size:7,seqlen_q:4,seqlen_k:[50367,41519,45273,51899,51038,32584,45087],num_heads:128,num_heads_kv:1,head_dim:576,head_dim_v:512,causal:0,dtype:bf16.
flash_mla:[D][9,51899]flash_mla,MLA:sparse:decode,is_fp8:1,topk:2048,batch_size:9,seqlen_q:4,seqlen_k:[50367,41519,45273,51899,51038,32584,45087,37942,38254],num_heads:128,num_heads_kv:1,head_dim:576,head_dim_v:512,causal:0,dtype:bf16.
flash_mla:[D][13,51899]flash_mla,MLA:sparse:decode,is_fp8:1,topk:2048,batch_size:13,seqlen_q:4,seqlen_k:[50367,41519,45273,51899,51038,32584,45087,37942,38254,41587,39858,48357,43860],num_heads:128,num_heads_kv:1,head_dim:576,head_dim_v:512,causal:0,dtype:bf16.
flash_mla:[D][17,51899]flash_mla,MLA:sparse:decode,is_fp8:1,topk:2048,batch_size:17,seqlen_q:4,seqlen_k:[50367,41519,45273,51899,51038,32584,45087,37942,38254,41587,39858,48357,43860,39713,41803,41088,48616],num_heads:128,num_heads_kv:1,head_dim:576,head_dim_v:512,causal:0,dtype:bf16.
flash_mla:[D][24,51899]flash_mla,MLA:sparse:decode,is_fp8:1,topk:2048,batch_size:24,seqlen_q:4,seqlen_k:[50367,41519,45273,51899,51038,32584,45087,37942,38254,41587,39858,48357,43860,39713,41803,41088,48616,37593,40954,33383,25949,43164,44531,34109],num_heads:128,num_heads_kv:1,head_dim:576,head_dim_v:512,causal:0,dtype:bf16.
flash_mla:[D][33,51899]flash_mla,MLA:sparse:decode,is_fp8:1,topk:2048,batch_size:33,seqlen_q:4,seqlen_k:[50367,41519,45273,51899,51038,32584,45087,37942,38254,41587,39858,48357,43860,39713,41803,41088,48616,37593,40954,33383,25949,43164,44531,34109,51899,29489,39220,37709,48867,48455,39929,41377,33164],num_heads:128,num_heads_kv:1,head_dim:576,head_dim_v:512,causal:0,dtype:bf16.
flash_mla:[D][45,51899]flash_mla,MLA:sparse:decode,is_fp8:1,topk:2048,batch_size:45,seqlen_q:4,seqlen_k:[50367,41519,45273,51899,51038,32584,45087,37942,38254,41587,39858,48357,43860,39713,41803,41088,48616,37593,40954,33383,25949,43164,44531,34109,51899,29489,39220,37709,48867,48455,39929,41377,33164,26074,36667,39938,46904,46723,36411,36962,32122,29712,27855,51578,35617],num_heads:128,num_heads_kv:1,head_dim:576,head_dim_v:512,causal:0,dtype:bf16.
flash_mla:[D][62,51899]flash_mla,MLA:sparse:decode,is_fp8:1,topk:2048,batch_size:62,seqlen_q:4,seqlen_k:[50367,41519,45273,51899,51038,32584,45087,37942,38254,41587,39858,48357,43860,39713,41803,41088,48616,37593,40954,33383,25949,43164,44531,34109,51899,29489,39220,37709,48867,48455,39929,41377,33164,26074,36667,39938,46904,46723,36411,36962,32122,29712,27855,51578,35617,36082,30797,43967,28454,37543,33115,41433,35610,31265,38741,41702,39355,40886,34809,36570,34561,36591],num_heads:128,num_heads_kv:1,head_dim:576,head_dim_v:512,causal:0,dtype:bf16.
flash_mla:[D][85,51899]flash_mla,MLA:sparse:decode,is_fp8:1,topk:2048,batch_size:85,seqlen_q:4,seqlen_k:[50367,41519,45273,51899,51038,32584,45087,37942,38254,41587,39858,48357,43860,39713,41803,41088,48616,37593,40954,33383,25949,43164,44531,34109,51899,29489,39220,37709,48867,48455,39929,41377,33164,26074,36667,39938,46904,46723,36411,36962,32122,29712,27855,51578,35617,36082,30797,43967,28454,37543,33115,41433,35610,31265,38741,41702,39355,40886,34809,36570,34561,36591,33649,27725,40074,36317,28348,41926,33038,39260,43653,39760,46315,30913,41533,34481,33275,35169,36902,39288,31365,44767,41944,28958,48578],num_heads:128,num_heads_kv:1,head_dim:576,head_dim_v:512,causal:0,dtype:bf16.
flash_mla:[D][117,51899]flash_mla,MLA:sparse:decode,is_fp8:1,topk:2048,batch_size:117,seqlen_q:4,seqlen_k:[50367,41519,45273,51899,51038,32584,45087,37942,38254,41587,39858,48357,43860,39713,41803,41088,48616,37593,40954,33383,25949,43164,44531,34109,51899,29489,39220,37709,48867,48455,39929,41377,33164,26074,36667,39938,46904,46723,36411,36962,32122,29712,27855,51578,35617,36082,30797,43967,28454,37543,33115,41433,35610,31265,38741,41702,39355,40886,34809,36570,34561,36591,33649,27725,40074,36317,28348,41926,33038,39260,43653,39760,46315,30913,41533,34481,33275,35169,36902,39288,31365,44767,41944,28958,48578,51222,46570,37756,31978,45764,36308,46854,40275,45259,41235,43507,38992,50508,39747,41531,51139,30181,30682,45212,31313,51532,36240,34075,51398,48528,51038,44801,33337,51314,37185,44129,45068],num_heads:128,num_heads_kv:1,head_dim:576,head_dim_v:512,causal:0,dtype:bf16.
flash_mla:[D][1,127206]flash_mla,MLA:sparse:decode,is_fp8:1,topk:2048,batch_size:1,seqlen_q:4,seqlen_k:[127206],num_heads:128,num_heads_kv:1,head_dim:576,head_dim_v:512,causal:0,dtype:bf16.
flash_mla:[D][2,127206]flash_mla,MLA:sparse:decode,is_fp8:1,topk:2048,batch_size:2,seqlen_q:4,seqlen_k:[127206,104860],num_heads:128,num_heads_kv:1,head_dim:576,head_dim_v:512,causal:0,dtype:bf16.
flash_mla:[D][3,127206]flash_mla,MLA:sparse:decode,is_fp8:1,topk:2048,batch_size:3,seqlen_q:4,seqlen_k:[127206,104860,114339],num_heads:128,num_heads_kv:1,head_dim:576,head_dim_v:512,causal:0,dtype:bf16.
flash_mla:[D][4,131072]flash_mla,MLA:sparse:decode,is_fp8:1,topk:2048,batch_size:4,seqlen_q:4,seqlen_k:[127206,104860,114339,131072],num_heads:128,num_heads_kv:1,head_dim:576,head_dim_v:512,causal:0,dtype:bf16.
flash_mla:[D][5,131072]flash_mla,MLA:sparse:decode,is_fp8:1,topk:2048,batch_size:5,seqlen_q:4,seqlen_k:[127206,104860,114339,131072,128902],num_heads:128,num_heads_kv:1,head_dim:576,head_dim_v:512,causal:0,dtype:bf16.
flash_mla:[D][6,131072]flash_mla,MLA:sparse:decode,is_fp8:1,topk:2048,batch_size:6,seqlen_q:4,seqlen_k:[127206,104860,114339,131072,128902,82292],num_heads:128,num_heads_kv:1,head_dim:576,head_dim_v:512,causal:0,dtype:bf16.
flash_mla:[D][8,131072]flash_mla,MLA:sparse:decode,is_fp8:1,topk:2048,batch_size:8,seqlen_q:4,seqlen_k:[127206,104860,114339,131072,128902,82292,113870,95824],num_heads:128,num_heads_kv:1,head_dim:576,head_dim_v:512,causal:0,dtype:bf16.
flash_mla:[D][10,131072]flash_mla,MLA:sparse:decode,is_fp8:1,topk:2048,batch_size:10,seqlen_q:4,seqlen_k:[127206,104860,114339,131072,128902,82292,113870,95824,96612,105031],num_heads:128,num_heads_kv:1,head_dim:576,head_dim_v:512,causal:0,dtype:bf16.
flash_mla:[D][13,131072]flash_mla,MLA:sparse:decode,is_fp8:1,topk:2048,batch_size:13,seqlen_q:4,seqlen_k:[127206,104860,114339,131072,128902,82292,113870,95824,96612,105031,100664,122130,110772],num_heads:128,num_heads_kv:1,head_dim:576,head_dim_v:512,causal:0,dtype:bf16.
flash_mla:[D][17,131072]flash_mla,MLA:sparse:decode,is_fp8:1,topk:2048,batch_size:17,seqlen_q:4,seqlen_k:[127206,104860,114339,131072,128902,82292,113870,95824,96612,105031,100664,122130,110772,100297,105576,103770,122782],num_heads:128,num_heads_kv:1,head_dim:576,head_dim_v:512,causal:0,dtype:bf16.
flash_mla:[D][21,131072]flash_mla,MLA:sparse:decode,is_fp8:1,topk:2048,batch_size:21,seqlen_q:4,seqlen_k:[127206,104860,114339,131072,128902,82292,113870,95824,96612,105031,100664,122130,110772,100297,105576,103770,122782,94942,103433,84310,65536],num_heads:128,num_heads_kv:1,head_dim:576,head_dim_v:512,causal:0,dtype:bf16.
flash_mla:[D][28,131072]flash_mla,MLA:sparse:decode,is_fp8:1,topk:2048,batch_size:28,seqlen_q:4,seqlen_k:[127206,104860,114339,131072,128902,82292,113870,95824,96612,105031,100664,122130,110772,100297,105576,103770,122782,94942,103433,84310,65536,109012,112466,86144,131072,74475,99053,95237],num_heads:128,num_heads_kv:1,head_dim:576,head_dim_v:512,causal:0,dtype:bf16.
flash_mla:[D][36,131072]flash_mla,MLA:sparse:decode,is_fp8:1,topk:2048,batch_size:36,seqlen_q:4,seqlen_k:[127206,104860,114339,131072,128902,82292,113870,95824,96612,105031,100664,122130,110772,100297,105576,103770,122782,94942,103433,84310,65536,109012,112466,86144,131072,74475,99053,95237,123417,122377,100842,104499,83758,65850,92603,100865],num_heads:128,num_heads_kv:1,head_dim:576,head_dim_v:512,causal:0,dtype:bf16.
flash_mla:[D][46,131072]flash_mla,MLA:sparse:decode,is_fp8:1,topk:2048,batch_size:46,seqlen_q:4,seqlen_k:[127206,104860,114339,131072,128902,82292,113870,95824,96612,105031,100664,122130,110772,100297,105576,103770,122782,94942,103433,84310,65536,109012,112466,86144,131072,74475,99053,95237,123417,122377,100842,104499,83758,65850,92603,100865,118461,118003,91958,93351,81124,75038,70348,130265,89953,91126],num_heads:128,num_heads_kv:1,head_dim:576,head_dim_v:512,causal:0,dtype:bf16.
flash_mla:[D][1,194]flash_mla,MLA:sparse:decode,is_fp8:1,topk:2048,batch_size:1,seqlen_q:8,seqlen_k:[194],num_heads:128,num_heads_kv:1,head_dim:576,head_dim_v:512,causal:0,dtype:bf16.
flash_mla:[D][2,194]flash_mla,MLA:sparse:decode,is_fp8:1,topk:2048,batch_size:2,seqlen_q:8,seqlen_k:[194,160],num_heads:128,num_heads_kv:1,head_dim:576,head_dim_v:512,causal:0,dtype:bf16.
flash_mla:[D][3,194]flash_mla,MLA:sparse:decode,is_fp8:1,topk:2048,batch_size:3,seqlen_q:8,seqlen_k:[194,160,174],num_heads:128,num_heads_kv:1,head_dim:576,head_dim_v:512,causal:0,dtype:bf16.
flash_mla:[D][4,200]flash_mla,MLA:sparse:decode,is_fp8:1,topk:2048,batch_size:4,seqlen_q:8,seqlen_k:[194,160,174,200],num_heads:128,num_heads_kv:1,head_dim:576,head_dim_v:512,causal:0,dtype:bf16.
flash_mla:[D][7,200]flash_mla,MLA:sparse:decode,is_fp8:1,topk:2048,batch_size:7,seqlen_q:8,seqlen_k:[194,160,174,200,196,125,173],num_heads:128,num_heads_kv:1,head_dim:576,head_dim_v:512,causal:0,dtype:bf16.
flash_mla:[D][11,200]flash_mla,MLA:sparse:decode,is_fp8:1,topk:2048,batch_size:11,seqlen_q:8,seqlen_k:[194,160,174,200,196,125,173,146,147,160,153],num_heads:128,num_heads_kv:1,head_dim:576,head_dim_v:512,causal:0,dtype:bf16.
flash_mla:[D][19,200]flash_mla,MLA:sparse:decode,is_fp8:1,topk:2048,batch_size:19,seqlen_q:8,seqlen_k:[194,160,174,200,196,125,173,146,147,160,153,186,169,153,161,158,187,144,157],num_heads:128,num_heads_kv:1,head_dim:576,head_dim_v:512,causal:0,dtype:bf16.
flash_mla:[D][30,200]flash_mla,MLA:sparse:decode,is_fp8:1,topk:2048,batch_size:30,seqlen_q:8,seqlen_k:[194,160,174,200,196,125,173,146,147,160,153,186,169,153,161,158,187,144,157,128,100,166,171,131,200,113,151,145,188,186],num_heads:128,num_heads_kv:1,head_dim:576,head_dim_v:512,causal:0,dtype:bf16.
flash_mla:[D][49,200]flash_mla,MLA:sparse:decode,is_fp8:1,topk:2048,batch_size:49,seqlen_q:8,seqlen_k:[194,160,174,200,196,125,173,146,147,160,153,186,169,153,161,158,187,144,157,128,100,166,171,131,200,113,151,145,188,186,153,159,127,100,141,153,180,180,140,142,123,114,107,198,137,139,118,169,109],num_heads:128,num_heads_kv:1,head_dim:576,head_dim_v:512,causal:0,dtype:bf16.
flash_mla:[D][80,200]flash_mla,MLA:sparse:decode,is_fp8:1,topk:2048,batch_size:80,seqlen_q:8,seqlen_k:[194,160,174,200,196,125,173,146,147,160,153,186,169,153,161,158,187,144,157,128,100,166,171,131,200,113,151,145,188,186,153,159,127,100,141,153,180,180,140,142,123,114,107,198,137,139,118,169,109,144,127,159,137,120,149,160,151,157,134,140,133,141,129,106,154,139,109,161,127,151,168,153,178,119,160,132,128,135,142,151],num_heads:128,num_heads_kv:1,head_dim:576,head_dim_v:512,causal:0,dtype:bf16.
flash_mla:[D][131,200]flash_mla,MLA:sparse:decode,is_fp8:1,topk:2048,batch_size:131,seqlen_q:8,seqlen_k:[194,160,174,200,196,125,173,146,147,160,153,186,169,153,161,158,187,144,157,128,100,166,171,131,200,113,151,145,188,186,153,159,127,100,141,153,180,180,140,142,123,114,107,198,137,139,118,169,109,144,127,159,137,120,149,160,151,157,134,140,133,141,129,106,154,139,109,161,127,151,168,153,178,119,160,132,128,135,142,151,120,172,161,111,187,197,179,145,123,176,139,180,155,174,158,167,150,194,153,160,197,116,118,174,120,198,139,131,198,187,196,172,128,197,143,170,173,146,165,173,159,122,157,183,132,146,139,196,166,160,130],num_heads:128,num_heads_kv:1,head_dim:576,head_dim_v:512,causal:0,dtype:bf16.
flash_mla:[D][213,200]flash_mla,MLA:sparse:decode,is_fp8:1,topk:2048,batch_size:213,seqlen_q:8,seqlen_k:[194,160,174,200,196,125,173,146,147,160,153,186,169,153,161,158,187,144,157,128,100,166,171,131,200,113,151,145,188,186,153,159,127,100,141,153,180,180,140,142,123,114,107,198,137,139,118,169,109,144,127,159,137,120,149,160,151,157,134,140,133,141,129,106,154,139,109,161,127,151,168,153,178,119,160,132,128,135,142,151,120,172,161,111,187,197,179,145,123,176,139,180,155,174,158,167,150,194,153,160,197,116,118,174,120,198,139,131,198,187,196,172,128,197,143,170,173,146,165,173,159,122,157,183,132,146,139,196,166,160,130,163,133,150,134,166,164,144,159,122,112,160,154,165,200,173,127,177,117,138,148,192,131,129,147,133,178,123,121,139,137,198,173,152,119,171,124,111,179,157,173,157,171,133,124,167,129,132,138,150,141,115,133,100,165,109,122,151,131,188,117,156,149,120,163,145,169,170,200,183,140,144,177,166,166,109,149,131,156,147,172,157,169],num_heads:128,num_heads_kv:1,head_dim:576,head_dim_v:512,causal:0,dtype:bf16.
flash_mla:[D][346,200]flash_mla,MLA:sparse:decode,is_fp8:1,topk:2048,batch_size:346,seqlen_q:8,seqlen_k:[194,160,174,200,196,125,173,146,147,160,153,186,169,153,161,158,187,144,157,128,100,166,171,131,200,113,151,145,188,186,153,159,127,100,141,153,180,180,140,142,123,114,107,198,137,139,118,169,109,144,127,159,137,120,149,160,151,157,134,140,133,141,129,106,154,139,109,161,127,151,168,153,178,119,160,132,128,135,142,151,120,172,161,111,187,197,179,145,123,176,139,180,155,174,158,167,150,194,153,160,197,116,118,174,120,198,139,131,198,187,196,172,128,197,143,170,173,146,165,173,159,122,157,183,132,146,139,196,166,160,130,163,133,150,134,166,164,144,159,122,112,160,154,165,200,173,127,177,117,138,148,192,131,129,147,133,178,123,121,139,137,198,173,152,119,171,124,111,179,157,173,157,171,133,124,167,129,132,138,150,141,115,133,100,165,109,122,151,131,188,117,156,149,120,163,145,169,170,200,183,140,144,177,166,166,109,149,131,156,147,172,157,169,138,126,139,149,159,200,148,126,141,138,162,111,151,153,155,135,144,114,137,136,160,121,169,187,100,160,166,134,140,146,142,142,108,178,176,129,113,163,135,153,142,167,167,131,115,110,165,120,137,135,148,101,154,163,152,142,152,159,100,198,159,133,140,162,147,100,200,147,175,132,188,157,165,123,180,167,182,134,137,200,123,146,178,152,164,140,159,117,191,147,132,166,138,116,116,167,146,146,176,121,131,140,152,148,142,148,147,132,129,156,127,121,142,146,200,132,173,168,120,169,120,100,165,106,161,132,191,176,138,132,119,138,142],num_heads:128,num_heads_kv:1,head_dim:576,head_dim_v:512,causal:0,dtype:bf16.
flash_mla:[D][563,200]flash_mla,MLA:sparse:decode,is_fp8:1,topk:2048,batch_size:563,seqlen_q:8,seqlen_k:[194,160,174,200,196,125,173,146,147,160,153,186,169,153,161,158,187,144,157,128,100,166,171,131,200,113,151,145,188,186,153,159,127,100,141,153,180,180,140,142,123,114,107,198,137,139,118,169,109,144,127,159,137,120,149,160,151,157,134,140,133,141,129,106,154,139,109,161,127,151,168,153,178,119,160,132,128,135,142,151,120,172,161,111,187,197,179,145,123,176,139,180,155,174,158,167,150,194,153,160,197,116,118,174,120,198,139,131,198,187,196,172,128,197,143,170,173,146,165,173,159,122,157,183,132,146,139,196,166,160,130,163,133,150,134,166,164,144,159,122,112,160,154,165,200,173,127,177,117,138,148,192,131,129,147,133,178,123,121,139,137,198,173,152,119,171,124,111,179,157,173,157,171,133,124,167,129,132,138,150,141,115,133,100,165,109,122,151,131,188,117,156,149,120,163,145,169,170,200,183,140,144,177,166,166,109,149,131,156,147,172,157,169,138,126,139,149,159,200,148,126,141,138,162,111,151,153,155,135,144,114,137,136,160,121,169,187,100,160,166,134,140,146,142,142,108,178,176,129,113,163,135,153,142,167,167,131,115,110,165,120,137,135,148,101,154,163,152,142,152,159,100,198,159,133,140,162,147,100,200,147,175,132,188,157,165,123,180,167,182,134,137,200,123,146,178,152,164,140,159,117,191,147,132,166,138,116,116,167,146,146,176,121,131,140,152,148,142,148,147,132,129,156,127,121,142,146,200,132,173,168,120,169,120,100,165,106,161,132,191,176,138,132,119,138,142,140,153,164,158,130,114,184,132,133,136,103,138,138,165,167,150,173,158,149,154,145,140,143,121,157,125,171,143,151,162,166,110,144,172,107,159,100,124,150,108,125,113,191,154,164,144,141,109,142,130,171,178,186,171,135,122,169,158,105,158,170,151,145,129,113,170,142,144,193,167,159,153,187,192,173,164,100,153,146,152,173,100,135,156,138,114,171,156,125,157,170,150,170,151,140,121,147,154,171,147,161,125,130,147,123,170,161,156,158,200,138,100,154,148,137,125,139,154,137,200,125,130,100,156,100,136,143,132,193,174,182,127,178,162,169,175,127,139,171,100,187,163,148,155,124,141,177,182,200,148,133,137,124,148,159,149,177,144,141,135,109,110,120,182,172,184,116,100,133,154,162,176,157,193,144,127,107,127,156,127,173,185,100,171,100,160,180,151,118,135,143,145,144,147,155,119,143,187,140,138,176,100,179,134,154,152,173,143,133,182,100,150,116,130,200,148,154],num_heads:128,num_heads_kv:1,head_dim:576,head_dim_v:512,causal:0,dtype:bf16.
flash_mla:[D][917,200]flash_mla,MLA:sparse:decode,is_fp8:1,topk:2048,batch_size:917,seqlen_q:8,seqlen_k:[194,160,174,200,196,125,173,146,147,160,153,186,169,153,161,158,187,144,157,128,100,166,171,131,200,113,151,145,188,186,153,159,127,100,141,153,180,180,140,142,123,114,107,198,137,139,118,169,109,144,127,159,137,120,149,160,151,157,134,140,133,141,129,106,154,139,109,161,127,151,168,153,178,119,160,132,128,135,142,151,120,172,161,111,187,197,179,145,123,176,139,180,155,174,158,167,150,194,153,160,197,116,118,174,120,198,139,131,198,187,196,172,128,197,143,170,173,146,165,173,159,122,157,183,132,146,139,196,166,160,130,163,133,150,134,166,164,144,159,122,112,160,154,165,200,173,127,177,117,138,148,192,131,129,147,133,178,123,121,139,137,198,173,152,119,171,124,111,179,157,173,157,171,133,124,167,129,132,138,150,141,115,133,100,165,109,122,151,131,188,117,156,149,120,163,145,169,170,200,183,140,144,177,166,166,109,149,131,156,147,172,157,169,138,126,139,149,159,200,148,126,141,138,162,111,151,153,155,135,144,114,137,136,160,121,169,187,100,160,166,134,140,146,142,142,108,178,176,129,113,163,135,153,142,167,167,131,115,110,165,120,137,135,148,101,154,163,152,142,152,159,100,198,159,133,140,162,147,100,200,147,175,132,188,157,165,123,180,167,182,134,137,200,123,146,178,152,164,140,159,117,191,147,132,166,138,116,116,167,146,146,176,121,131,140,152,148,142,148,147,132,129,156,127,121,142,146,200,132,173,168,120,169,120,100,165,106,161,132,191,176,138,132,119,138,142,140,153,164,158,130,114,184,132,133,136,103,138,138,165,167,150,173,158,149,154,145,140,143,121,157,125,171,143,151,162,166,110,144,172,107,159,100,124,150,108,125,113,191,154,164,144,141,109,142,130,171,178,186,171,135,122,169,158,105,158,170,151,145,129,113,170,142,144,193,167,159,153,187,192,173,164,100,153,146,152,173,100,135,156,138,114,171,156,125,157,170,150,170,151,140,121,147,154,171,147,161,125,130,147,123,170,161,156,158,200,138,100,154,148,137,125,139,154,137,200,125,130,100,156,100,136,143,132,193,174,182,127,178,162,169,175,127,139,171,100,187,163,148,155,124,141,177,182,200,148,133,137,124,148,159,149,177,144,141,135,109,110,120,182,172,184,116,100,133,154,162,176,157,193,144,127,107,127,156,127,173,185,100,171,100,160,180,151,118,135,143,145,144,147,155,119,143,187,140,138,176,100,179,134,154,152,173,143,133,182,100,150,116,130,200,148,154,105,131,154,158,165,150,163,161,104,150,169,164,140,129,122,146,178,101,133,121,169,136,138,144,161,140,100,163,160,144,122,158,159,138,144,126,145,111,160,126,155,114,135,147,108,152,140,106,117,165,172,146,160,155,158,182,112,166,140,144,142,140,119,154,191,148,149,132,147,161,140,138,160,127,156,170,183,147,184,175,125,119,142,175,148,134,188,157,100,157,163,155,161,148,117,140,126,126,118,161,152,138,133,149,176,100,159,136,102,101,127,155,159,126,175,185,159,135,178,168,171,133,100,200,109,149,200,158,173,112,105,136,177,141,130,154,177,113,119,130,177,155,200,173,149,181,155,132,166,132,142,183,147,129,138,175,136,140,137,154,140,109,127,126,181,170,164,137,129,137,123,200,100,164,117,147,125,120,121,193,146,130,163,150,168,104,157,169,108,161,192,149,170,166,132,150,110,138,156,168,150,167,122,147,150,196,144,137,150,127,154,140,105,148,142,109,148,187,163,165,116,161,153,163,160,116,148,131,148,127,182,128,127,151,123,139,129,185,169,148,140,173,160,162,149,107,147,136,166,175,133,161,193,133,192,128,150,149,150,129,135,133,158,158,200,184,137,158,174,150,148,151,171,128,141,161,157,155,140,174,200,160,145,168,136,131,150,100,121,141,116,124,139,108,139,136,150,178,154,150,152,155,124,147,157,115,171,177,134,143,128,167,123,144,128,151,105,183,125,151,144,130,127,173,136,156,129,133,161,173,145,114,199,128,111,200,139,113,132,159,154,128,195,136,120,174,183,129,114,175,100,119,174,148],num_heads:128,num_heads_kv:1,head_dim:576,head_dim_v:512,causal:0,dtype:bf16.
flash_mla:[D][1492,200]flash_mla,MLA:sparse:decode,is_fp8:1,topk:2048,batch_size:1492,seqlen_q:8,seqlen_k:[194,160,174,200,196,125,173,146,147,160,153,186,169,153,161,158,187,144,157,128,100,166,171,131,200,113,151,145,188,186,153,159,127,100,141,153,180,180,140,142,123,114,107,198,137,139,118,169,109,144,127,159,137,120,149,160,151,157,134,140,133,141,129,106,154,139,109,161,127,151,168,153,178,119,160,132,128,135,142,151,120,172,161,111,187,197,179,145,123,176,139,180,155,174,158,167,150,194,153,160,197,116,118,174,120,198,139,131,198,187,196,172,128,197,143,170,173,146,165,173,159,122,157,183,132,146,139,196,166,160,130,163,133,150,134,166,164,144,159,122,112,160,154,165,200,173,127,177,117,138,148,192,131,129,147,133,178,123,121,139,137,198,173,152,119,171,124,111,179,157,173,157,171,133,124,167,129,132,138,150,141,115,133,100,165,109,122,151,131,188,117,156,149,120,163,145,169,170,200,183,140,144,177,166,166,109,149,131,156,147,172,157,169,138,126,139,149,159,200,148,126,141,138,162,111,151,153,155,135,144,114,137,136,160,121,169,187,100,160,166,134,140,146,142,142,108,178,176,129,113,163,135,153,142,167,167,131,115,110,165,120,137,135,148,101,154,163,152,142,152,159,100,198,159,133,140,162,147,100,200,147,175,132,188,157,165,123,180,167,182,134,137,200,123,146,178,152,164,140,159,117,191,147,132,166,138,116,116,167,146,146,176,121,131,140,152,148,142,148,147,132,129,156,127,121,142,146,200,132,173,168,120,169,120,100,165,106,161,132,191,176,138,132,119,138,142,140,153,164,158,130,114,184,132,133,136,103,138,138,165,167,150,173,158,149,154,145,140,143,121,157,125,171,143,151,162,166,110,144,172,107,159,100,124,150,108,125,113,191,154,164,144,141,109,142,130,171,178,186,171,135,122,169,158,105,158,170,151,145,129,113,170,142,144,193,167,159,153,187,192,173,164,100,153,146,152,173,100,135,156,138,114,171,156,125,157,170,150,170,151,140,121,147,154,171,147,161,125,130,147,123,170,161,156,158,200,138,100,154,148,137,125,139,154,137,200,125,130,100,156,100,136,143,132,193,174,182,127,178,162,169,175,127,139,171,100,187,163,148,155,124,141,177,182,200,148,133,137,124,148,159,149,177,144,141,135,109,110,120,182,172,184,116,100,133,154,162,176,157,193,144,127,107,127,156,127,173,185,100,171,100,160,180,151,118,135,143,145,144,147,155,119,143,187,140,138,176,100,179,134,154,152,173,143,133,182,100,150,116,130,200,148,154,105,131,154,158,165,150,163,161,104,150,169,164,140,129,122,146,178,101,133,121,169,136,138,144,161,140,100,163,160,144,122,158,159,138,144,126,145,111,160,126,155,114,135,147,108,152,140,106,117,165,172,146,160,155,158,182,112,166,140,144,142,140,119,154,191,148,149,132,147,161,140,138,160,127,156,170,183,147,184,175,125,119,142,175,148,134,188,157,100,157,163,155,161,148,117,140,126,126,118,161,152,138,133,149,176,100,159,136,102,101,127,155,159,126,175,185,159,135,178,168,171,133,100,200,109,149,200,158,173,112,105,136,177,141,130,154,177,113,119,130,177,155,200,173,149,181,155,132,166,132,142,183,147,129,138,175,136,140,137,154,140,109,127,126,181,170,164,137,129,137,123,200,100,164,117,147,125,120,121,193,146,130,163,150,168,104,157,169,108,161,192,149,170,166,132,150,110,138,156,168,150,167,122,147,150,196,144,137,150,127,154,140,105,148,142,109,148,187,163,165,116,161,153,163,160,116,148,131,148,127,182,128,127,151,123,139,129,185,169,148,140,173,160,162,149,107,147,136,166,175,133,161,193,133,192,128,150,149,150,129,135,133,158,158,200,184,137,158,174,150,148,151,171,128,141,161,157,155,140,174,200,160,145,168,136,131,150,100,121,141,116,124,139,108,139,136,150,178,154,150,152,155,124,147,157,115,171,177,134,143,128,167,123,144,128,151,105,183,125,151,144,130,127,173,136,156,129,133,161,173,145,114,199,128,111,200,139,113,132,159,154,128,195,136,120,174,183,129,114,175,100,119,174,148,143,158,146,117,181,183,155,151,200,143,143,159,186,189,143,157,115,142,128,124,192,130,136,159,182,162,200,148,156,156,185,162,147,126,156,185,139,163,156,171,129,200,118,140,173,157,170,137,148,150,189,167,169,133,174,155,184,200,142,139,128,146,140,158,146,140,176,126,160,139,168,184,142,161,154,130,156,157,160,145,152,121,141,163,172,139,152,155,155,163,104,148,155,124,191,154,189,130,127,155,108,155,152,175,167,139,122,192,130,123,122,177,137,131,153,144,133,168,176,174,169,160,105,191,157,165,177,185,160,160,135,150,128,132,127,146,176,200,154,116,181,142,133,155,118,155,147,152,159,151,150,157,160,124,114,148,114,152,173,165,123,128,158,139,142,164,125,139,129,123,128,166,151,128,144,109,131,200,147,168,148,158,166,122,149,189,130,135,142,156,163,181,162,148,181,167,112,200,194,145,159,183,145,168,177,124,134,173,161,173,146,142,100,121,151,170,163,146,143,155,151,185,153,112,118,187,120,169,143,145,146,180,145,149,111,155,163,155,184,151,157,191,111,138,185,173,166,170,158,190,159,155,153,154,121,169,146,195,148,160,156,134,174,197,149,142,141,102,145,156,176,174,139,143,178,145,137,184,175,150,135,100,164,127,100,189,166,121,119,171,128,182,165,163,160,154,172,138,152,168,164,120,137,156,139,194,140,145,169,158,146,131,157,175,161,130,193,113,110,174,155,136,122,200,152,163,157,160,163,168,140,142,106,130,156,176,164,141,118,100,178,135,138,153,114,141,200,162,158,110,200,114,198,100,185,190,129,160,163,129,113,117,163,147,135,174,162,131,119,163,136,152,189,162,128,154,126,190,135,155,157,153,101,113,138,157,146,126,116,139,138,162,141,165,135,143,141,130,165,129,136,148,117,141,132,140,148,130,144,182,149,178,158,169,130,152,153,134,129,112,187,125,183,138,128,165,134,164,141,162,125,170,162,127,200,163,200,190,145,139,139,104,132,156,188,130,172,118,135,138,159,161,174,169,156,159,189,137,169,104,160,137,150,176,154,172,186,159,179,141,149,136,176,160,137,153,176,149,126,153,100,169,139,138,171,115,198,137,136,175,167,200,144,146,113,141,131,138,106,191,114,100,120,134,121,177,146,150,165,157,174,122,136,166,100,115,162,137,173,170,120,160,180,153,125,171,165,163,167,100,172,195,160,154,167,158,166,150,130,124,125,115,123,194,168,134,140,152,133,151,169,149,158,172,143,157,142,149,141,136,154,164,153,162,131,119,160,167,151,183,172,200,144,125,131],num_heads:128,num_heads_kv:1,head_dim:576,head_dim_v:512,causal:0,dtype:bf16.
flash_mla:[D][1,489]flash_mla,MLA:sparse:decode,is_fp8:1,topk:2048,batch_size:1,seqlen_q:8,seqlen_k:[489],num_heads:128,num_heads_kv:1,head_dim:576,head_dim_v:512,causal:0,dtype:bf16.
flash_mla:[D][2,489]flash_mla,MLA:sparse:decode,is_fp8:1,topk:2048,batch_size:2,seqlen_q:8,seqlen_k:[489,403],num_heads:128,num_heads_kv:1,head_dim:576,head_dim_v:512,causal:0,dtype:bf16.
flash_mla:[D][3,489]flash_mla,MLA:sparse:decode,is_fp8:1,topk:2048,batch_size:3,seqlen_q:8,seqlen_k:[489,403,439],num_heads:128,num_heads_kv:1,head_dim:576,head_dim_v:512,causal:0,dtype:bf16.
flash_mla:[D][4,505]flash_mla,MLA:sparse:decode,is_fp8:1,topk:2048,batch_size:4,seqlen_q:8,seqlen_k:[489,403,439,505],num_heads:128,num_heads_kv:1,head_dim:576,head_dim_v:512,causal:0,dtype:bf16.
flash_mla:[D][7,505]flash_mla,MLA:sparse:decode,is_fp8:1,topk:2048,batch_size:7,seqlen_q:8,seqlen_k:[489,403,439,505,495,316,437],num_heads:128,num_heads_kv:1,head_dim:576,head_dim_v:512,causal:0,dtype:bf16.
flash_mla:[D][11,505]flash_mla,MLA:sparse:decode,is_fp8:1,topk:2048,batch_size:11,seqlen_q:8,seqlen_k:[489,403,439,505,495,316,437,368,371,403,387],num_heads:128,num_heads_kv:1,head_dim:576,head_dim_v:512,causal:0,dtype:bf16.
flash_mla:[D][19,505]flash_mla,MLA:sparse:decode,is_fp8:1,topk:2048,batch_size:19,seqlen_q:8,seqlen_k:[489,403,439,505,495,316,437,368,371,403,387,469,425,385,405,399,472,365,397],num_heads:128,num_heads_kv:1,head_dim:576,head_dim_v:512,causal:0,dtype:bf16.
flash_mla:[D][30,505]flash_mla,MLA:sparse:decode,is_fp8:1,topk:2048,batch_size:30,seqlen_q:8,seqlen_k:[489,403,439,505,495,316,437,368,371,403,387,469,425,385,405,399,472,365,397,324,252,419,432,331,505,286,380,366,474,470],num_heads:128,num_heads_kv:1,head_dim:576,head_dim_v:512,causal:0,dtype:bf16.
flash_mla:[D][49,505]flash_mla,MLA:sparse:decode,is_fp8:1,topk:2048,batch_size:49,seqlen_q:8,seqlen_k:[489,403,439,505,495,316,437,368,371,403,387,469,425,385,405,399,472,365,397,324,252,419,432,331,505,286,380,366,474,470,387,401,322,253,356,387,455,453,353,358,311,288,270,500,345,350,299,426,276],num_heads:128,num_heads_kv:1,head_dim:576,head_dim_v:512,causal:0,dtype:bf16.
flash_mla:[D][80,505]flash_mla,MLA:sparse:decode,is_fp8:1,topk:2048,batch_size:80,seqlen_q:8,seqlen_k:[489,403,439,505,495,316,437,368,371,403,387,469,425,385,405,399,472,365,397,324,252,419,432,331,505,286,380,366,474,470,387,401,322,253,356,387,455,453,353,358,311,288,270,500,345,350,299,426,276,364,321,402,345,303,376,404,382,397,338,355,335,355,326,269,389,352,275,407,320,381,423,386,449,300,403,334,323,341,358,381],num_heads:128,num_heads_kv:1,head_dim:576,head_dim_v:512,causal:0,dtype:bf16.
flash_mla:[D][131,505]flash_mla,MLA:sparse:decode,is_fp8:1,topk:2048,batch_size:131,seqlen_q:8,seqlen_k:[489,403,439,505,495,316,437,368,371,403,387,469,425,385,405,399,472,365,397,324,252,419,432,331,505,286,380,366,474,470,387,401,322,253,356,387,455,453,353,358,311,288,270,500,345,350,299,426,276,364,321,402,345,303,376,404,382,397,338,355,335,355,326,269,389,352,275,407,320,381,423,386,449,300,403,334,323,341,358,381,304,434,407,281,471,497,452,366,310,444,352,455,391,439,400,422,378,490,385,403,496,293,297,439,304,500,351,330,499,471,495,435,323,498,361,428,437,368,416,436,401,308,396,461,334,368,350,494,420,403,329],num_heads:128,num_heads_kv:1,head_dim:576,head_dim_v:512,causal:0,dtype:bf16.
flash_mla:[D][213,505]flash_mla,MLA:sparse:decode,is_fp8:1,topk:2048,batch_size:213,seqlen_q:8,seqlen_k:[489,403,439,505,495,316,437,368,371,403,387,469,425,385,405,399,472,365,397,324,252,419,432,331,505,286,380,366,474,470,387,401,322,253,356,387,455,453,353,358,311,288,270,500,345,350,299,426,276,364,321,402,345,303,376,404,382,397,338,355,335,355,326,269,389,352,275,407,320,381,423,386,449,300,403,334,323,341,358,381,304,434,407,281,471,497,452,366,310,444,352,455,391,439,400,422,378,490,385,403,496,293,297,439,304,500,351,330,499,471,495,435,323,498,361,428,437,368,416,436,401,308,396,461,334,368,350,494,420,403,329,411,335,380,337,420,414,364,402,309,284,405,388,418,505,437,320,448,295,348,373,485,331,325,371,336,448,309,305,350,346,499,437,383,300,431,314,280,452,397,436,398,431,336,312,420,327,334,349,379,355,291,337,252,417,277,308,381,331,475,296,394,375,304,410,367,426,429,505,462,354,362,447,419,418,276,376,331,395,371,435,397,427],num_heads:128,num_heads_kv:1,head_dim:576,head_dim_v:512,causal:0,dtype:bf16.
flash_mla:[D][346,505]flash_mla,MLA:sparse:decode,is_fp8:1,topk:2048,batch_size:346,seqlen_q:8,seqlen_k:[489,403,439,505,495,316,437,368,371,403,387,469,425,385,405,399,472,365,397,324,252,419,432,331,505,286,380,366,474,470,387,401,322,253,356,387,455,453,353,358,311,288,270,500,345,350,299,426,276,364,321,402,345,303,376,404,382,397,338,355,335,355,326,269,389,352,275,407,320,381,423,386,449,300,403,334,323,341,358,381,304,434,407,281,471,497,452,366,310,444,352,455,391,439,400,422,378,490,385,403,496,293,297,439,304,500,351,330,499,471,495,435,323,498,361,428,437,368,416,436,401,308,396,461,334,368,350,494,420,403,329,411,335,380,337,420,414,364,402,309,284,405,388,418,505,437,320,448,295,348,373,485,331,325,371,336,448,309,305,350,346,499,437,383,300,431,314,280,452,397,436,398,431,336,312,420,327,334,349,379,355,291,337,252,417,277,308,381,331,475,296,394,375,304,410,367,426,429,505,462,354,362,447,419,418,276,376,331,395,371,435,397,427,348,318,352,376,401,505,375,317,356,348,408,280,381,387,392,340,363,288,346,343,404,305,427,472,252,404,420,337,352,369,359,358,272,450,446,326,285,410,341,386,357,421,421,332,290,278,416,303,346,340,374,256,389,411,383,358,384,403,252,501,402,336,353,409,370,252,505,371,442,334,474,396,416,312,454,421,460,338,347,505,311,369,449,384,414,352,401,295,482,370,335,419,348,293,293,421,367,369,445,307,331,353,383,375,359,374,371,332,326,395,321,305,358,368,505,333,437,425,303,426,303,252,416,267,406,334,482,445,349,334,301,350,360],num_heads:128,num_heads_kv:1,head_dim:576,head_dim_v:512,causal:0,dtype:bf16.
flash_mla:[D][563,505]flash_mla,MLA:sparse:decode,is_fp8:1,topk:2048,batch_size:563,seqlen_q:8,seqlen_k:[489,403,439,505,495,316,437,368,371,403,387,469,425,385,405,399,472,365,397,324,252,419,432,331,505,286,380,366,474,470,387,401,322,253,356,387,455,453,353,358,311,288,270,500,345,350,299,426,276,364,321,402,345,303,376,404,382,397,338,355,335,355,326,269,389,352,275,407,320,381,423,386,449,300,403,334,323,341,358,381,304,434,407,281,471,497,452,366,310,444,352,455,391,439,400,422,378,490,385,403,496,293,297,439,304,500,351,330,499,471,495,435,323,498,361,428,437,368,416,436,401,308,396,461,334,368,350,494,420,403,329,411,335,380,337,420,414,364,402,309,284,405,388,418,505,437,320,448,295,348,373,485,331,325,371,336,448,309,305,350,346,499,437,383,300,431,314,280,452,397,436,398,431,336,312,420,327,334,349,379,355,291,337,252,417,277,308,381,331,475,296,394,375,304,410,367,426,429,505,462,354,362,447,419,418,276,376,331,395,371,435,397,427,348,318,352,376,401,505,375,317,356,348,408,280,381,387,392,340,363,288,346,343,404,305,427,472,252,404,420,337,352,369,359,358,272,450,446,326,285,410,341,386,357,421,421,332,290,278,416,303,346,340,374,256,389,411,383,358,384,403,252,501,402,336,353,409,370,252,505,371,442,334,474,396,416,312,454,421,460,338,347,505,311,369,449,384,414,352,401,295,482,370,335,419,348,293,293,421,367,369,445,307,331,353,383,375,359,374,371,332,326,395,321,305,358,368,505,333,437,425,303,426,303,252,416,267,406,334,482,445,349,334,301,350,360,355,387,414,400,329,287,463,334,336,345,261,347,347,417,422,378,436,399,377,388,365,353,361,306,395,315,431,362,381,409,418,279,364,433,271,402,252,313,380,273,315,285,481,388,413,363,355,276,359,330,432,449,470,431,340,307,426,400,266,400,429,381,366,327,286,428,358,363,487,421,401,386,473,486,436,414,252,385,369,383,437,252,342,395,348,288,432,395,316,397,429,378,428,382,353,304,372,390,433,370,406,317,328,371,311,429,407,395,399,505,348,252,390,374,345,316,350,389,346,505,317,328,252,393,252,344,360,333,487,440,461,322,449,409,426,442,320,351,432,252,473,412,375,391,313,355,447,459,505,373,336,345,313,373,402,375,447,363,356,341,275,279,303,459,434,464,294,253,336,389,409,444,395,487,363,320,272,321,393,322,437,466,252,432,252,403,455,382,297,341,361,366,365,371,391,301,362,473,353,350,445,252,452,338,388,384,437,361,335,459,252,379,293,330,504,375,390],num_heads:128,num_heads_kv:1,head_dim:576,head_dim_v:512,causal:0,dtype:bf16.
flash_mla:[D][917,505]flash_mla,MLA:sparse:decode,is_fp8:1,topk:2048,batch_size:917,seqlen_q:8,seqlen_k:[489,403,439,505,495,316,437,368,371,403,387,469,425,385,405,399,472,365,397,324,252,419,432,331,505,286,380,366,474,470,387,401,322,253,356,387,455,453,353,358,311,288,270,500,345,350,299,426,276,364,321,402,345,303,376,404,382,397,338,355,335,355,326,269,389,352,275,407,320,381,423,386,449,300,403,334,323,341,358,381,304,434,407,281,471,497,452,366,310,444,352,455,391,439,400,422,378,490,385,403,496,293,297,439,304,500,351,330,499,471,495,435,323,498,361,428,437,368,416,436,401,308,396,461,334,368,350,494,420,403,329,411,335,380,337,420,414,364,402,309,284,405,388,418,505,437,320,448,295,348,373,485,331,325,371,336,448,309,305,350,346,499,437,383,300,431,314,280,452,397,436,398,431,336,312,420,327,334,349,379,355,291,337,252,417,277,308,381,331,475,296,394,375,304,410,367,426,429,505,462,354,362,447,419,418,276,376,331,395,371,435,397,427,348,318,352,376,401,505,375,317,356,348,408,280,381,387,392,340,363,288,346,343,404,305,427,472,252,404,420,337,352,369,359,358,272,450,446,326,285,410,341,386,357,421,421,332,290,278,416,303,346,340,374,256,389,411,383,358,384,403,252,501,402,336,353,409,370,252,505,371,442,334,474,396,416,312,454,421,460,338,347,505,311,369,449,384,414,352,401,295,482,370,335,419,348,293,293,421,367,369,445,307,331,353,383,375,359,374,371,332,326,395,321,305,358,368,505,333,437,425,303,426,303,252,416,267,406,334,482,445,349,334,301,350,360,355,387,414,400,329,287,463,334,336,345,261,347,347,417,422,378,436,399,377,388,365,353,361,306,395,315,431,362,381,409,418,279,364,433,271,402,252,313,380,273,315,285,481,388,413,363,355,276,359,330,432,449,470,431,340,307,426,400,266,400,429,381,366,327,286,428,358,363,487,421,401,386,473,486,436,414,252,385,369,383,437,252,342,395,348,288,432,395,316,397,429,378,428,382,353,304,372,390,433,370,406,317,328,371,311,429,407,395,399,505,348,252,390,374,345,316,350,389,346,505,317,328,252,393,252,344,360,333,487,440,461,322,449,409,426,442,320,351,432,252,473,412,375,391,313,355,447,459,505,373,336,345,313,373,402,375,447,363,356,341,275,279,303,459,434,464,294,253,336,389,409,444,395,487,363,320,272,321,393,322,437,466,252,432,252,403,455,382,297,341,361,366,365,371,391,301,362,473,353,350,445,252,452,338,388,384,437,361,335,459,252,379,293,330,504,375,390,265,332,390,400,416,378,411,406,262,380,426,415,355,327,307,369,449,255,336,306,427,343,348,364,406,353,252,412,405,364,309,400,401,348,364,319,366,280,404,318,393,289,340,371,273,385,354,268,295,416,434,369,403,392,398,459,283,420,353,363,358,354,300,389,483,374,377,334,370,407,354,349,403,320,393,429,463,372,464,443,315,301,358,442,373,340,475,396,252,397,410,392,406,373,294,354,318,319,298,406,384,349,337,376,445,252,401,343,259,255,320,391,402,318,442,467,402,340,448,425,432,336,252,505,276,375,505,398,437,283,266,344,446,356,327,390,446,286,301,328,446,392,505,436,375,457,391,333,420,334,359,461,371,327,348,442,343,353,345,389,353,277,322,319,456,429,414,346,326,346,311,505,252,413,297,371,315,303,306,488,369,329,413,378,423,263,397,426,273,406,484,377,429,420,333,380,279,349,394,423,379,423,308,371,379,494,364,346,379,320,390,355,265,374,357,275,373,471,410,416,293,408,387,411,404,292,375,330,374,321,460,323,321,382,310,351,325,466,427,374,353,437,403,409,376,271,370,344,418,441,336,407,487,335,483,324,379,377,378,325,340,335,398,398,505,464,345,398,440,379,373,381,432,324,357,407,397,393,354,439,505,403,365,425,344,330,380,252,305,356,292,312,350,274,352,344,379,450,388,379,384,392,313,370,397,291,432,446,338,362,322,422,311,363,323,381,264,461,317,381,364,329,322,436,344,395,327,337,407,436,366,288,503,324,280,505,352,285,334,401,389,324,492,345,303,438,461,326,289,442,252,300,438,374],num_heads:128,num_heads_kv:1,head_dim:576,head_dim_v:512,causal:0,dtype:bf16.
flash_mla:[D][1492,505]flash_mla,MLA:sparse:decode,is_fp8:1,topk:2048,batch_size:1492,seqlen_q:8,seqlen_k:[489,403,439,505,495,316,437,368,371,403,387,469,425,385,405,399,472,365,397,324,252,419,432,331,505,286,380,366,474,470,387,401,322,253,356,387,455,453,353,358,311,288,270,500,345,350,299,426,276,364,321,402,345,303,376,404,382,397,338,355,335,355,326,269,389,352,275,407,320,381,423,386,449,300,403,334,323,341,358,381,304,434,407,281,471,497,452,366,310,444,352,455,391,439,400,422,378,490,385,403,496,293,297,439,304,500,351,330,499,471,495,435,323,498,361,428,437,368,416,436,401,308,396,461,334,368,350,494,420,403,329,411,335,380,337,420,414,364,402,309,284,405,388,418,505,437,320,448,295,348,373,485,331,325,371,336,448,309,305,350,346,499,437,383,300,431,314,280,452,397,436,398,431,336,312,420,327,334,349,379,355,291,337,252,417,277,308,381,331,475,296,394,375,304,410,367,426,429,505,462,354,362,447,419,418,276,376,331,395,371,435,397,427,348,318,352,376,401,505,375,317,356,348,408,280,381,387,392,340,363,288,346,343,404,305,427,472,252,404,420,337,352,369,359,358,272,450,446,326,285,410,341,386,357,421,421,332,290,278,416,303,346,340,374,256,389,411,383,358,384,403,252,501,402,336,353,409,370,252,505,371,442,334,474,396,416,312,454,421,460,338,347,505,311,369,449,384,414,352,401,295,482,370,335,419,348,293,293,421,367,369,445,307,331,353,383,375,359,374,371,332,326,395,321,305,358,368,505,333,437,425,303,426,303,252,416,267,406,334,482,445,349,334,301,350,360,355,387,414,400,329,287,463,334,336,345,261,347,347,417,422,378,436,399,377,388,365,353,361,306,395,315,431,362,381,409,418,279,364,433,271,402,252,313,380,273,315,285,481,388,413,363,355,276,359,330,432,449,470,431,340,307,426,400,266,400,429,381,366,327,286,428,358,363,487,421,401,386,473,486,436,414,252,385,369,383,437,252,342,395,348,288,432,395,316,397,429,378,428,382,353,304,372,390,433,370,406,317,328,371,311,429,407,395,399,505,348,252,390,374,345,316,350,389,346,505,317,328,252,393,252,344,360,333,487,440,461,322,449,409,426,442,320,351,432,252,473,412,375,391,313,355,447,459,505,373,336,345,313,373,402,375,447,363,356,341,275,279,303,459,434,464,294,253,336,389,409,444,395,487,363,320,272,321,393,322,437,466,252,432,252,403,455,382,297,341,361,366,365,371,391,301,362,473,353,350,445,252,452,338,388,384,437,361,335,459,252,379,293,330,504,375,390,265,332,390,400,416,378,411,406,262,380,426,415,355,327,307,369,449,255,336,306,427,343,348,364,406,353,252,412,405,364,309,400,401,348,364,319,366,280,404,318,393,289,340,371,273,385,354,268,295,416,434,369,403,392,398,459,283,420,353,363,358,354,300,389,483,374,377,334,370,407,354,349,403,320,393,429,463,372,464,443,315,301,358,442,373,340,475,396,252,397,410,392,406,373,294,354,318,319,298,406,384,349,337,376,445,252,401,343,259,255,320,391,402,318,442,467,402,340,448,425,432,336,252,505,276,375,505,398,437,283,266,344,446,356,327,390,446,286,301,328,446,392,505,436,375,457,391,333,420,334,359,461,371,327,348,442,343,353,345,389,353,277,322,319,456,429,414,346,326,346,311,505,252,413,297,371,315,303,306,488,369,329,413,378,423,263,397,426,273,406,484,377,429,420,333,380,279,349,394,423,379,423,308,371,379,494,364,346,379,320,390,355,265,374,357,275,373,471,410,416,293,408,387,411,404,292,375,330,374,321,460,323,321,382,310,351,325,466,427,374,353,437,403,409,376,271,370,344,418,441,336,407,487,335,483,324,379,377,378,325,340,335,398,398,505,464,345,398,440,379,373,381,432,324,357,407,397,393,354,439,505,403,365,425,344,330,380,252,305,356,292,312,350,274,352,344,379,450,388,379,384,392,313,370,397,291,432,446,338,362,322,422,311,363,323,381,264,461,317,381,364,329,322,436,344,395,327,337,407,436,366,288,503,324,280,505,352,285,334,401,389,324,492,345,303,438,461,326,289,442,252,300,438,374,361,400,368,296,458,461,390,380,505,360,361,400,470,478,361,397,291,358,325,314,483,328,344,401,459,408,505,373,394,395,468,409,370,318,393,466,352,411,393,432,327,505,297,354,437,396,430,346,373,378,476,421,428,336,439,392,465,504,358,352,323,368,353,400,368,355,445,318,405,352,423,465,358,405,389,327,393,396,404,365,383,305,355,413,434,351,384,392,390,412,263,374,393,314,483,388,476,328,320,392,272,391,384,441,422,351,308,485,328,312,309,448,345,330,386,364,335,425,445,440,426,403,266,483,397,416,448,468,404,405,340,380,324,332,321,368,444,505,389,293,457,359,336,391,299,392,372,384,402,382,379,395,404,313,287,374,287,383,437,416,311,323,398,352,358,415,315,352,327,312,324,420,381,322,363,274,331,505,372,424,373,399,419,308,376,477,327,342,358,394,411,457,409,374,457,422,283,505,489,367,401,461,367,424,447,314,340,436,407,436,369,359,252,305,380,429,411,369,360,391,382,466,387,284,297,473,304,426,361,367,369,454,365,375,281,391,411,393,466,381,396,481,280,349,467,436,420,430,398,480,401,393,388,390,305,426,369,492,373,404,393,338,440,498,377,359,355,258,366,393,444,438,351,360,448,367,345,465,443,379,340,252,415,321,254,477,418,306,301,432,322,459,416,411,403,390,433,349,383,425,413,302,346,393,352,489,353,367,426,398,368,330,396,443,408,328,487,286,278,438,392,343,308,505,385,411,398,405,412,424,354,359,268,328,395,443,415,356,298,252,450,340,349,386,289,355,505,409,400,278,505,288,499,252,466,479,326,404,412,326,286,294,412,372,342,438,410,330,302,410,344,384,477,409,323,388,317,479,342,391,397,388,254,286,349,398,369,317,293,352,348,410,357,415,340,361,356,328,417,326,345,373,296,357,333,353,374,327,364,460,376,450,399,426,329,384,386,339,326,284,472,316,462,348,323,417,338,413,357,408,317,430,408,320,505,412,505,478,366,352,352,262,334,393,474,329,433,299,341,349,401,406,438,426,393,402,478,345,426,264,403,347,378,443,388,433,470,402,451,357,377,345,443,404,346,387,443,375,318,386,253,426,351,348,433,291,500,347,345,442,422,505,364,370,284,357,332,349,268,482,288,252,303,339,305,447,369,379,416,396,439,308,343,419,252,291,409,347,436,428,302,403,453,387,316,433,418,412,423,252,433,491,405,390,421,399,419,378,329,314,315,291,310,488,425,338,353,385,336,382,426,375,399,433,360,395,358,376,357,344,388,413,387,409,331,302,404,421,381,462,435,505,365,315,331],num_heads:128,num_heads_kv:1,head_dim:576,head_dim_v:512,causal:0,dtype:bf16.
flash_mla:[D][1,1237]flash_mla,MLA:sparse:decode,is_fp8:1,topk:2048,batch_size:1,seqlen_q:8,seqlen_k:[1237],num_heads:128,num_heads_kv:1,head_dim:576,head_dim_v:512,causal:0,dtype:bf16.
flash_mla:[D][2,1237]flash_mla,MLA:sparse:decode,is_fp8:1,topk:2048,batch_size:2,seqlen_q:8,seqlen_k:[1237,1020],num_heads:128,num_heads_kv:1,head_dim:576,head_dim_v:512,causal:0,dtype:bf16.
flash_mla:[D][3,1237]flash_mla,MLA:sparse:decode,is_fp8:1,topk:2048,batch_size:3,seqlen_q:8,seqlen_k:[1237,1020,1112],num_heads:128,num_heads_kv:1,head_dim:576,head_dim_v:512,causal:0,dtype:bf16.
flash_mla:[D][4,1276]flash_mla,MLA:sparse:decode,is_fp8:1,topk:2048,batch_size:4,seqlen_q:8,seqlen_k:[1237,1020,1112,1276],num_heads:128,num_heads_kv:1,head_dim:576,head_dim_v:512,causal:0,dtype:bf16.
flash_mla:[D][7,1276]flash_mla,MLA:sparse:decode,is_fp8:1,topk:2048,batch_size:7,seqlen_q:8,seqlen_k:[1237,1020,1112,1276,1253,801,1108],num_heads:128,num_heads_kv:1,head_dim:576,head_dim_v:512,causal:0,dtype:bf16.
flash_mla:[D][11,1276]flash_mla,MLA:sparse:decode,is_fp8:1,topk:2048,batch_size:11,seqlen_q:8,seqlen_k:[1237,1020,1112,1276,1253,801,1108,932,940,1022,979],num_heads:128,num_heads_kv:1,head_dim:576,head_dim_v:512,causal:0,dtype:bf16.
flash_mla:[D][19,1276]flash_mla,MLA:sparse:decode,is_fp8:1,topk:2048,batch_size:19,seqlen_q:8,seqlen_k:[1237,1020,1112,1276,1253,801,1108,932,940,1022,979,1188,1078,976,1027,1010,1194,924,1006],num_heads:128,num_heads_kv:1,head_dim:576,head_dim_v:512,causal:0,dtype:bf16.
flash_mla:[D][30,1276]flash_mla,MLA:sparse:decode,is_fp8:1,topk:2048,batch_size:30,seqlen_q:8,seqlen_k:[1237,1020,1112,1276,1253,801,1108,932,940,1022,979,1188,1078,976,1027,1010,1194,924,1006,821,638,1060,1094,838,1276,725,964,927,1200,1190],num_heads:128,num_heads_kv:1,head_dim:576,head_dim_v:512,causal:0,dtype:bf16.
flash_mla:[D][49,1276]flash_mla,MLA:sparse:decode,is_fp8:1,topk:2048,batch_size:49,seqlen_q:8,seqlen_k:[1237,1020,1112,1276,1253,801,1108,932,940,1022,979,1188,1078,976,1027,1010,1194,924,1006,821,638,1060,1094,838,1276,725,964,927,1200,1190,981,1017,815,642,901,981,1152,1148,895,908,790,731,685,1267,875,887,757,1080,700],num_heads:128,num_heads_kv:1,head_dim:576,head_dim_v:512,causal:0,dtype:bf16.
flash_mla:[D][80,1276]flash_mla,MLA:sparse:decode,is_fp8:1,topk:2048,batch_size:80,seqlen_q:8,seqlen_k:[1237,1020,1112,1276,1253,801,1108,932,940,1022,979,1188,1078,976,1027,1010,1194,924,1006,821,638,1060,1094,838,1276,725,964,927,1200,1190,981,1017,815,642,901,981,1152,1148,895,908,790,731,685,1267,875,887,757,1080,700,923,814,1018,875,769,952,1025,967,1005,856,899,850,899,827,682,985,893,697,1030,812,965,1072,977,1138,760,1020,848,818,864,907,965],num_heads:128,num_heads_kv:1,head_dim:576,head_dim_v:512,causal:0,dtype:bf16.
flash_mla:[D][131,1276]flash_mla,MLA:sparse:decode,is_fp8:1,topk:2048,batch_size:131,seqlen_q:8,seqlen_k:[1237,1020,1112,1276,1253,801,1108,932,940,1022,979,1188,1078,976,1027,1010,1194,924,1006,821,638,1060,1094,838,1276,725,964,927,1200,1190,981,1017,815,642,901,981,1152,1148,895,908,790,731,685,1267,875,887,757,1080,700,923,814,1018,875,769,952,1025,967,1005,856,899,850,899,827,682,985,893,697,1030,812,965,1072,977,1138,760,1020,848,818,864,907,965,771,1100,1031,712,1193,1258,1144,928,786,1124,892,1151,990,1112,1013,1069,958,1240,977,1020,1256,742,754,1111,770,1266,891,838,1262,1192,1253,1101,820,1260,914,1084,1107,932,1054,1103,1016,782,1004,1167,846,933,887,1251,1063,1021,834],num_heads:128,num_heads_kv:1,head_dim:576,head_dim_v:512,causal:0,dtype:bf16.
flash_mla:[D][213,1276]flash_mla,MLA:sparse:decode,is_fp8:1,topk:2048,batch_size:213,seqlen_q:8,seqlen_k:[1237,1020,1112,1276,1253,801,1108,932,940,1022,979,1188,1078,976,1027,1010,1194,924,1006,821,638,1060,1094,838,1276,725,964,927,1200,1190,981,1017,815,642,901,981,1152,1148,895,908,790,731,685,1267,875,887,757,1080,700,923,814,1018,875,769,952,1025,967,1005,856,899,850,899,827,682,985,893,697,1030,812,965,1072,977,1138,760,1020,848,818,864,907,965,771,1100,1031,712,1193,1258,1144,928,786,1124,892,1151,990,1112,1013,1069,958,1240,977,1020,1256,742,754,1111,770,1266,891,838,1262,1192,1253,1101,820,1260,914,1084,1107,932,1054,1103,1016,782,1004,1167,846,933,887,1251,1063,1021,834,1042,849,962,855,1064,1048,923,1019,783,719,1026,983,1057,1276,1107,811,1134,747,883,946,1229,838,825,941,851,1136,785,774,887,877,1263,1107,970,762,1091,797,711,1145,1007,1103,1007,1093,853,792,1065,829,847,884,959,900,738,854,638,1056,702,781,965,839,1202,751,999,950,771,1040,929,1079,1087,1276,1169,898,918,1131,1061,1058,699,953,839,1001,941,1101,1007,1082],num_heads:128,num_heads_kv:1,head_dim:576,head_dim_v:512,causal:0,dtype:bf16.
flash_mla:[D][346,1276]flash_mla,MLA:sparse:decode,is_fp8:1,topk:2048,batch_size:346,seqlen_q:8,seqlen_k:[1237,1020,1112,1276,1253,801,1108,932,940,1022,979,1188,1078,976,1027,1010,1194,924,1006,821,638,1060,1094,838,1276,725,964,927,1200,1190,981,1017,815,642,901,981,1152,1148,895,908,790,731,685,1267,875,887,757,1080,700,923,814,1018,875,769,952,1025,967,1005,856,899,850,899,827,682,985,893,697,1030,812,965,1072,977,1138,760,1020,848,818,864,907,965,771,1100,1031,712,1193,1258,1144,928,786,1124,892,1151,990,1112,1013,1069,958,1240,977,1020,1256,742,754,1111,770,1266,891,838,1262,1192,1253,1101,820,1260,914,1084,1107,932,1054,1103,1016,782,1004,1167,846,933,887,1251,1063,1021,834,1042,849,962,855,1064,1048,923,1019,783,719,1026,983,1057,1276,1107,811,1134,747,883,946,1229,838,825,941,851,1136,785,774,887,877,1263,1107,970,762,1091,797,711,1145,1007,1103,1007,1093,853,792,1065,829,847,884,959,900,738,854,638,1056,702,781,965,839,1202,751,999,950,771,1040,929,1079,1087,1276,1169,898,918,1131,1061,1058,699,953,839,1001,941,1101,1007,1082,882,806,891,954,1017,1276,950,805,901,883,1033,712,967,981,993,862,919,730,878,870,1023,773,1081,1194,638,1024,1064,855,893,935,909,907,690,1140,1128,827,723,1039,865,979,906,1066,1067,841,737,705,1054,767,876,862,948,649,987,1040,971,907,972,1020,638,1267,1019,853,894,1035,938,638,1276,939,1119,846,1201,1002,1053,790,1149,1066,1163,857,880,1276,788,935,1137,972,1049,893,1015,749,1220,938,848,1062,883,744,742,1067,931,935,1128,777,840,895,972,950,911,947,939,842,827,1000,815,772,907,931,1276,844,1106,1075,767,1079,768,638,1053,677,1028,848,1220,1126,884,847,763,886,912],num_heads:128,num_heads_kv:1,head_dim:576,head_dim_v:512,causal:0,dtype:bf16.
flash_mla:[D][563,1276]flash_mla,MLA:sparse:decode,is_fp8:1,topk:2048,batch_size:563,seqlen_q:8,seqlen_k:[1237,1020,1112,1276,1253,801,1108,932,940,1022,979,1188,1078,976,1027,1010,1194,924,1006,821,638,1060,1094,838,1276,725,964,927,1200,1190,981,1017,815,642,901,981,1152,1148,895,908,790,731,685,1267,875,887,757,1080,700,923,814,1018,875,769,952,1025,967,1005,856,899,850,899,827,682,985,893,697,1030,812,965,1072,977,1138,760,1020,848,818,864,907,965,771,1100,1031,712,1193,1258,1144,928,786,1124,892,1151,990,1112,1013,1069,958,1240,977,1020,1256,742,754,1111,770,1266,891,838,1262,1192,1253,1101,820,1260,914,1084,1107,932,1054,1103,1016,782,1004,1167,846,933,887,1251,1063,1021,834,1042,849,962,855,1064,1048,923,1019,783,719,1026,983,1057,1276,1107,811,1134,747,883,946,1229,838,825,941,851,1136,785,774,887,877,1263,1107,970,762,1091,797,711,1145,1007,1103,1007,1093,853,792,1065,829,847,884,959,900,738,854,638,1056,702,781,965,839,1202,751,999,950,771,1040,929,1079,1087,1276,1169,898,918,1131,1061,1058,699,953,839,1001,941,1101,1007,1082,882,806,891,954,1017,1276,950,805,901,883,1033,712,967,981,993,862,919,730,878,870,1023,773,1081,1194,638,1024,1064,855,893,935,909,907,690,1140,1128,827,723,1039,865,979,906,1066,1067,841,737,705,1054,767,876,862,948,649,987,1040,971,907,972,1020,638,1267,1019,853,894,1035,938,638,1276,939,1119,846,1201,1002,1053,790,1149,1066,1163,857,880,1276,788,935,1137,972,1049,893,1015,749,1220,938,848,1062,883,744,742,1067,931,935,1128,777,840,895,972,950,911,947,939,842,827,1000,815,772,907,931,1276,844,1106,1075,767,1079,768,638,1053,677,1028,848,1220,1126,884,847,763,886,912,899,981,1048,1012,835,728,1173,847,853,874,663,881,880,1055,1068,957,1105,1011,954,982,926,894,914,777,1001,799,1090,917,964,1035,1059,707,924,1096,687,1018,638,794,963,693,800,722,1219,983,1047,921,900,699,910,835,1093,1138,1190,1092,861,779,1078,1013,675,1013,1086,966,927,828,727,1084,907,919,1232,1065,1015,979,1198,1230,1104,1049,638,976,936,971,1106,638,866,999,882,731,1095,1001,802,1007,1087,957,1084,969,894,772,943,987,1096,938,1029,803,832,939,789,1087,1030,1001,1010,1276,882,638,988,948,874,801,887,985,877,1276,804,830,638,996,638,871,913,844,1233,1115,1166,816,1136,1035,1079,1120,812,889,1094,638,1197,1044,949,992,793,901,1131,1163,1276,945,852,875,795,944,1017,951,1131,919,901,864,697,707,769,1163,1099,1175,745,643,852,984,1036,1123,1002,1234,921,811,689,815,995,815,1105,1181,638,1094,638,1020,1151,967,753,863,915,928,924,939,990,764,918,1198,895,886,1128,638,1144,856,983,972,1106,914,849,1163,638,960,742,835,1276,949,988],num_heads:128,num_heads_kv:1,head_dim:576,head_dim_v:512,causal:0,dtype:bf16.
flash_mla:[D][917,1276]flash_mla,MLA:sparse:decode,is_fp8:1,topk:2048,batch_size:917,seqlen_q:8,seqlen_k:[1237,1020,1112,1276,1253,801,1108,932,940,1022,979,1188,1078,976,1027,1010,1194,924,1006,821,638,1060,1094,838,1276,725,964,927,1200,1190,981,1017,815,642,901,981,1152,1148,895,908,790,731,685,1267,875,887,757,1080,700,923,814,1018,875,769,952,1025,967,1005,856,899,850,899,827,682,985,893,697,1030,812,965,1072,977,1138,760,1020,848,818,864,907,965,771,1100,1031,712,1193,1258,1144,928,786,1124,892,1151,990,1112,1013,1069,958,1240,977,1020,1256,742,754,1111,770,1266,891,838,1262,1192,1253,1101,820,1260,914,1084,1107,932,1054,1103,1016,782,1004,1167,846,933,887,1251,1063,1021,834,1042,849,962,855,1064,1048,923,1019,783,719,1026,983,1057,1276,1107,811,1134,747,883,946,1229,838,825,941,851,1136,785,774,887,877,1263,1107,970,762,1091,797,711,1145,1007,1103,1007,1093,853,792,1065,829,847,884,959,900,738,854,638,1056,702,781,965,839,1202,751,999,950,771,1040,929,1079,1087,1276,1169,898,918,1131,1061,1058,699,953,839,1001,941,1101,1007,1082,882,806,891,954,1017,1276,950,805,901,883,1033,712,967,981,993,862,919,730,878,870,1023,773,1081,1194,638,1024,1064,855,893,935,909,907,690,1140,1128,827,723,1039,865,979,906,1066,1067,841,737,705,1054,767,876,862,948,649,987,1040,971,907,972,1020,638,1267,1019,853,894,1035,938,638,1276,939,1119,846,1201,1002,1053,790,1149,1066,1163,857,880,1276,788,935,1137,972,1049,893,1015,749,1220,938,848,1062,883,744,742,1067,931,935,1128,777,840,895,972,950,911,947,939,842,827,1000,815,772,907,931,1276,844,1106,1075,767,1079,768,638,1053,677,1028,848,1220,1126,884,847,763,886,912,899,981,1048,1012,835,728,1173,847,853,874,663,881,880,1055,1068,957,1105,1011,954,982,926,894,914,777,1001,799,1090,917,964,1035,1059,707,924,1096,687,1018,638,794,963,693,800,722,1219,983,1047,921,900,699,910,835,1093,1138,1190,1092,861,779,1078,1013,675,1013,1086,966,927,828,727,1084,907,919,1232,1065,1015,979,1198,1230,1104,1049,638,976,936,971,1106,638,866,999,882,731,1095,1001,802,1007,1087,957,1084,969,894,772,943,987,1096,938,1029,803,832,939,789,1087,1030,1001,1010,1276,882,638,988,948,874,801,887,985,877,1276,804,830,638,996,638,871,913,844,1233,1115,1166,816,1136,1035,1079,1120,812,889,1094,638,1197,1044,949,992,793,901,1131,1163,1276,945,852,875,795,944,1017,951,1131,919,901,864,697,707,769,1163,1099,1175,745,643,852,984,1036,1123,1002,1234,921,811,689,815,995,815,1105,1181,638,1094,638,1020,1151,967,753,863,915,928,924,939,990,764,918,1198,895,886,1128,638,1144,856,983,972,1106,914,849,1163,638,960,742,835,1276,949,988,673,841,988,1013,1055,958,1040,1029,666,962,1079,1050,899,828,779,936,1137,646,852,775,1081,868,882,922,1027,894,638,1043,1026,922,784,1012,1017,882,922,809,928,710,1023,806,994,733,863,939,692,975,896,679,749,1053,1099,936,1021,992,1009,1161,717,1064,896,921,908,897,762,986,1222,948,956,847,938,1031,898,884,1021,811,997,1087,1173,942,1174,1121,798,763,908,1120,945,861,1203,1002,638,1007,1039,992,1028,946,747,898,806,808,756,1028,972,885,853,953,1128,638,1016,870,657,647,811,991,1019,807,1118,1183,1019,862,1135,1077,1094,852,638,1276,700,951,1276,1009,1107,718,674,872,1130,901,830,988,1129,727,764,831,1131,994,1276,1105,951,1158,990,844,1065,846,910,1168,940,829,883,1119,869,895,875,986,895,702,815,808,1154,1086,1050,876,827,876,789,1276,638,1046,752,940,799,769,775,1236,935,835,1045,958,1071,666,1005,1079,692,1028,1226,954,1087,1063,844,963,707,885,999,1071,960,1071,781,940,960,1251,922,877,960,810,987,898,672,947,906,697,946,1193,1039,1054,743,1032,980,1041,1024,740,950,836,949,814,1165,820,814,968,785,889,825,1181,1081,947,894,1106,1021,1036,952,688,939,872,1059,1117,852,1031,1233,850,1224,821,960,955,958,823,863,850,1008,1009,1276,1174,875,1008,1115,961,945,965,1094,822,905,1031,1006,995,898,1111,1276,1021,926,1077,871,837,962,638,773,901,741,792,887,695,892,871,961,1140,984,960,972,993,795,938,1006,739,1094,1128,856,918,817,1068,788,921,820,965,671,1167,803,966,923,835,815,1105,873,1000,829,854,1032,1104,929,730,1274,820,711,1276,892,724,848,1015,987,821,1246,874,768,1109,1168,827,734,1120,638,761,1110,948],num_heads:128,num_heads_kv:1,head_dim:576,head_dim_v:512,causal:0,dtype:bf16.
flash_mla:[D][1492,1276]flash_mla,MLA:sparse:decode,is_fp8:1,topk:2048,batch_size:1492,seqlen_q:8,seqlen_k:[1237,1020,1112,1276,1253,801,1108,932,940,1022,979,1188,1078,976,1027,1010,1194,924,1006,821,638,1060,1094,838,1276,725,964,927,1200,1190,981,1017,815,642,901,981,1152,1148,895,908,790,731,685,1267,875,887,757,1080,700,923,814,1018,875,769,952,1025,967,1005,856,899,850,899,827,682,985,893,697,1030,812,965,1072,977,1138,760,1020,848,818,864,907,965,771,1100,1031,712,1193,1258,1144,928,786,1124,892,1151,990,1112,1013,1069,958,1240,977,1020,1256,742,754,1111,770,1266,891,838,1262,1192,1253,1101,820,1260,914,1084,1107,932,1054,1103,1016,782,1004,1167,846,933,887,1251,1063,1021,834,1042,849,962,855,1064,1048,923,1019,783,719,1026,983,1057,1276,1107,811,1134,747,883,946,1229,838,825,941,851,1136,785,774,887,877,1263,1107,970,762,1091,797,711,1145,1007,1103,1007,1093,853,792,1065,829,847,884,959,900,738,854,638,1056,702,781,965,839,1202,751,999,950,771,1040,929,1079,1087,1276,1169,898,918,1131,1061,1058,699,953,839,1001,941,1101,1007,1082,882,806,891,954,1017,1276,950,805,901,883,1033,712,967,981,993,862,919,730,878,870,1023,773,1081,1194,638,1024,1064,855,893,935,909,907,690,1140,1128,827,723,1039,865,979,906,1066,1067,841,737,705,1054,767,876,862,948,649,987,1040,971,907,972,1020,638,1267,1019,853,894,1035,938,638,1276,939,1119,846,1201,1002,1053,790,1149,1066,1163,857,880,1276,788,935,1137,972,1049,893,1015,749,1220,938,848,1062,883,744,742,1067,931,935,1128,777,840,895,972,950,911,947,939,842,827,1000,815,772,907,931,1276,844,1106,1075,767,1079,768,638,1053,677,1028,848,1220,1126,884,847,763,886,912,899,981,1048,1012,835,728,1173,847,853,874,663,881,880,1055,1068,957,1105,1011,954,982,926,894,914,777,1001,799,1090,917,964,1035,1059,707,924,1096,687,1018,638,794,963,693,800,722,1219,983,1047,921,900,699,910,835,1093,1138,1190,1092,861,779,1078,1013,675,1013,1086,966,927,828,727,1084,907,919,1232,1065,1015,979,1198,1230,1104,1049,638,976,936,971,1106,638,866,999,882,731,1095,1001,802,1007,1087,957,1084,969,894,772,943,987,1096,938,1029,803,832,939,789,1087,1030,1001,1010,1276,882,638,988,948,874,801,887,985,877,1276,804,830,638,996,638,871,913,844,1233,1115,1166,816,1136,1035,1079,1120,812,889,1094,638,1197,1044,949,992,793,901,1131,1163,1276,945,852,875,795,944,1017,951,1131,919,901,864,697,707,769,1163,1099,1175,745,643,852,984,1036,1123,1002,1234,921,811,689,815,995,815,1105,1181,638,1094,638,1020,1151,967,753,863,915,928,924,939,990,764,918,1198,895,886,1128,638,1144,856,983,972,1106,914,849,1163,638,960,742,835,1276,949,988,673,841,988,1013,1055,958,1040,1029,666,962,1079,1050,899,828,779,936,1137,646,852,775,1081,868,882,922,1027,894,638,1043,1026,922,784,1012,1017,882,922,809,928,710,1023,806,994,733,863,939,692,975,896,679,749,1053,1099,936,1021,992,1009,1161,717,1064,896,921,908,897,762,986,1222,948,956,847,938,1031,898,884,1021,811,997,1087,1173,942,1174,1121,798,763,908,1120,945,861,1203,1002,638,1007,1039,992,1028,946,747,898,806,808,756,1028,972,885,853,953,1128,638,1016,870,657,647,811,991,1019,807,1118,1183,1019,862,1135,1077,1094,852,638,1276,700,951,1276,1009,1107,718,674,872,1130,901,830,988,1129,727,764,831,1131,994,1276,1105,951,1158,990,844,1065,846,910,1168,940,829,883,1119,869,895,875,986,895,702,815,808,1154,1086,1050,876,827,876,789,1276,638,1046,752,940,799,769,775,1236,935,835,1045,958,1071,666,1005,1079,692,1028,1226,954,1087,1063,844,963,707,885,999,1071,960,1071,781,940,960,1251,922,877,960,810,987,898,672,947,906,697,946,1193,1039,1054,743,1032,980,1041,1024,740,950,836,949,814,1165,820,814,968,785,889,825,1181,1081,947,894,1106,1021,1036,952,688,939,872,1059,1117,852,1031,1233,850,1224,821,960,955,958,823,863,850,1008,1009,1276,1174,875,1008,1115,961,945,965,1094,822,905,1031,1006,995,898,1111,1276,1021,926,1077,871,837,962,638,773,901,741,792,887,695,892,871,961,1140,984,960,972,993,795,938,1006,739,1094,1128,856,918,817,1068,788,921,820,965,671,1167,803,966,923,835,815,1105,873,1000,829,854,1032,1104,929,730,1274,820,711,1276,892,724,848,1015,987,821,1246,874,768,1109,1168,827,734,1120,638,761,1110,948,915,1013,932,750,1159,1167,989,964,1276,913,915,1014,1190,1210,915,1006,737,907,823,796,1224,831,872,1015,1163,1033,1276,945,998,1000,1185,1037,938,806,995,1179,891,1041,996,1094,829,1276,753,898,1106,1004,1088,878,945,958,1206,1066,1083,852,1111,992,1177,1276,908,892,819,934,896,1014,934,899,1126,807,1025,892,1072,1177,908,1027,985,829,995,1002,1022,925,971,774,900,1045,1098,889,973,993,989,1042,667,949,995,797,1223,982,1205,831,812,992,690,991,972,1118,1068,890,782,1229,831,790,784,1134,874,837,978,924,849,1076,1126,1113,1078,1021,674,1222,1005,1053,1134,1184,1023,1026,861,962,821,842,814,932,1123,1276,987,742,1158,909,851,990,759,992,942,972,1017,967,959,1002,1023,792,729,947,729,970,1106,1053,790,820,1009,893,906,1051,800,893,829,791,820,1064,965,817,920,696,840,1276,942,1073,946,1012,1062,781,952,1208,830,866,908,999,1040,1158,1036,947,1157,1068,719,1276,1238,930,1017,1167,929,1073,1132,795,861,1103,1030,1103,935,911,639,774,964,1088,1041,936,913,991,969,1180,980,721,754,1198,770,1078,914,930,935,1151,926,951,713,989,1041,995,1179,965,1004,1219,710,884,1183,1105,1064,1089,1009,1216,1017,995,982,987,773,1079,936,1246,944,1023,996,857,1114,1259,954,909,900,656,928,996,1124,1109,890,912,1135,929,875,1178,1121,959,862,638,1050,814,644,1208,1060,775,763,1095,817,1163,1055,1042,1021,987,1097,884,970,1076,1046,766,877,997,892,1239,894,931,1079,1009,933,836,1004,1122,1033,833,1233,726,705,1109,992,869,782,1276,975,1041,1007,1026,1042,1073,897,910,680,832,1000,1123,1052,902,756,638,1140,863,885,977,733,901,1276,1037,1014,705,1276,730,1262,638,1180,1214,825,1024,1044,827,726,747,1043,943,867,1110,1037,836,766,1040,871,972,1207,1036,819,982,805,1212,867,989,1005,982,645,727,885,1007,935,804,742,893,882,1038,905,1052,862,916,901,832,1056,827,874,945,750,905,843,895,947,829,922,1165,952,1139,1012,1080,833,973,978,859,826,720,1194,802,1171,882,819,1055,856,1047,904,1033,803,1089,1034,810,1276,1042,1276,1211,926,891,892,666,846,996,1199,834,1097,757,863,884,1016,1029,1110,1079,995,1019,1209,875,1080,669,1022,880,957,1122,983,1097,1191,1018,1143,905,955,873,1122,1022,876,981,1122,950,806,977,642,1079,890,882,1096,739,1266,880,873,1119,1069,1276,923,937,721,904,842,885,679,1221,731,638,768,860,774,1131,935,961,1054,1002,1112,780,869,1062,638,738,1036,880,1105,1085,766,1021,1148,980,801,1096,1058,1043,1070,638,1097,1244,1026,987,1067,1010,1060,957,835,797,798,738,787,1237,1076,857,894,974,852,967,1080,951,1010,1097,913,1002,907,952,905,872,984,1047,980,1036,839,765,1023,1066,964,1171,1101,1276,925,798,839],num_heads:128,num_heads_kv:1,head_dim:576,head_dim_v:512,causal:0,dtype:bf16.
flash_mla:[D][1,3126]flash_mla,MLA:sparse:decode,is_fp8:1,topk:2048,batch_size:1,seqlen_q:8,seqlen_k:[3126],num_heads:128,num_heads_kv:1,head_dim:576,head_dim_v:512,causal:0,dtype:bf16.
flash_mla:[D][2,3126]flash_mla,MLA:sparse:decode,is_fp8:1,topk:2048,batch_size:2,seqlen_q:8,seqlen_k:[3126,2577],num_heads:128,num_heads_kv:1,head_dim:576,head_dim_v:512,causal:0,dtype:bf16.
flash_mla:[D][3,3126]flash_mla,MLA:sparse:decode,is_fp8:1,topk:2048,batch_size:3,seqlen_q:8,seqlen_k:[3126,2577,2810],num_heads:128,num_heads_kv:1,head_dim:576,head_dim_v:512,causal:0,dtype:bf16.
flash_mla:[D][4,3222]flash_mla,MLA:sparse:decode,is_fp8:1,topk:2048,batch_size:4,seqlen_q:8,seqlen_k:[3126,2577,2810,3222],num_heads:128,num_heads_kv:1,head_dim:576,head_dim_v:512,causal:0,dtype:bf16.
flash_mla:[D][7,3222]flash_mla,MLA:sparse:decode,is_fp8:1,topk:2048,batch_size:7,seqlen_q:8,seqlen_k:[3126,2577,2810,3222,3168,2022,2798],num_heads:128,num_heads_kv:1,head_dim:576,head_dim_v:512,causal:0,dtype:bf16.
flash_mla:[D][11,3222]flash_mla,MLA:sparse:decode,is_fp8:1,topk:2048,batch_size:11,seqlen_q:8,seqlen_k:[3126,2577,2810,3222,3168,2022,2798,2355,2374,2581,2474],num_heads:128,num_heads_kv:1,head_dim:576,head_dim_v:512,causal:0,dtype:bf16.
flash_mla:[D][19,3222]flash_mla,MLA:sparse:decode,is_fp8:1,topk:2048,batch_size:19,seqlen_q:8,seqlen_k:[3126,2577,2810,3222,3168,2022,2798,2355,2374,2581,2474,3002,2722,2465,2594,2550,3018,2333,2542],num_heads:128,num_heads_kv:1,head_dim:576,head_dim_v:512,causal:0,dtype:bf16.
flash_mla:[D][30,3222]flash_mla,MLA:sparse:decode,is_fp8:1,topk:2048,batch_size:30,seqlen_q:8,seqlen_k:[3126,2577,2810,3222,3168,2022,2798,2355,2374,2581,2474,3002,2722,2465,2594,2550,3018,2333,2542,2071,1611,2679,2764,2116,3222,1829,2434,2340,3033,3008],num_heads:128,num_heads_kv:1,head_dim:576,head_dim_v:512,causal:0,dtype:bf16.
flash_mla:[D][49,3222]flash_mla,MLA:sparse:decode,is_fp8:1,topk:2048,batch_size:49,seqlen_q:8,seqlen_k:[3126,2577,2810,3222,3168,2022,2798,2355,2374,2581,2474,3002,2722,2465,2594,2550,3018,2333,2542,2071,1611,2679,2764,2116,3222,1829,2434,2340,3033,3008,2478,2568,2058,1617,2275,2479,2911,2900,2259,2294,1993,1843,1728,3202,2210,2239,1911,2729,1765],num_heads:128,num_heads_kv:1,head_dim:576,head_dim_v:512,causal:0,dtype:bf16.
flash_mla:[D][80,3222]flash_mla,MLA:sparse:decode,is_fp8:1,topk:2048,batch_size:80,seqlen_q:8,seqlen_k:[3126,2577,2810,3222,3168,2022,2798,2355,2374,2581,2474,3002,2722,2465,2594,2550,3018,2333,2542,2071,1611,2679,2764,2116,3222,1829,2434,2340,3033,3008,2478,2568,2058,1617,2275,2479,2911,2900,2259,2294,1993,1843,1728,3202,2210,2239,1911,2729,1765,2330,2055,2571,2210,1940,2404,2588,2442,2537,2160,2269,2144,2271,2088,1720,2487,2254,1759,2602,2050,2436,2709,2467,2875,1918,2578,2140,2065,2182,2290,2438],num_heads:128,num_heads_kv:1,head_dim:576,head_dim_v:512,causal:0,dtype:bf16.
flash_mla:[D][131,3222]flash_mla,MLA:sparse:decode,is_fp8:1,topk:2048,batch_size:131,seqlen_q:8,seqlen_k:[3126,2577,2810,3222,3168,2022,2798,2355,2374,2581,2474,3002,2722,2465,2594,2550,3018,2333,2542,2071,1611,2679,2764,2116,3222,1829,2434,2340,3033,3008,2478,2568,2058,1617,2275,2479,2911,2900,2259,2294,1993,1843,1728,3202,2210,2239,1911,2729,1765,2330,2055,2571,2210,1940,2404,2588,2442,2537,2160,2269,2144,2271,2088,1720,2487,2254,1759,2602,2050,2436,2709,2467,2875,1918,2578,2140,2065,2182,2290,2438,1946,2779,2603,1796,3015,3180,2891,2343,1984,2840,2253,2908,2499,2809,2559,2700,2420,3135,2467,2578,3174,1872,1903,2806,1943,3199,2249,2114,3190,3012,3168,2781,2068,3185,2307,2739,2797,2353,2663,2787,2567,1972,2536,2950,2136,2355,2240,3161,2686,2580,2105],num_heads:128,num_heads_kv:1,head_dim:576,head_dim_v:512,causal:0,dtype:bf16.
flash_mla:[D][213,3222]flash_mla,MLA:sparse:decode,is_fp8:1,topk:2048,batch_size:213,seqlen_q:8,seqlen_k:[3126,2577,2810,3222,3168,2022,2798,2355,2374,2581,2474,3002,2722,2465,2594,2550,3018,2333,2542,2071,1611,2679,2764,2116,3222,1829,2434,2340,3033,3008,2478,2568,2058,1617,2275,2479,2911,2900,2259,2294,1993,1843,1728,3202,2210,2239,1911,2729,1765,2330,2055,2571,2210,1940,2404,2588,2442,2537,2160,2269,2144,2271,2088,1720,2487,2254,1759,2602,2050,2436,2709,2467,2875,1918,2578,2140,2065,2182,2290,2438,1946,2779,2603,1796,3015,3180,2891,2343,1984,2840,2253,2908,2499,2809,2559,2700,2420,3135,2467,2578,3174,1872,1903,2806,1943,3199,2249,2114,3190,3012,3168,2781,2068,3185,2307,2739,2797,2353,2663,2787,2567,1972,2536,2950,2136,2355,2240,3161,2686,2580,2105,2633,2144,2428,2159,2688,2648,2332,2575,1975,1815,2593,2483,2671,3222,2796,2048,2866,1885,2229,2388,3106,2115,2082,2376,2148,2870,1980,1953,2239,2215,3193,2798,2451,1922,2756,2012,1793,2894,2543,2787,2544,2761,2153,1999,2690,2092,2138,2232,2423,2273,1861,2156,1611,2667,1770,1970,2437,2117,3037,1894,2523,2400,1945,2626,2346,2727,2747,3222,2954,2267,2319,2859,2680,2673,1764,2406,2118,2528,2376,2782,2543,2732],num_heads:128,num_heads_kv:1,head_dim:576,head_dim_v:512,causal:0,dtype:bf16.
flash_mla:[D][346,3222]flash_mla,MLA:sparse:decode,is_fp8:1,topk:2048,batch_size:346,seqlen_q:8,seqlen_k:[3126,2577,2810,3222,3168,2022,2798,2355,2374,2581,2474,3002,2722,2465,2594,2550,3018,2333,2542,2071,1611,2679,2764,2116,3222,1829,2434,2340,3033,3008,2478,2568,2058,1617,2275,2479,2911,2900,2259,2294,1993,1843,1728,3202,2210,2239,1911,2729,1765,2330,2055,2571,2210,1940,2404,2588,2442,2537,2160,2269,2144,2271,2088,1720,2487,2254,1759,2602,2050,2436,2709,2467,2875,1918,2578,2140,2065,2182,2290,2438,1946,2779,2603,1796,3015,3180,2891,2343,1984,2840,2253,2908,2499,2809,2559,2700,2420,3135,2467,2578,3174,1872,1903,2806,1943,3199,2249,2114,3190,3012,3168,2781,2068,3185,2307,2739,2797,2353,2663,2787,2567,1972,2536,2950,2136,2355,2240,3161,2686,2580,2105,2633,2144,2428,2159,2688,2648,2332,2575,1975,1815,2593,2483,2671,3222,2796,2048,2866,1885,2229,2388,3106,2115,2082,2376,2148,2870,1980,1953,2239,2215,3193,2798,2451,1922,2756,2012,1793,2894,2543,2787,2544,2761,2153,1999,2690,2092,2138,2232,2423,2273,1861,2156,1611,2667,1770,1970,2437,2117,3037,1894,2523,2400,1945,2626,2346,2727,2747,3222,2954,2267,2319,2859,2680,2673,1764,2406,2118,2528,2376,2782,2543,2732,2228,2035,2250,2409,2568,3222,2398,2030,2276,2229,2610,1795,2441,2479,2509,2175,2320,1842,2217,2197,2583,1950,2730,3018,1611,2587,2688,2159,2255,2362,2295,2291,1740,2880,2851,2088,1825,2625,2183,2473,2287,2694,2695,2123,1858,1778,2661,1936,2211,2175,2394,1635,2492,2627,2451,2290,2455,2576,1611,3204,2573,2153,2258,2614,2369,1611,3222,2371,2827,2137,3035,2531,2661,1994,2904,2693,2940,2162,2222,3222,1988,2361,2874,2455,2650,2255,2565,1889,3084,2368,2141,2684,2230,1878,1873,2695,2351,2362,2850,1961,2121,2260,2454,2399,2300,2391,2372,2125,2088,2526,2056,1949,2290,2352,3222,2132,2796,2717,1936,2727,1938,1611,2660,1708,2597,2140,3084,2846,2233,2138,1926,2238,2303],num_heads:128,num_heads_kv:1,head_dim:576,head_dim_v:512,causal:0,dtype:bf16.
flash_mla:[D][563,3222]flash_mla,MLA:sparse:decode,is_fp8:1,topk:2048,batch_size:563,seqlen_q:8,seqlen_k:[3126,2577,2810,3222,3168,2022,2798,2355,2374,2581,2474,3002,2722,2465,2594,2550,3018,2333,2542,2071,1611,2679,2764,2116,3222,1829,2434,2340,3033,3008,2478,2568,2058,1617,2275,2479,2911,2900,2259,2294,1993,1843,1728,3202,2210,2239,1911,2729,1765,2330,2055,2571,2210,1940,2404,2588,2442,2537,2160,2269,2144,2271,2088,1720,2487,2254,1759,2602,2050,2436,2709,2467,2875,1918,2578,2140,2065,2182,2290,2438,1946,2779,2603,1796,3015,3180,2891,2343,1984,2840,2253,2908,2499,2809,2559,2700,2420,3135,2467,2578,3174,1872,1903,2806,1943,3199,2249,2114,3190,3012,3168,2781,2068,3185,2307,2739,2797,2353,2663,2787,2567,1972,2536,2950,2136,2355,2240,3161,2686,2580,2105,2633,2144,2428,2159,2688,2648,2332,2575,1975,1815,2593,2483,2671,3222,2796,2048,2866,1885,2229,2388,3106,2115,2082,2376,2148,2870,1980,1953,2239,2215,3193,2798,2451,1922,2756,2012,1793,2894,2543,2787,2544,2761,2153,1999,2690,2092,2138,2232,2423,2273,1861,2156,1611,2667,1770,1970,2437,2117,3037,1894,2523,2400,1945,2626,2346,2727,2747,3222,2954,2267,2319,2859,2680,2673,1764,2406,2118,2528,2376,2782,2543,2732,2228,2035,2250,2409,2568,3222,2398,2030,2276,2229,2610,1795,2441,2479,2509,2175,2320,1842,2217,2197,2583,1950,2730,3018,1611,2587,2688,2159,2255,2362,2295,2291,1740,2880,2851,2088,1825,2625,2183,2473,2287,2694,2695,2123,1858,1778,2661,1936,2211,2175,2394,1635,2492,2627,2451,2290,2455,2576,1611,3204,2573,2153,2258,2614,2369,1611,3222,2371,2827,2137,3035,2531,2661,1994,2904,2693,2940,2162,2222,3222,1988,2361,2874,2455,2650,2255,2565,1889,3084,2368,2141,2684,2230,1878,1873,2695,2351,2362,2850,1961,2121,2260,2454,2399,2300,2391,2372,2125,2088,2526,2056,1949,2290,2352,3222,2132,2796,2717,1936,2727,1938,1611,2660,1708,2597,2140,3084,2846,2233,2138,1926,2238,2303,2269,2479,2649,2556,2108,1836,2965,2138,2153,2205,1673,2223,2222,2666,2697,2417,2791,2553,2409,2480,2339,2256,2308,1961,2529,2015,2755,2315,2435,2615,2675,1783,2332,2770,1731,2572,1611,2003,2431,1748,2018,1822,3080,2482,2644,2326,2273,1764,2298,2109,2761,2875,3007,2759,2174,1966,2724,2559,1703,2559,2744,2439,2341,2090,1833,2738,2291,2321,3114,2691,2565,2473,3028,3108,2790,2650,1611,2465,2363,2453,2796,1611,2186,2524,2227,1844,2766,2527,2024,2542,2747,2418,2738,2447,2256,1948,2381,2494,2768,2369,2600,2027,2100,2371,1990,2746,2602,2528,2552,3222,2227,1611,2496,2395,2207,2021,2239,2489,2213,3222,2028,2096,1611,2517,1611,2198,2304,2129,3116,2816,2947,2060,2870,2615,2726,2830,2049,2244,2763,1611,3025,2638,2397,2504,2000,2274,2859,2939,3222,2386,2150,2208,2005,2384,2570,2402,2857,2321,2275,2181,1758,1784,1940,2940,2776,2970,1879,1622,2149,2486,2616,2838,2530,3118,2326,2048,1738,2057,2513,2057,2793,2985,1611,2764,1611,2577,2909,2442,1900,2180,2310,2342,2334,2371,2502,1928,2318,3027,2260,2237,2850,1611,2892,2161,2482,2454,2795,2308,2142,2939,1611,2424,1872,2109,3222,2398,2494],num_heads:128,num_heads_kv:1,head_dim:576,head_dim_v:512,causal:0,dtype:bf16.
flash_mla:[D][917,3222]flash_mla,MLA:sparse:decode,is_fp8:1,topk:2048,batch_size:917,seqlen_q:8,seqlen_k:[3126,2577,2810,3222,3168,2022,2798,2355,2374,2581,2474,3002,2722,2465,2594,2550,3018,2333,2542,2071,1611,2679,2764,2116,3222,1829,2434,2340,3033,3008,2478,2568,2058,1617,2275,2479,2911,2900,2259,2294,1993,1843,1728,3202,2210,2239,1911,2729,1765,2330,2055,2571,2210,1940,2404,2588,2442,2537,2160,2269,2144,2271,2088,1720,2487,2254,1759,2602,2050,2436,2709,2467,2875,1918,2578,2140,2065,2182,2290,2438,1946,2779,2603,1796,3015,3180,2891,2343,1984,2840,2253,2908,2499,2809,2559,2700,2420,3135,2467,2578,3174,1872,1903,2806,1943,3199,2249,2114,3190,3012,3168,2781,2068,3185,2307,2739,2797,2353,2663,2787,2567,1972,2536,2950,2136,2355,2240,3161,2686,2580,2105,2633,2144,2428,2159,2688,2648,2332,2575,1975,1815,2593,2483,2671,3222,2796,2048,2866,1885,2229,2388,3106,2115,2082,2376,2148,2870,1980,1953,2239,2215,3193,2798,2451,1922,2756,2012,1793,2894,2543,2787,2544,2761,2153,1999,2690,2092,2138,2232,2423,2273,1861,2156,1611,2667,1770,1970,2437,2117,3037,1894,2523,2400,1945,2626,2346,2727,2747,3222,2954,2267,2319,2859,2680,2673,1764,2406,2118,2528,2376,2782,2543,2732,2228,2035,2250,2409,2568,3222,2398,2030,2276,2229,2610,1795,2441,2479,2509,2175,2320,1842,2217,2197,2583,1950,2730,3018,1611,2587,2688,2159,2255,2362,2295,2291,1740,2880,2851,2088,1825,2625,2183,2473,2287,2694,2695,2123,1858,1778,2661,1936,2211,2175,2394,1635,2492,2627,2451,2290,2455,2576,1611,3204,2573,2153,2258,2614,2369,1611,3222,2371,2827,2137,3035,2531,2661,1994,2904,2693,2940,2162,2222,3222,1988,2361,2874,2455,2650,2255,2565,1889,3084,2368,2141,2684,2230,1878,1873,2695,2351,2362,2850,1961,2121,2260,2454,2399,2300,2391,2372,2125,2088,2526,2056,1949,2290,2352,3222,2132,2796,2717,1936,2727,1938,1611,2660,1708,2597,2140,3084,2846,2233,2138,1926,2238,2303,2269,2479,2649,2556,2108,1836,2965,2138,2153,2205,1673,2223,2222,2666,2697,2417,2791,2553,2409,2480,2339,2256,2308,1961,2529,2015,2755,2315,2435,2615,2675,1783,2332,2770,1731,2572,1611,2003,2431,1748,2018,1822,3080,2482,2644,2326,2273,1764,2298,2109,2761,2875,3007,2759,2174,1966,2724,2559,1703,2559,2744,2439,2341,2090,1833,2738,2291,2321,3114,2691,2565,2473,3028,3108,2790,2650,1611,2465,2363,2453,2796,1611,2186,2524,2227,1844,2766,2527,2024,2542,2747,2418,2738,2447,2256,1948,2381,2494,2768,2369,2600,2027,2100,2371,1990,2746,2602,2528,2552,3222,2227,1611,2496,2395,2207,2021,2239,2489,2213,3222,2028,2096,1611,2517,1611,2198,2304,2129,3116,2816,2947,2060,2870,2615,2726,2830,2049,2244,2763,1611,3025,2638,2397,2504,2000,2274,2859,2939,3222,2386,2150,2208,2005,2384,2570,2402,2857,2321,2275,2181,1758,1784,1940,2940,2776,2970,1879,1622,2149,2486,2616,2838,2530,3118,2326,2048,1738,2057,2513,2057,2793,2985,1611,2764,1611,2577,2909,2442,1900,2180,2310,2342,2334,2371,2502,1928,2318,3027,2260,2237,2850,1611,2892,2161,2482,2454,2795,2308,2142,2939,1611,2424,1872,2109,3222,2398,2494,1698,2122,2495,2558,2664,2419,2628,2598,1678,2430,2725,2653,2269,2091,1965,2363,2872,1629,2150,1956,2732,2192,2226,2328,2595,2257,1611,2634,2592,2327,1979,2557,2568,2226,2328,2041,2344,1791,2584,2035,2511,1849,2178,2371,1746,2462,2263,1713,1890,2659,2776,2362,2579,2506,2548,2934,1808,2688,2262,2325,2294,2264,1921,2489,3089,2393,2415,2139,2368,2603,2266,2233,2578,2046,2517,2746,2964,2379,2967,2832,2014,1925,2293,2830,2386,2173,3041,2531,1611,2543,2625,2506,2597,2388,1884,2266,2034,2040,1906,2598,2455,2235,2154,2406,2850,1611,2567,2196,1656,1631,2048,2504,2574,2037,2825,2989,2575,2177,2869,2720,2765,2151,1611,3222,1766,2401,3222,2549,2798,1810,1699,2201,2855,2276,2095,2495,2852,1833,1928,2098,2857,2510,3222,2793,2401,2925,2501,2131,2690,2135,2298,2951,2375,2092,2228,2827,2193,2260,2210,2490,2260,1770,2058,2040,2917,2743,2652,2212,2087,2211,1992,3222,1611,2643,1898,2373,2017,1941,1956,3123,2362,2107,2639,2420,2706,1680,2538,2727,1746,2596,3099,2410,2747,2686,2130,2432,1784,2234,2523,2707,2425,2706,1971,2375,2423,3161,2329,2214,2424,2045,2493,2268,1694,2392,2288,1758,2388,3016,2626,2662,1875,2608,2475,2629,2586,1868,2399,2110,2395,2054,2944,2069,2053,2446,1981,2244,2081,2984,2732,2392,2258,2795,2579,2616,2405,1735,2370,2201,2675,2823,2150,2604,3115,2146,3093,2072,2425,2411,2420,2078,2177,2146,2547,2549,3222,2968,2210,2546,2817,2428,2387,2436,2765,2074,2284,2605,2541,2512,2266,2807,3222,2579,2338,2720,2198,2113,2429,1611,1950,2275,1870,1999,2239,1753,2252,2200,2426,2881,2485,2424,2456,2507,2006,2369,2540,1863,2764,2851,2161,2318,2062,2697,1988,2326,2069,2436,1692,2950,2027,2440,2330,2108,2058,2793,2204,2525,2092,2155,2606,2790,2345,1842,3221,2070,1794,3222,2253,1826,2140,2564,2492,2072,3150,2205,1938,2803,2951,2086,1851,2831,1611,1921,2805,2393],num_heads:128,num_heads_kv:1,head_dim:576,head_dim_v:512,causal:0,dtype:bf16.
flash_mla:[D][1492,3222]flash_mla,MLA:sparse:decode,is_fp8:1,topk:2048,batch_size:1492,seqlen_q:8,seqlen_k:[3126,2577,2810,3222,3168,2022,2798,2355,2374,2581,2474,3002,2722,2465,2594,2550,3018,2333,2542,2071,1611,2679,2764,2116,3222,1829,2434,2340,3033,3008,2478,2568,2058,1617,2275,2479,2911,2900,2259,2294,1993,1843,1728,3202,2210,2239,1911,2729,1765,2330,2055,2571,2210,1940,2404,2588,2442,2537,2160,2269,2144,2271,2088,1720,2487,2254,1759,2602,2050,2436,2709,2467,2875,1918,2578,2140,2065,2182,2290,2438,1946,2779,2603,1796,3015,3180,2891,2343,1984,2840,2253,2908,2499,2809,2559,2700,2420,3135,2467,2578,3174,1872,1903,2806,1943,3199,2249,2114,3190,3012,3168,2781,2068,3185,2307,2739,2797,2353,2663,2787,2567,1972,2536,2950,2136,2355,2240,3161,2686,2580,2105,2633,2144,2428,2159,2688,2648,2332,2575,1975,1815,2593,2483,2671,3222,2796,2048,2866,1885,2229,2388,3106,2115,2082,2376,2148,2870,1980,1953,2239,2215,3193,2798,2451,1922,2756,2012,1793,2894,2543,2787,2544,2761,2153,1999,2690,2092,2138,2232,2423,2273,1861,2156,1611,2667,1770,1970,2437,2117,3037,1894,2523,2400,1945,2626,2346,2727,2747,3222,2954,2267,2319,2859,2680,2673,1764,2406,2118,2528,2376,2782,2543,2732,2228,2035,2250,2409,2568,3222,2398,2030,2276,2229,2610,1795,2441,2479,2509,2175,2320,1842,2217,2197,2583,1950,2730,3018,1611,2587,2688,2159,2255,2362,2295,2291,1740,2880,2851,2088,1825,2625,2183,2473,2287,2694,2695,2123,1858,1778,2661,1936,2211,2175,2394,1635,2492,2627,2451,2290,2455,2576,1611,3204,2573,2153,2258,2614,2369,1611,3222,2371,2827,2137,3035,2531,2661,1994,2904,2693,2940,2162,2222,3222,1988,2361,2874,2455,2650,2255,2565,1889,3084,2368,2141,2684,2230,1878,1873,2695,2351,2362,2850,1961,2121,2260,2454,2399,2300,2391,2372,2125,2088,2526,2056,1949,2290,2352,3222,2132,2796,2717,1936,2727,1938,1611,2660,1708,2597,2140,3084,2846,2233,2138,1926,2238,2303,2269,2479,2649,2556,2108,1836,2965,2138,2153,2205,1673,2223,2222,2666,2697,2417,2791,2553,2409,2480,2339,2256,2308,1961,2529,2015,2755,2315,2435,2615,2675,1783,2332,2770,1731,2572,1611,2003,2431,1748,2018,1822,3080,2482,2644,2326,2273,1764,2298,2109,2761,2875,3007,2759,2174,1966,2724,2559,1703,2559,2744,2439,2341,2090,1833,2738,2291,2321,3114,2691,2565,2473,3028,3108,2790,2650,1611,2465,2363,2453,2796,1611,2186,2524,2227,1844,2766,2527,2024,2542,2747,2418,2738,2447,2256,1948,2381,2494,2768,2369,2600,2027,2100,2371,1990,2746,2602,2528,2552,3222,2227,1611,2496,2395,2207,2021,2239,2489,2213,3222,2028,2096,1611,2517,1611,2198,2304,2129,3116,2816,2947,2060,2870,2615,2726,2830,2049,2244,2763,1611,3025,2638,2397,2504,2000,2274,2859,2939,3222,2386,2150,2208,2005,2384,2570,2402,2857,2321,2275,2181,1758,1784,1940,2940,2776,2970,1879,1622,2149,2486,2616,2838,2530,3118,2326,2048,1738,2057,2513,2057,2793,2985,1611,2764,1611,2577,2909,2442,1900,2180,2310,2342,2334,2371,2502,1928,2318,3027,2260,2237,2850,1611,2892,2161,2482,2454,2795,2308,2142,2939,1611,2424,1872,2109,3222,2398,2494,1698,2122,2495,2558,2664,2419,2628,2598,1678,2430,2725,2653,2269,2091,1965,2363,2872,1629,2150,1956,2732,2192,2226,2328,2595,2257,1611,2634,2592,2327,1979,2557,2568,2226,2328,2041,2344,1791,2584,2035,2511,1849,2178,2371,1746,2462,2263,1713,1890,2659,2776,2362,2579,2506,2548,2934,1808,2688,2262,2325,2294,2264,1921,2489,3089,2393,2415,2139,2368,2603,2266,2233,2578,2046,2517,2746,2964,2379,2967,2832,2014,1925,2293,2830,2386,2173,3041,2531,1611,2543,2625,2506,2597,2388,1884,2266,2034,2040,1906,2598,2455,2235,2154,2406,2850,1611,2567,2196,1656,1631,2048,2504,2574,2037,2825,2989,2575,2177,2869,2720,2765,2151,1611,3222,1766,2401,3222,2549,2798,1810,1699,2201,2855,2276,2095,2495,2852,1833,1928,2098,2857,2510,3222,2793,2401,2925,2501,2131,2690,2135,2298,2951,2375,2092,2228,2827,2193,2260,2210,2490,2260,1770,2058,2040,2917,2743,2652,2212,2087,2211,1992,3222,1611,2643,1898,2373,2017,1941,1956,3123,2362,2107,2639,2420,2706,1680,2538,2727,1746,2596,3099,2410,2747,2686,2130,2432,1784,2234,2523,2707,2425,2706,1971,2375,2423,3161,2329,2214,2424,2045,2493,2268,1694,2392,2288,1758,2388,3016,2626,2662,1875,2608,2475,2629,2586,1868,2399,2110,2395,2054,2944,2069,2053,2446,1981,2244,2081,2984,2732,2392,2258,2795,2579,2616,2405,1735,2370,2201,2675,2823,2150,2604,3115,2146,3093,2072,2425,2411,2420,2078,2177,2146,2547,2549,3222,2968,2210,2546,2817,2428,2387,2436,2765,2074,2284,2605,2541,2512,2266,2807,3222,2579,2338,2720,2198,2113,2429,1611,1950,2275,1870,1999,2239,1753,2252,2200,2426,2881,2485,2424,2456,2507,2006,2369,2540,1863,2764,2851,2161,2318,2062,2697,1988,2326,2069,2436,1692,2950,2027,2440,2330,2108,2058,2793,2204,2525,2092,2155,2606,2790,2345,1842,3221,2070,1794,3222,2253,1826,2140,2564,2492,2072,3150,2205,1938,2803,2951,2086,1851,2831,1611,1921,2805,2393,2309,2558,2354,1892,2930,2949,2498,2434,3222,2304,2311,2562,3008,3057,2311,2540,1860,2290,2077,2010,3093,2096,2201,2563,2939,2609,3222,2385,2520,2527,2994,2620,2369,2034,2514,2980,2250,2629,2515,2763,2091,3222,1900,2268,2794,2535,2750,2216,2385,2420,3048,2694,2737,2150,2806,2506,2975,3222,2292,2252,2067,2358,2262,2560,2357,2270,2845,2038,2590,2252,2707,2974,2293,2593,2488,2093,2513,2532,2582,2336,2453,1953,2271,2640,2775,2245,2458,2507,2497,2633,1683,2396,2512,2012,3090,2481,3046,2097,2050,2506,1739,2502,2455,2825,2698,2247,1973,3106,2096,1994,1978,2866,2206,2112,2471,2332,2142,2719,2845,2813,2725,2578,1700,3088,2537,2661,2865,2993,2584,2591,2174,2429,2071,2125,2055,2353,2838,3222,2492,1872,2925,2294,2149,2500,1916,2505,2380,2455,2569,2443,2422,2530,2583,2000,1839,2391,1838,2451,2794,2660,1993,2069,2548,2254,2288,2656,2018,2254,2093,1995,2070,2689,2436,2061,2322,1755,2120,3222,2379,2710,2389,2556,2683,1970,2403,3052,2095,2187,2292,2524,2627,2926,2617,2390,2923,2699,1813,3222,3129,2348,2568,2949,2346,2710,2861,2007,2173,2787,2601,2788,2362,2299,1611,1954,2434,2748,2630,2364,2306,2503,2447,2982,2475,1819,1903,3028,1944,2724,2307,2347,2361,2908,2338,2402,1799,2499,2630,2512,2979,2438,2536,3080,1791,2232,2990,2793,2689,2751,2547,3073,2568,2512,2480,2493,1949,2726,2363,3150,2385,2585,2515,2163,2815,3183,2410,2294,2272,1653,2344,2517,2841,2802,2248,2304,2868,2346,2210,2977,2834,2423,2176,1611,2653,2054,1625,3054,2677,1956,1926,2766,2062,2938,2664,2632,2579,2493,2770,2233,2450,2719,2642,1934,2214,2517,2251,3131,2257,2350,2726,2549,2357,2111,2537,2834,2609,2102,3115,1833,1778,2803,2507,2194,1973,3222,2463,2631,2544,2591,2633,2711,2264,2298,1714,2101,2525,2837,2657,2278,1906,1611,2880,2178,2235,2469,1849,2275,3222,2619,2560,1778,3222,1842,3190,1611,2982,3068,2083,2586,2636,2088,1832,1884,2634,2381,2188,2805,2620,2111,1931,2626,2199,2455,3051,2618,2068,2480,2032,3064,2189,2499,2540,2480,1626,1833,2233,2544,2360,2030,1872,2254,2227,2622,2284,2658,2176,2312,2275,2100,2667,2088,2205,2386,1893,2285,2129,2259,2391,2093,2327,2943,2405,2877,2555,2727,2103,2458,2469,2169,2084,1815,3018,2024,2958,2227,2068,2666,2161,2645,2281,2609,2025,2751,2612,2045,3222,2633,3222,3060,2339,2249,2253,1678,2135,2515,3030,2104,2771,1911,2179,2231,2565,2600,2803,2726,2513,2573,3056,2210,2728,1687,2581,2221,2417,2835,2482,2772,3009,2572,2887,2284,2412,2205,2836,2582,2211,2478,2835,2400,2033,2469,1617,2725,2246,2226,2768,1865,3200,2222,2205,2827,2701,3222,2330,2367,1819,2282,2125,2235,1713,3085,1845,1611,1937,2172,1952,2858,2360,2426,2661,2531,2810,1968,2195,2684,1611,1861,2617,2222,2793,2742,1933,2579,2900,2475,2022,2770,2672,2634,2704,1611,2771,3144,2591,2493,2696,2552,2678,2416,2107,2011,2013,1862,1985,3125,2719,2164,2258,2461,2151,2443,2729,2401,2551,2773,2306,2530,2291,2404,2285,2202,2486,2644,2474,2616,2118,1930,2584,2693,2436,2959,2781,3222,2335,2013,2117],num_heads:128,num_heads_kv:1,head_dim:576,head_dim_v:512,causal:0,dtype:bf16.
flash_mla:[D][1,7896]flash_mla,MLA:sparse:decode,is_fp8:1,topk:2048,batch_size:1,seqlen_q:8,seqlen_k:[7896],num_heads:128,num_heads_kv:1,head_dim:576,head_dim_v:512,causal:0,dtype:bf16.
flash_mla:[D][2,7896]flash_mla,MLA:sparse:decode,is_fp8:1,topk:2048,batch_size:2,seqlen_q:8,seqlen_k:[7896,6508],num_heads:128,num_heads_kv:1,head_dim:576,head_dim_v:512,causal:0,dtype:bf16.
flash_mla:[D][4,8137]flash_mla,MLA:sparse:decode,is_fp8:1,topk:2048,batch_size:4,seqlen_q:8,seqlen_k:[7896,6508,7097,8137],num_heads:128,num_heads_kv:1,head_dim:576,head_dim_v:512,causal:0,dtype:bf16.
flash_mla:[D][6,8137]flash_mla,MLA:sparse:decode,is_fp8:1,topk:2048,batch_size:6,seqlen_q:8,seqlen_k:[7896,6508,7097,8137,8001,5108],num_heads:128,num_heads_kv:1,head_dim:576,head_dim_v:512,causal:0,dtype:bf16.
flash_mla:[D][9,8137]flash_mla,MLA:sparse:decode,is_fp8:1,topk:2048,batch_size:9,seqlen_q:8,seqlen_k:[7896,6508,7097,8137,8001,5108,7068,5948,5997],num_heads:128,num_heads_kv:1,head_dim:576,head_dim_v:512,causal:0,dtype:bf16.
flash_mla:[D][14,8137]flash_mla,MLA:sparse:decode,is_fp8:1,topk:2048,batch_size:14,seqlen_q:8,seqlen_k:[7896,6508,7097,8137,8001,5108,7068,5948,5997,6519,6248,7580,6875,6225],num_heads:128,num_heads_kv:1,head_dim:576,head_dim_v:512,causal:0,dtype:bf16.
flash_mla:[D][22,8137]flash_mla,MLA:sparse:decode,is_fp8:1,topk:2048,batch_size:22,seqlen_q:8,seqlen_k:[7896,6508,7097,8137,8001,5108,7068,5948,5997,6519,6248,7580,6875,6225,6553,6441,7621,5893,6420,5233,4068,6766],num_heads:128,num_heads_kv:1,head_dim:576,head_dim_v:512,causal:0,dtype:bf16.
flash_mla:[D][34,8137]flash_mla,MLA:sparse:decode,is_fp8:1,topk:2048,batch_size:34,seqlen_q:8,seqlen_k:[7896,6508,7097,8137,8001,5108,7068,5948,5997,6519,6248,7580,6875,6225,6553,6441,7621,5893,6420,5233,4068,6766,6981,5347,8137,4622,6148,5911,7660,7596,6259,6486,5199,4087],num_heads:128,num_heads_kv:1,head_dim:576,head_dim_v:512,causal:0,dtype:bf16.
flash_mla:[D][53,8137]flash_mla,MLA:sparse:decode,is_fp8:1,topk:2048,batch_size:53,seqlen_q:8,seqlen_k:[7896,6508,7097,8137,8001,5108,7068,5948,5997,6519,6248,7580,6875,6225,6553,6441,7621,5893,6420,5233,4068,6766,6981,5347,8137,4622,6148,5911,7660,7596,6259,6486,5199,4087,5748,6261,7353,7324,5708,5794,5035,4657,4366,8085,5583,5656,4827,6892,4460,5885,5191,6495,5582],num_heads:128,num_heads_kv:1,head_dim:576,head_dim_v:512,causal:0,dtype:bf16.
flash_mla:[D][82,8137]flash_mla,MLA:sparse:decode,is_fp8:1,topk:2048,batch_size:82,seqlen_q:8,seqlen_k:[7896,6508,7097,8137,8001,5108,7068,5948,5997,6519,6248,7580,6875,6225,6553,6441,7621,5893,6420,5233,4068,6766,6981,5347,8137,4622,6148,5911,7660,7596,6259,6486,5199,4087,5748,6261,7353,7324,5708,5794,5035,4657,4366,8085,5583,5656,4827,6892,4460,5885,5191,6495,5582,4901,6073,6537,6169,6409,5456,5733,5418,5736,5275,4346,6282,5693,4444,6572,5179,6154,6843,6233,7260,4846,6511,5405,5216,5513,5785,6159,4917,7018],num_heads:128,num_heads_kv:1,head_dim:576,head_dim_v:512,causal:0,dtype:bf16.
flash_mla:[D][128,8137]flash_mla,MLA:sparse:decode,is_fp8:1,topk:2048,batch_size:128,seqlen_q:8,seqlen_k:[7896,6508,7097,8137,8001,5108,7068,5948,5997,6519,6248,7580,6875,6225,6553,6441,7621,5893,6420,5233,4068,6766,6981,5347,8137,4622,6148,5911,7660,7596,6259,6486,5199,4087,5748,6261,7353,7324,5708,5794,5035,4657,4366,8085,5583,5656,4827,6892,4460,5885,5191,6495,5582,4901,6073,6537,6169,6409,5456,5733,5418,5736,5275,4346,6282,5693,4444,6572,5179,6154,6843,6233,7260,4846,6511,5405,5216,5513,5785,6159,4917,7018,6575,4539,7615,8030,7300,5919,5013,7174,5691,7345,6313,7095,6464,6820,6112,7918,6231,6510,8017,4731,4809,7087,4908,8078,5681,5341,8057,7607,8001,7023,5226,8044,5829,6918,7065,5944,6726,7039,6484,4983,6405,7450,5395,5949,5659,7982],num_heads:128,num_heads_kv:1,head_dim:576,head_dim_v:512,causal:0,dtype:bf16.
flash_mla:[D][199,8137]flash_mla,MLA:sparse:decode,is_fp8:1,topk:2048,batch_size:199,seqlen_q:8,seqlen_k:[7896,6508,7097,8137,8001,5108,7068,5948,5997,6519,6248,7580,6875,6225,6553,6441,7621,5893,6420,5233,4068,6766,6981,5347,8137,4622,6148,5911,7660,7596,6259,6486,5199,4087,5748,6261,7353,7324,5708,5794,5035,4657,4366,8085,5583,5656,4827,6892,4460,5885,5191,6495,5582,4901,6073,6537,6169,6409,5456,5733,5418,5736,5275,4346,6282,5693,4444,6572,5179,6154,6843,6233,7260,4846,6511,5405,5216,5513,5785,6159,4917,7018,6575,4539,7615,8030,7300,5919,5013,7174,5691,7345,6313,7095,6464,6820,6112,7918,6231,6510,8017,4731,4809,7087,4908,8078,5681,5341,8057,7607,8001,7023,5226,8044,5829,6918,7065,5944,6726,7039,6484,4983,6405,7450,5395,5949,5659,7982,6785,6516,5318,6650,5416,6134,5455,6789,6688,5890,6504,4990,4585,6548,6271,6747,8137,7062,5173,7238,4763,5632,6032,7844,5344,5261,6001,5427,7247,5003,4935,5656,5595,8064,7067,6191,4855,6960,5084,4530,7310,6424,7038,6426,6973,5439,5050,6795,5284,5400,5638,6119,5741,4703,5447,4068,6737,4472,4978,6155,5349,7671,4787,6373,6062,4914,6634,5927,6886,6939,8137],num_heads:128,num_heads_kv:1,head_dim:576,head_dim_v:512,causal:0,dtype:bf16.
flash_mla:[D][309,8137]flash_mla,MLA:sparse:decode,is_fp8:1,topk:2048,batch_size:309,seqlen_q:8,seqlen_k:[7896,6508,7097,8137,8001,5108,7068,5948,5997,6519,6248,7580,6875,6225,6553,6441,7621,5893,6420,5233,4068,6766,6981,5347,8137,4622,6148,5911,7660,7596,6259,6486,5199,4087,5748,6261,7353,7324,5708,5794,5035,4657,4366,8085,5583,5656,4827,6892,4460,5885,5191,6495,5582,4901,6073,6537,6169,6409,5456,5733,5418,5736,5275,4346,6282,5693,4444,6572,5179,6154,6843,6233,7260,4846,6511,5405,5216,5513,5785,6159,4917,7018,6575,4539,7615,8030,7300,5919,5013,7174,5691,7345,6313,7095,6464,6820,6112,7918,6231,6510,8017,4731,4809,7087,4908,8078,5681,5341,8057,7607,8001,7023,5226,8044,5829,6918,7065,5944,6726,7039,6484,4983,6405,7450,5395,5949,5659,7982,6785,6516,5318,6650,5416,6134,5455,6789,6688,5890,6504,4990,4585,6548,6271,6747,8137,7062,5173,7238,4763,5632,6032,7844,5344,5261,6001,5427,7247,5003,4935,5656,5595,8064,7067,6191,4855,6960,5084,4530,7310,6424,7038,6426,6973,5439,5050,6795,5284,5400,5638,6119,5741,4703,5447,4068,6737,4472,4978,6155,5349,7671,4787,6373,6062,4914,6634,5927,6886,6939,8137,7461,5726,5858,7220,6768,6753,4457,6077,5351,6386,6002,7027,6424,6901,5627,5141,5684,6084,6487,8137,6059,5129,5750,5630,6591,4535,6166,6261,6338,5494,5860,4653,5600,5549,6525,4926,6896,7621,4068,6535,6790,5453,5697,5966,5799,5787,4397,7273,7199,5274,4610,6631,5516,6246,5777,6805,6808,5364,4695,4492,6722,4892,5586,5495,6048,4132,6293,6634,6191,5785,6201,6507,4068,8091,6498,5438,5704,6604,5983,4068,8137,5989,7139,5398,7664,6393,6721,5038,7333,6803,7425,5463,5612,8137,5023,5963,7258,6201,6694,5695,6478,4773,7788,5981,5410,6779,5633,4745,4732,6807],num_heads:128,num_heads_kv:1,head_dim:576,head_dim_v:512,causal:0,dtype:bf16.
flash_mla:[D][480,8137]flash_mla,MLA:sparse:decode,is_fp8:1,topk:2048,batch_size:480,seqlen_q:8,seqlen_k:[7896,6508,7097,8137,8001,5108,7068,5948,5997,6519,6248,7580,6875,6225,6553,6441,7621,5893,6420,5233,4068,6766,6981,5347,8137,4622,6148,5911,7660,7596,6259,6486,5199,4087,5748,6261,7353,7324,5708,5794,5035,4657,4366,8085,5583,5656,4827,6892,4460,5885,5191,6495,5582,4901,6073,6537,6169,6409,5456,5733,5418,5736,5275,4346,6282,5693,4444,6572,5179,6154,6843,6233,7260,4846,6511,5405,5216,5513,5785,6159,4917,7018,6575,4539,7615,8030,7300,5919,5013,7174,5691,7345,6313,7095,6464,6820,6112,7918,6231,6510,8017,4731,4809,7087,4908,8078,5681,5341,8057,7607,8001,7023,5226,8044,5829,6918,7065,5944,6726,7039,6484,4983,6405,7450,5395,5949,5659,7982,6785,6516,5318,6650,5416,6134,5455,6789,6688,5890,6504,4990,4585,6548,6271,6747,8137,7062,5173,7238,4763,5632,6032,7844,5344,5261,6001,5427,7247,5003,4935,5656,5595,8064,7067,6191,4855,6960,5084,4530,7310,6424,7038,6426,6973,5439,5050,6795,5284,5400,5638,6119,5741,4703,5447,4068,6737,4472,4978,6155,5349,7671,4787,6373,6062,4914,6634,5927,6886,6939,8137,7461,5726,5858,7220,6768,6753,4457,6077,5351,6386,6002,7027,6424,6901,5627,5141,5684,6084,6487,8137,6059,5129,5750,5630,6591,4535,6166,6261,6338,5494,5860,4653,5600,5549,6525,4926,6896,7621,4068,6535,6790,5453,5697,5966,5799,5787,4397,7273,7199,5274,4610,6631,5516,6246,5777,6805,6808,5364,4695,4492,6722,4892,5586,5495,6048,4132,6293,6634,6191,5785,6201,6507,4068,8091,6498,5438,5704,6604,5983,4068,8137,5989,7139,5398,7664,6393,6721,5038,7333,6803,7425,5463,5612,8137,5023,5963,7258,6201,6694,5695,6478,4773,7788,5981,5410,6779,5633,4745,4732,6807,5939,5966,7198,4956,5358,5710,6197,6059,5810,6039,5992,5370,5275,6381,5195,4924,5784,5941,8137,5385,7061,6861,4892,6888,4897,4068,6718,4316,6560,5406,7789,7188,5640,5402,4867,5653,5816,5731,6261,6690,6457,5324,4639,7489,5400,5438,5571,4227,5615,5614,6732,6812,6105,7049,6447,6086,6265,5908,5700,5829,4954,6387,5091,6957,5848,6152,6604,6756,4504,5891,6997,4375,6495,4068,5062,6141,4417,5099,4605,7778,6269,6678,5875,5742,4458,5805,5327,6974,7262,7593,6969,5493,4967,6881,6464,4303,6463,6930,6161,5913,5280,4630,6915,5787,5864,7864,6798,6479,6246,7647,7850,7047,6694,4068,6227,5969,6197,7061,4068,5523,6376,5627,4661,6985,6383,5114,6422,6937,6107,6916,6181,5700,4922,6014,6299,6992,5984,6567,5120,5306,5989,5029,6936,6573,6385,6446,8137,5625,4068,6304,6050,5575,5106,5655,6286,5590,8137,5125,5295,4068,6357,4068,5553,5821,5380,7870,7113,7443,5204,7249,6606],num_heads:128,num_heads_kv:1,head_dim:576,head_dim_v:512,causal:0,dtype:bf16.
flash_mla:[D][746,8137]flash_mla,MLA:sparse:decode,is_fp8:1,topk:2048,batch_size:746,seqlen_q:8,seqlen_k:[7896,6508,7097,8137,8001,5108,7068,5948,5997,6519,6248,7580,6875,6225,6553,6441,7621,5893,6420,5233,4068,6766,6981,5347,8137,4622,6148,5911,7660,7596,6259,6486,5199,4087,5748,6261,7353,7324,5708,5794,5035,4657,4366,8085,5583,5656,4827,6892,4460,5885,5191,6495,5582,4901,6073,6537,6169,6409,5456,5733,5418,5736,5275,4346,6282,5693,4444,6572,5179,6154,6843,6233,7260,4846,6511,5405,5216,5513,5785,6159,4917,7018,6575,4539,7615,8030,7300,5919,5013,7174,5691,7345,6313,7095,6464,6820,6112,7918,6231,6510,8017,4731,4809,7087,4908,8078,5681,5341,8057,7607,8001,7023,5226,8044,5829,6918,7065,5944,6726,7039,6484,4983,6405,7450,5395,5949,5659,7982,6785,6516,5318,6650,5416,6134,5455,6789,6688,5890,6504,4990,4585,6548,6271,6747,8137,7062,5173,7238,4763,5632,6032,7844,5344,5261,6001,5427,7247,5003,4935,5656,5595,8064,7067,6191,4855,6960,5084,4530,7310,6424,7038,6426,6973,5439,5050,6795,5284,5400,5638,6119,5741,4703,5447,4068,6737,4472,4978,6155,5349,7671,4787,6373,6062,4914,6634,5927,6886,6939,8137,7461,5726,5858,7220,6768,6753,4457,6077,5351,6386,6002,7027,6424,6901,5627,5141,5684,6084,6487,8137,6059,5129,5750,5630,6591,4535,6166,6261,6338,5494,5860,4653,5600,5549,6525,4926,6896,7621,4068,6535,6790,5453,5697,5966,5799,5787,4397,7273,7199,5274,4610,6631,5516,6246,5777,6805,6808,5364,4695,4492,6722,4892,5586,5495,6048,4132,6293,6634,6191,5785,6201,6507,4068,8091,6498,5438,5704,6604,5983,4068,8137,5989,7139,5398,7664,6393,6721,5038,7333,6803,7425,5463,5612,8137,5023,5963,7258,6201,6694,5695,6478,4773,7788,5981,5410,6779,5633,4745,4732,6807,5939,5966,7198,4956,5358,5710,6197,6059,5810,6039,5992,5370,5275,6381,5195,4924,5784,5941,8137,5385,7061,6861,4892,6888,4897,4068,6718,4316,6560,5406,7789,7188,5640,5402,4867,5653,5816,5731,6261,6690,6457,5324,4639,7489,5400,5438,5571,4227,5615,5614,6732,6812,6105,7049,6447,6086,6265,5908,5700,5829,4954,6387,5091,6957,5848,6152,6604,6756,4504,5891,6997,4375,6495,4068,5062,6141,4417,5099,4605,7778,6269,6678,5875,5742,4458,5805,5327,6974,7262,7593,6969,5493,4967,6881,6464,4303,6463,6930,6161,5913,5280,4630,6915,5787,5864,7864,6798,6479,6246,7647,7850,7047,6694,4068,6227,5969,6197,7061,4068,5523,6376,5627,4661,6985,6383,5114,6422,6937,6107,6916,6181,5700,4922,6014,6299,6992,5984,6567,5120,5306,5989,5029,6936,6573,6385,6446,8137,5625,4068,6304,6050,5575,5106,5655,6286,5590,8137,5125,5295,4068,6357,4068,5553,5821,5380,7870,7113,7443,5204,7249,6606,6886,7148,5177,5670,6979,4068,7641,6664,6055,6326,5054,5746,7220,7422,8137,6026,5432,5579,5066,6022,6491,6067,7216,5863,5748,5510,4441,4507,4902,7425,7012,7500,4747,4099,5430,6280,6609,7167,6391,7874,5875,5173,4392,5197,6348,5198,7054,7538,4068,6980,4068,6510,7347,6167,4800,5506,5835,5916,5895,5990,6319,4872,5855,7646,5710,5650,7198,4068,7303,5459,6268,6199,7060,5829,5412,7421,4068,6122,4731,5327,8137,6056,6300,4290,5360,6301,6462,6729,6110,6637,6563,4241,6139,6882,6701,5731,5282,4964,5968,7254,4117,5430,4942,6900,5538,5623,5881,6554,5702,4068,6654,6548,5878,4999,6459,6487,5623,5881,5156,5920,4525,6526,5141,6344,4672,5501,5989,4413,6219,5716,4330,4776,6717,7012,5967,6513,6329,6437,7409,4569,6789,5713,5873,5794,5720,4854,6288,7801,6044,6100,5403,5982,6576,5725,5640,6512,5168,6358,6936,7485,6010,7492,7153,5088,4863,5791,7148,6028,5491,7680,6393,4068,6424,6630,6331,6559,6033,4761,5724,5140,5153,4817,6562,6201,5646,5441,6078,7199,4068,6485,5547,4185,4123,5173,6325,6501,5147,7136,7549,6504,5500,7245,6870,6984,5434,4068,8137,4463,6065,8137,6438,7067,4574,4294,5560,7211,5749,5293,6303,7202,4632,4870,5299,7215,6340,8137,7054,6066,7388,6317,5385,6793,5393,5806,7452,5998,5285,5629,7141,5540,5708,5583,6289,5709,4472,5199,5153,7366,6928,6699,5588,5272,5585,5032,8137,4068,6675,4795,5995,5097,4904,4942,7886,5966,5323,6667],num_heads:128,num_heads_kv:1,head_dim:576,head_dim_v:512,causal:0,dtype:bf16.
flash_mla:[D][1,19943]flash_mla,MLA:sparse:decode,is_fp8:1,topk:2048,batch_size:1,seqlen_q:8,seqlen_k:[19943],num_heads:128,num_heads_kv:1,head_dim:576,head_dim_v:512,causal:0,dtype:bf16.
flash_mla:[D][2,19943]flash_mla,MLA:sparse:decode,is_fp8:1,topk:2048,batch_size:2,seqlen_q:8,seqlen_k:[19943,16440],num_heads:128,num_heads_kv:1,head_dim:576,head_dim_v:512,causal:0,dtype:bf16.
flash_mla:[D][3,19943]flash_mla,MLA:sparse:decode,is_fp8:1,topk:2048,batch_size:3,seqlen_q:8,seqlen_k:[19943,16440,17926],num_heads:128,num_heads_kv:1,head_dim:576,head_dim_v:512,causal:0,dtype:bf16.
flash_mla:[D][5,20550]flash_mla,MLA:sparse:decode,is_fp8:1,topk:2048,batch_size:5,seqlen_q:8,seqlen_k:[19943,16440,17926,20550,20209],num_heads:128,num_heads_kv:1,head_dim:576,head_dim_v:512,causal:0,dtype:bf16.
flash_mla:[D][7,20550]flash_mla,MLA:sparse:decode,is_fp8:1,topk:2048,batch_size:7,seqlen_q:8,seqlen_k:[19943,16440,17926,20550,20209,12901,17852],num_heads:128,num_heads_kv:1,head_dim:576,head_dim_v:512,causal:0,dtype:bf16.
flash_mla:[D][10,20550]flash_mla,MLA:sparse:decode,is_fp8:1,topk:2048,batch_size:10,seqlen_q:8,seqlen_k:[19943,16440,17926,20550,20209,12901,17852,15023,15146,16466],num_heads:128,num_heads_kv:1,head_dim:576,head_dim_v:512,causal:0,dtype:bf16.
flash_mla:[D][14,20550]flash_mla,MLA:sparse:decode,is_fp8:1,topk:2048,batch_size:14,seqlen_q:8,seqlen_k:[19943,16440,17926,20550,20209,12901,17852,15023,15146,16466,15782,19148,17367,15724],num_heads:128,num_heads_kv:1,head_dim:576,head_dim_v:512,causal:0,dtype:bf16.
flash_mla:[D][21,20550]flash_mla,MLA:sparse:decode,is_fp8:1,topk:2048,batch_size:21,seqlen_q:8,seqlen_k:[19943,16440,17926,20550,20209,12901,17852,15023,15146,16466,15782,19148,17367,15724,16552,16269,19250,14884,16216,13217,10275],num_heads:128,num_heads_kv:1,head_dim:576,head_dim_v:512,causal:0,dtype:bf16.
flash_mla:[D][30,20550]flash_mla,MLA:sparse:decode,is_fp8:1,topk:2048,batch_size:30,seqlen_q:8,seqlen_k:[19943,16440,17926,20550,20209,12901,17852,15023,15146,16466,15782,19148,17367,15724,16552,16269,19250,14884,16216,13217,10275,17091,17632,13505,20550,11675,15529,14931,19349,19186],num_heads:128,num_heads_kv:1,head_dim:576,head_dim_v:512,causal:0,dtype:bf16.
flash_mla:[D][44,20550]flash_mla,MLA:sparse:decode,is_fp8:1,topk:2048,batch_size:44,seqlen_q:8,seqlen_k:[19943,16440,17926,20550,20209,12901,17852,15023,15146,16466,15782,19148,17367,15724,16552,16269,19250,14884,16216,13217,10275,17091,17632,13505,20550,11675,15529,14931,19349,19186,15810,16383,13131,10323,14518,15813,18572,18500,14416,14635,12718,11763,11028,20423],num_heads:128,num_heads_kv:1,head_dim:576,head_dim_v:512,causal:0,dtype:bf16.
flash_mla:[D][65,20550]flash_mla,MLA:sparse:decode,is_fp8:1,topk:2048,batch_size:65,seqlen_q:8,seqlen_k:[19943,16440,17926,20550,20209,12901,17852,15023,15146,16466,15782,19148,17367,15724,16552,16269,19250,14884,16216,13217,10275,17091,17632,13505,20550,11675,15529,14931,19349,19186,15810,16383,13131,10323,14518,15813,18572,18500,14416,14635,12718,11763,11028,20423,14102,14286,12193,17409,11265,14865,13111,16405,14099,12378,15339,16512,15582,16189,13782,14480,13684,14488,13323,10977,15867],num_heads:128,num_heads_kv:1,head_dim:576,head_dim_v:512,causal:0,dtype:bf16.
flash_mla:[D][95,20550]flash_mla,MLA:sparse:decode,is_fp8:1,topk:2048,batch_size:95,seqlen_q:8,seqlen_k:[19943,16440,17926,20550,20209,12901,17852,15023,15146,16466,15782,19148,17367,15724,16552,16269,19250,14884,16216,13217,10275,17091,17632,13505,20550,11675,15529,14931,19349,19186,15810,16383,13131,10323,14518,15813,18572,18500,14416,14635,12718,11763,11028,20423,14102,14286,12193,17409,11265,14865,13111,16405,14099,12378,15339,16512,15582,16189,13782,14480,13684,14488,13323,10977,15867,14379,11224,16600,13081,15545,17285,15743,18339,12239,16445,13652,13174,13924,14611,15556,12418,17726,16608,11465,19235,20282,18440,14949,12661,18120,14376,18552,15947,17920,16327],num_heads:128,num_heads_kv:1,head_dim:576,head_dim_v:512,causal:0,dtype:bf16.
flash_mla:[D][139,20550]flash_mla,MLA:sparse:decode,is_fp8:1,topk:2048,batch_size:139,seqlen_q:8,seqlen_k:[19943,16440,17926,20550,20209,12901,17852,15023,15146,16466,15782,19148,17367,15724,16552,16269,19250,14884,16216,13217,10275,17091,17632,13505,20550,11675,15529,14931,19349,19186,15810,16383,13131,10323,14518,15813,18572,18500,14416,14635,12718,11763,11028,20423,14102,14286,12193,17409,11265,14865,13111,16405,14099,12378,15339,16512,15582,16189,13782,14480,13684,14488,13323,10977,15867,14379,11224,16600,13081,15545,17285,15743,18339,12239,16445,13652,13174,13924,14611,15556,12418,17726,16608,11465,19235,20282,18440,14949,12661,18120,14376,18552,15947,17920,16327,17227,15438,19999,15738,16444,20249,11949,12148,17902,12398,20405,14349,13491,20352,19215,20209,17739,13199,20318,14723,17473,17845,15013,16989,17781,16379,12587,16178,18819,13627,15027,14294,20162,17139,16458,13434,16797,13679,15493,13778,17149,16893,14876,16429],num_heads:128,num_heads_kv:1,head_dim:576,head_dim_v:512,causal:0,dtype:bf16.
flash_mla:[D][203,20550]flash_mla,MLA:sparse:decode,is_fp8:1,topk:2048,batch_size:203,seqlen_q:8,seqlen_k:[19943,16440,17926,20550,20209,12901,17852,15023,15146,16466,15782,19148,17367,15724,16552,16269,19250,14884,16216,13217,10275,17091,17632,13505,20550,11675,15529,14931,19349,19186,15810,16383,13131,10323,14518,15813,18572,18500,14416,14635,12718,11763,11028,20423,14102,14286,12193,17409,11265,14865,13111,16405,14099,12378,15339,16512,15582,16189,13782,14480,13684,14488,13323,10977,15867,14379,11224,16600,13081,15545,17285,15743,18339,12239,16445,13652,13174,13924,14611,15556,12418,17726,16608,11465,19235,20282,18440,14949,12661,18120,14376,18552,15947,17920,16327,17227,15438,19999,15738,16444,20249,11949,12148,17902,12398,20405,14349,13491,20352,19215,20209,17739,13199,20318,14723,17473,17845,15013,16989,17781,16379,12587,16178,18819,13627,15027,14294,20162,17139,16458,13434,16797,13679,15493,13778,17149,16893,14876,16429,12603,11580,16540,15840,17043,20550,17838,13066,18281,12031,14226,15236,19813,13498,13288,15159,13707,18306,12637,12464,14287,14132,20368,17851,15636,12263,17581,12842,11443,18464,16226,17777,16230,17613,13739,12755,17163,13348,13640,14241,15456,14502,11879,13758,10275,17018,11296,12574,15546,13512,19376,12090,16098,15311,12411,16756,14971,17394,17527,20550,18845,14463,14797,18237],num_heads:128,num_heads_kv:1,head_dim:576,head_dim_v:512,causal:0,dtype:bf16.
flash_mla:[D][296,20550]flash_mla,MLA:sparse:decode,is_fp8:1,topk:2048,batch_size:296,seqlen_q:8,seqlen_k:[19943,16440,17926,20550,20209,12901,17852,15023,15146,16466,15782,19148,17367,15724,16552,16269,19250,14884,16216,13217,10275,17091,17632,13505,20550,11675,15529,14931,19349,19186,15810,16383,13131,10323,14518,15813,18572,18500,14416,14635,12718,11763,11028,20423,14102,14286,12193,17409,11265,14865,13111,16405,14099,12378,15339,16512,15582,16189,13782,14480,13684,14488,13323,10977,15867,14379,11224,16600,13081,15545,17285,15743,18339,12239,16445,13652,13174,13924,14611,15556,12418,17726,16608,11465,19235,20282,18440,14949,12661,18120,14376,18552,15947,17920,16327,17227,15438,19999,15738,16444,20249,11949,12148,17902,12398,20405,14349,13491,20352,19215,20209,17739,13199,20318,14723,17473,17845,15013,16989,17781,16379,12587,16178,18819,13627,15027,14294,20162,17139,16458,13434,16797,13679,15493,13778,17149,16893,14876,16429,12603,11580,16540,15840,17043,20550,17838,13066,18281,12031,14226,15236,19813,13498,13288,15159,13707,18306,12637,12464,14287,14132,20368,17851,15636,12263,17581,12842,11443,18464,16226,17777,16230,17613,13739,12755,17163,13348,13640,14241,15456,14502,11879,13758,10275,17018,11296,12574,15546,13512,19376,12090,16098,15311,12411,16756,14971,17394,17527,20550,18845,14463,14797,18237,17095,17056,11258,15349,13515,16131,15159,17750,16226,17432,14213,12985,14358,15368,16386,20550,15303,12956,14523,14221,16648,11453,15574,15814,16008,13877,14800,11753,14144,14017,16480,12441,17418,19251,10275,16507,17150,13774,14391,15070,14646,14618,11106,18372,18185,13322,11644,16750,13932,15776,14591,17188,17196,13547,11858,11345,16980,12357,14109,13880,15276,10437,15896,16757,15639,14613,15662,16437,10275,20436,16414,13735,14407,16680,15113,10275,20550,15128,18032,13634,19358,16147,16976,12726,18523,17184,18756,13798,14176,20550,12688,15062,18332],num_heads:128,num_heads_kv:1,head_dim:576,head_dim_v:512,causal:0,dtype:bf16.
flash_mla:[D][1,50367]flash_mla,MLA:sparse:decode,is_fp8:1,topk:2048,batch_size:1,seqlen_q:8,seqlen_k:[50367],num_heads:128,num_heads_kv:1,head_dim:576,head_dim_v:512,causal:0,dtype:bf16.
flash_mla:[D][2,50367]flash_mla,MLA:sparse:decode,is_fp8:1,topk:2048,batch_size:2,seqlen_q:8,seqlen_k:[50367,41519],num_heads:128,num_heads_kv:1,head_dim:576,head_dim_v:512,causal:0,dtype:bf16.
flash_mla:[D][3,50367]flash_mla,MLA:sparse:decode,is_fp8:1,topk:2048,batch_size:3,seqlen_q:8,seqlen_k:[50367,41519,45273],num_heads:128,num_heads_kv:1,head_dim:576,head_dim_v:512,causal:0,dtype:bf16.
flash_mla:[D][4,51899]flash_mla,MLA:sparse:decode,is_fp8:1,topk:2048,batch_size:4,seqlen_q:8,seqlen_k:[50367,41519,45273,51899],num_heads:128,num_heads_kv:1,head_dim:576,head_dim_v:512,causal:0,dtype:bf16.
flash_mla:[D][5,51899]flash_mla,MLA:sparse:decode,is_fp8:1,topk:2048,batch_size:5,seqlen_q:8,seqlen_k:[50367,41519,45273,51899,51038],num_heads:128,num_heads_kv:1,head_dim:576,head_dim_v:512,causal:0,dtype:bf16.
flash_mla:[D][7,51899]flash_mla,MLA:sparse:decode,is_fp8:1,topk:2048,batch_size:7,seqlen_q:8,seqlen_k:[50367,41519,45273,51899,51038,32584,45087],num_heads:128,num_heads_kv:1,head_dim:576,head_dim_v:512,causal:0,dtype:bf16.
flash_mla:[D][9,51899]flash_mla,MLA:sparse:decode,is_fp8:1,topk:2048,batch_size:9,seqlen_q:8,seqlen_k:[50367,41519,45273,51899,51038,32584,45087,37942,38254],num_heads:128,num_heads_kv:1,head_dim:576,head_dim_v:512,causal:0,dtype:bf16.
flash_mla:[D][13,51899]flash_mla,MLA:sparse:decode,is_fp8:1,topk:2048,batch_size:13,seqlen_q:8,seqlen_k:[50367,41519,45273,51899,51038,32584,45087,37942,38254,41587,39858,48357,43860],num_heads:128,num_heads_kv:1,head_dim:576,head_dim_v:512,causal:0,dtype:bf16.
flash_mla:[D][17,51899]flash_mla,MLA:sparse:decode,is_fp8:1,topk:2048,batch_size:17,seqlen_q:8,seqlen_k:[50367,41519,45273,51899,51038,32584,45087,37942,38254,41587,39858,48357,43860,39713,41803,41088,48616],num_heads:128,num_heads_kv:1,head_dim:576,head_dim_v:512,causal:0,dtype:bf16.
flash_mla:[D][24,51899]flash_mla,MLA:sparse:decode,is_fp8:1,topk:2048,batch_size:24,seqlen_q:8,seqlen_k:[50367,41519,45273,51899,51038,32584,45087,37942,38254,41587,39858,48357,43860,39713,41803,41088,48616,37593,40954,33383,25949,43164,44531,34109],num_heads:128,num_heads_kv:1,head_dim:576,head_dim_v:512,causal:0,dtype:bf16.
flash_mla:[D][33,51899]flash_mla,MLA:sparse:decode,is_fp8:1,topk:2048,batch_size:33,seqlen_q:8,seqlen_k:[50367,41519,45273,51899,51038,32584,45087,37942,38254,41587,39858,48357,43860,39713,41803,41088,48616,37593,40954,33383,25949,43164,44531,34109,51899,29489,39220,37709,48867,48455,39929,41377,33164],num_heads:128,num_heads_kv:1,head_dim:576,head_dim_v:512,causal:0,dtype:bf16.
flash_mla:[D][45,51899]flash_mla,MLA:sparse:decode,is_fp8:1,topk:2048,batch_size:45,seqlen_q:8,seqlen_k:[50367,41519,45273,51899,51038,32584,45087,37942,38254,41587,39858,48357,43860,39713,41803,41088,48616,37593,40954,33383,25949,43164,44531,34109,51899,29489,39220,37709,48867,48455,39929,41377,33164,26074,36667,39938,46904,46723,36411,36962,32122,29712,27855,51578,35617],num_heads:128,num_heads_kv:1,head_dim:576,head_dim_v:512,causal:0,dtype:bf16.
flash_mla:[D][62,51899]flash_mla,MLA:sparse:decode,is_fp8:1,topk:2048,batch_size:62,seqlen_q:8,seqlen_k:[50367,41519,45273,51899,51038,32584,45087,37942,38254,41587,39858,48357,43860,39713,41803,41088,48616,37593,40954,33383,25949,43164,44531,34109,51899,29489,39220,37709,48867,48455,39929,41377,33164,26074,36667,39938,46904,46723,36411,36962,32122,29712,27855,51578,35617,36082,30797,43967,28454,37543,33115,41433,35610,31265,38741,41702,39355,40886,34809,36570,34561,36591],num_heads:128,num_heads_kv:1,head_dim:576,head_dim_v:512,causal:0,dtype:bf16.
flash_mla:[D][85,51899]flash_mla,MLA:sparse:decode,is_fp8:1,topk:2048,batch_size:85,seqlen_q:8,seqlen_k:[50367,41519,45273,51899,51038,32584,45087,37942,38254,41587,39858,48357,43860,39713,41803,41088,48616,37593,40954,33383,25949,43164,44531,34109,51899,29489,39220,37709,48867,48455,39929,41377,33164,26074,36667,39938,46904,46723,36411,36962,32122,29712,27855,51578,35617,36082,30797,43967,28454,37543,33115,41433,35610,31265,38741,41702,39355,40886,34809,36570,34561,36591,33649,27725,40074,36317,28348,41926,33038,39260,43653,39760,46315,30913,41533,34481,33275,35169,36902,39288,31365,44767,41944,28958,48578],num_heads:128,num_heads_kv:1,head_dim:576,head_dim_v:512,causal:0,dtype:bf16.
flash_mla:[D][117,51899]flash_mla,MLA:sparse:decode,is_fp8:1,topk:2048,batch_size:117,seqlen_q:8,seqlen_k:[50367,41519,45273,51899,51038,32584,45087,37942,38254,41587,39858,48357,43860,39713,41803,41088,48616,37593,40954,33383,25949,43164,44531,34109,51899,29489,39220,37709,48867,48455,39929,41377,33164,26074,36667,39938,46904,46723,36411,36962,32122,29712,27855,51578,35617,36082,30797,43967,28454,37543,33115,41433,35610,31265,38741,41702,39355,40886,34809,36570,34561,36591,33649,27725,40074,36317,28348,41926,33038,39260,43653,39760,46315,30913,41533,34481,33275,35169,36902,39288,31365,44767,41944,28958,48578,51222,46570,37756,31978,45764,36308,46854,40275,45259,41235,43507,38992,50508,39747,41531,51139,30181,30682,45212,31313,51532,36240,34075,51398,48528,51038,44801,33337,51314,37185,44129,45068],num_heads:128,num_heads_kv:1,head_dim:576,head_dim_v:512,causal:0,dtype:bf16.
flash_mla:[D][1,127206]flash_mla,MLA:sparse:decode,is_fp8:1,topk:2048,batch_size:1,seqlen_q:8,seqlen_k:[127206],num_heads:128,num_heads_kv:1,head_dim:576,head_dim_v:512,causal:0,dtype:bf16.
flash_mla:[D][2,127206]flash_mla,MLA:sparse:decode,is_fp8:1,topk:2048,batch_size:2,seqlen_q:8,seqlen_k:[127206,104860],num_heads:128,num_heads_kv:1,head_dim:576,head_dim_v:512,causal:0,dtype:bf16.
flash_mla:[D][3,127206]flash_mla,MLA:sparse:decode,is_fp8:1,topk:2048,batch_size:3,seqlen_q:8,seqlen_k:[127206,104860,114339],num_heads:128,num_heads_kv:1,head_dim:576,head_dim_v:512,causal:0,dtype:bf16.
flash_mla:[D][4,131072]flash_mla,MLA:sparse:decode,is_fp8:1,topk:2048,batch_size:4,seqlen_q:8,seqlen_k:[127206,104860,114339,131072],num_heads:128,num_heads_kv:1,head_dim:576,head_dim_v:512,causal:0,dtype:bf16.
flash_mla:[D][5,131072]flash_mla,MLA:sparse:decode,is_fp8:1,topk:2048,batch_size:5,seqlen_q:8,seqlen_k:[127206,104860,114339,131072,128902],num_heads:128,num_heads_kv:1,head_dim:576,head_dim_v:512,causal:0,dtype:bf16.
flash_mla:[D][6,131072]flash_mla,MLA:sparse:decode,is_fp8:1,topk:2048,batch_size:6,seqlen_q:8,seqlen_k:[127206,104860,114339,131072,128902,82292],num_heads:128,num_heads_kv:1,head_dim:576,head_dim_v:512,causal:0,dtype:bf16.
flash_mla:[D][8,131072]flash_mla,MLA:sparse:decode,is_fp8:1,topk:2048,batch_size:8,seqlen_q:8,seqlen_k:[127206,104860,114339,131072,128902,82292,113870,95824],num_heads:128,num_heads_kv:1,head_dim:576,head_dim_v:512,causal:0,dtype:bf16.
flash_mla:[D][10,131072]flash_mla,MLA:sparse:decode,is_fp8:1,topk:2048,batch_size:10,seqlen_q:8,seqlen_k:[127206,104860,114339,131072,128902,82292,113870,95824,96612,105031],num_heads:128,num_heads_kv:1,head_dim:576,head_dim_v:512,causal:0,dtype:bf16.
flash_mla:[D][13,131072]flash_mla,MLA:sparse:decode,is_fp8:1,topk:2048,batch_size:13,seqlen_q:8,seqlen_k:[127206,104860,114339,131072,128902,82292,113870,95824,96612,105031,100664,122130,110772],num_heads:128,num_heads_kv:1,head_dim:576,head_dim_v:512,causal:0,dtype:bf16.
flash_mla:[D][17,131072]flash_mla,MLA:sparse:decode,is_fp8:1,topk:2048,batch_size:17,seqlen_q:8,seqlen_k:[127206,104860,114339,131072,128902,82292,113870,95824,96612,105031,100664,122130,110772,100297,105576,103770,122782],num_heads:128,num_heads_kv:1,head_dim:576,head_dim_v:512,causal:0,dtype:bf16.
flash_mla:[D][21,131072]flash_mla,MLA:sparse:decode,is_fp8:1,topk:2048,batch_size:21,seqlen_q:8,seqlen_k:[127206,104860,114339,131072,128902,82292,113870,95824,96612,105031,100664,122130,110772,100297,105576,103770,122782,94942,103433,84310,65536],num_heads:128,num_heads_kv:1,head_dim:576,head_dim_v:512,causal:0,dtype:bf16.
flash_mla:[D][28,131072]flash_mla,MLA:sparse:decode,is_fp8:1,topk:2048,batch_size:28,seqlen_q:8,seqlen_k:[127206,104860,114339,131072,128902,82292,113870,95824,96612,105031,100664,122130,110772,100297,105576,103770,122782,94942,103433,84310,65536,109012,112466,86144,131072,74475,99053,95237],num_heads:128,num_heads_kv:1,head_dim:576,head_dim_v:512,causal:0,dtype:bf16.
flash_mla:[D][36,131072]flash_mla,MLA:sparse:decode,is_fp8:1,topk:2048,batch_size:36,seqlen_q:8,seqlen_k:[127206,104860,114339,131072,128902,82292,113870,95824,96612,105031,100664,122130,110772,100297,105576,103770,122782,94942,103433,84310,65536,109012,112466,86144,131072,74475,99053,95237,123417,122377,100842,104499,83758,65850,92603,100865],num_heads:128,num_heads_kv:1,head_dim:576,head_dim_v:512,causal:0,dtype:bf16.
flash_mla:[D][46,131072]flash_mla,MLA:sparse:decode,is_fp8:1,topk:2048,batch_size:46,seqlen_q:8,seqlen_k:[127206,104860,114339,131072,128902,82292,113870,95824,96612,105031,100664,122130,110772,100297,105576,103770,122782,94942,103433,84310,65536,109012,112466,86144,131072,74475,99053,95237,123417,122377,100842,104499,83758,65850,92603,100865,118461,118003,91958,93351,81124,75038,70348,130265,89953,91126],num_heads:128,num_heads_kv:1,head_dim:576,head_dim_v:512,causal:0,dtype:bf16.
flash_mla:[D][1,194]flash_mla,MLA:sparse:decode,is_fp8:1,topk:2048,batch_size:1,seqlen_q:1,seqlen_k:[194],num_heads:64,num_heads_kv:1,head_dim:576,head_dim_v:512,causal:0,dtype:bf16.
flash_mla:[D][2,194]flash_mla,MLA:sparse:decode,is_fp8:1,topk:2048,batch_size:2,seqlen_q:1,seqlen_k:[194,160],num_heads:64,num_heads_kv:1,head_dim:576,head_dim_v:512,causal:0,dtype:bf16.
flash_mla:[D][3,194]flash_mla,MLA:sparse:decode,is_fp8:1,topk:2048,batch_size:3,seqlen_q:1,seqlen_k:[194,160,174],num_heads:64,num_heads_kv:1,head_dim:576,head_dim_v:512,causal:0,dtype:bf16.
flash_mla:[D][4,200]flash_mla,MLA:sparse:decode,is_fp8:1,topk:2048,batch_size:4,seqlen_q:1,seqlen_k:[194,160,174,200],num_heads:64,num_heads_kv:1,head_dim:576,head_dim_v:512,causal:0,dtype:bf16.
flash_mla:[D][7,200]flash_mla,MLA:sparse:decode,is_fp8:1,topk:2048,batch_size:7,seqlen_q:1,seqlen_k:[194,160,174,200,196,125,173],num_heads:64,num_heads_kv:1,head_dim:576,head_dim_v:512,causal:0,dtype:bf16.
flash_mla:[D][11,200]flash_mla,MLA:sparse:decode,is_fp8:1,topk:2048,batch_size:11,seqlen_q:1,seqlen_k:[194,160,174,200,196,125,173,146,147,160,153],num_heads:64,num_heads_kv:1,head_dim:576,head_dim_v:512,causal:0,dtype:bf16.
flash_mla:[D][19,200]flash_mla,MLA:sparse:decode,is_fp8:1,topk:2048,batch_size:19,seqlen_q:1,seqlen_k:[194,160,174,200,196,125,173,146,147,160,153,186,169,153,161,158,187,144,157],num_heads:64,num_heads_kv:1,head_dim:576,head_dim_v:512,causal:0,dtype:bf16.
flash_mla:[D][30,200]flash_mla,MLA:sparse:decode,is_fp8:1,topk:2048,batch_size:30,seqlen_q:1,seqlen_k:[194,160,174,200,196,125,173,146,147,160,153,186,169,153,161,158,187,144,157,128,100,166,171,131,200,113,151,145,188,186],num_heads:64,num_heads_kv:1,head_dim:576,head_dim_v:512,causal:0,dtype:bf16.
flash_mla:[D][49,200]flash_mla,MLA:sparse:decode,is_fp8:1,topk:2048,batch_size:49,seqlen_q:1,seqlen_k:[194,160,174,200,196,125,173,146,147,160,153,186,169,153,161,158,187,144,157,128,100,166,171,131,200,113,151,145,188,186,153,159,127,100,141,153,180,180,140,142,123,114,107,198,137,139,118,169,109],num_heads:64,num_heads_kv:1,head_dim:576,head_dim_v:512,causal:0,dtype:bf16.
flash_mla:[D][80,200]flash_mla,MLA:sparse:decode,is_fp8:1,topk:2048,batch_size:80,seqlen_q:1,seqlen_k:[194,160,174,200,196,125,173,146,147,160,153,186,169,153,161,158,187,144,157,128,100,166,171,131,200,113,151,145,188,186,153,159,127,100,141,153,180,180,140,142,123,114,107,198,137,139,118,169,109,144,127,159,137,120,149,160,151,157,134,140,133,141,129,106,154,139,109,161,127,151,168,153,178,119,160,132,128,135,142,151],num_heads:64,num_heads_kv:1,head_dim:576,head_dim_v:512,causal:0,dtype:bf16.
flash_mla:[D][131,200]flash_mla,MLA:sparse:decode,is_fp8:1,topk:2048,batch_size:131,seqlen_q:1,seqlen_k:[194,160,174,200,196,125,173,146,147,160,153,186,169,153,161,158,187,144,157,128,100,166,171,131,200,113,151,145,188,186,153,159,127,100,141,153,180,180,140,142,123,114,107,198,137,139,118,169,109,144,127,159,137,120,149,160,151,157,134,140,133,141,129,106,154,139,109,161,127,151,168,153,178,119,160,132,128,135,142,151,120,172,161,111,187,197,179,145,123,176,139,180,155,174,158,167,150,194,153,160,197,116,118,174,120,198,139,131,198,187,196,172,128,197,143,170,173,146,165,173,159,122,157,183,132,146,139,196,166,160,130],num_heads:64,num_heads_kv:1,head_dim:576,head_dim_v:512,causal:0,dtype:bf16.
flash_mla:[D][213,200]flash_mla,MLA:sparse:decode,is_fp8:1,topk:2048,batch_size:213,seqlen_q:1,seqlen_k:[194,160,174,200,196,125,173,146,147,160,153,186,169,153,161,158,187,144,157,128,100,166,171,131,200,113,151,145,188,186,153,159,127,100,141,153,180,180,140,142,123,114,107,198,137,139,118,169,109,144,127,159,137,120,149,160,151,157,134,140,133,141,129,106,154,139,109,161,127,151,168,153,178,119,160,132,128,135,142,151,120,172,161,111,187,197,179,145,123,176,139,180,155,174,158,167,150,194,153,160,197,116,118,174,120,198,139,131,198,187,196,172,128,197,143,170,173,146,165,173,159,122,157,183,132,146,139,196,166,160,130,163,133,150,134,166,164,144,159,122,112,160,154,165,200,173,127,177,117,138,148,192,131,129,147,133,178,123,121,139,137,198,173,152,119,171,124,111,179,157,173,157,171,133,124,167,129,132,138,150,141,115,133,100,165,109,122,151,131,188,117,156,149,120,163,145,169,170,200,183,140,144,177,166,166,109,149,131,156,147,172,157,169],num_heads:64,num_heads_kv:1,head_dim:576,head_dim_v:512,causal:0,dtype:bf16.
flash_mla:[D][346,200]flash_mla,MLA:sparse:decode,is_fp8:1,topk:2048,batch_size:346,seqlen_q:1,seqlen_k:[194,160,174,200,196,125,173,146,147,160,153,186,169,153,161,158,187,144,157,128,100,166,171,131,200,113,151,145,188,186,153,159,127,100,141,153,180,180,140,142,123,114,107,198,137,139,118,169,109,144,127,159,137,120,149,160,151,157,134,140,133,141,129,106,154,139,109,161,127,151,168,153,178,119,160,132,128,135,142,151,120,172,161,111,187,197,179,145,123,176,139,180,155,174,158,167,150,194,153,160,197,116,118,174,120,198,139,131,198,187,196,172,128,197,143,170,173,146,165,173,159,122,157,183,132,146,139,196,166,160,130,163,133,150,134,166,164,144,159,122,112,160,154,165,200,173,127,177,117,138,148,192,131,129,147,133,178,123,121,139,137,198,173,152,119,171,124,111,179,157,173,157,171,133,124,167,129,132,138,150,141,115,133,100,165,109,122,151,131,188,117,156,149,120,163,145,169,170,200,183,140,144,177,166,166,109,149,131,156,147,172,157,169,138,126,139,149,159,200,148,126,141,138,162,111,151,153,155,135,144,114,137,136,160,121,169,187,100,160,166,134,140,146,142,142,108,178,176,129,113,163,135,153,142,167,167,131,115,110,165,120,137,135,148,101,154,163,152,142,152,159,100,198,159,133,140,162,147,100,200,147,175,132,188,157,165,123,180,167,182,134,137,200,123,146,178,152,164,140,159,117,191,147,132,166,138,116,116,167,146,146,176,121,131,140,152,148,142,148,147,132,129,156,127,121,142,146,200,132,173,168,120,169,120,100,165,106,161,132,191,176,138,132,119,138,142],num_heads:64,num_heads_kv:1,head_dim:576,head_dim_v:512,causal:0,dtype:bf16.
flash_mla:[D][563,200]flash_mla,MLA:sparse:decode,is_fp8:1,topk:2048,batch_size:563,seqlen_q:1,seqlen_k:[194,160,174,200,196,125,173,146,147,160,153,186,169,153,161,158,187,144,157,128,100,166,171,131,200,113,151,145,188,186,153,159,127,100,141,153,180,180,140,142,123,114,107,198,137,139,118,169,109,144,127,159,137,120,149,160,151,157,134,140,133,141,129,106,154,139,109,161,127,151,168,153,178,119,160,132,128,135,142,151,120,172,161,111,187,197,179,145,123,176,139,180,155,174,158,167,150,194,153,160,197,116,118,174,120,198,139,131,198,187,196,172,128,197,143,170,173,146,165,173,159,122,157,183,132,146,139,196,166,160,130,163,133,150,134,166,164,144,159,122,112,160,154,165,200,173,127,177,117,138,148,192,131,129,147,133,178,123,121,139,137,198,173,152,119,171,124,111,179,157,173,157,171,133,124,167,129,132,138,150,141,115,133,100,165,109,122,151,131,188,117,156,149,120,163,145,169,170,200,183,140,144,177,166,166,109,149,131,156,147,172,157,169,138,126,139,149,159,200,148,126,141,138,162,111,151,153,155,135,144,114,137,136,160,121,169,187,100,160,166,134,140,146,142,142,108,178,176,129,113,163,135,153,142,167,167,131,115,110,165,120,137,135,148,101,154,163,152,142,152,159,100,198,159,133,140,162,147,100,200,147,175,132,188,157,165,123,180,167,182,134,137,200,123,146,178,152,164,140,159,117,191,147,132,166,138,116,116,167,146,146,176,121,131,140,152,148,142,148,147,132,129,156,127,121,142,146,200,132,173,168,120,169,120,100,165,106,161,132,191,176,138,132,119,138,142,140,153,164,158,130,114,184,132,133,136,103,138,138,165,167,150,173,158,149,154,145,140,143,121,157,125,171,143,151,162,166,110,144,172,107,159,100,124,150,108,125,113,191,154,164,144,141,109,142,130,171,178,186,171,135,122,169,158,105,158,170,151,145,129,113,170,142,144,193,167,159,153,187,192,173,164,100,153,146,152,173,100,135,156,138,114,171,156,125,157,170,150,170,151,140,121,147,154,171,147,161,125,130,147,123,170,161,156,158,200,138,100,154,148,137,125,139,154,137,200,125,130,100,156,100,136,143,132,193,174,182,127,178,162,169,175,127,139,171,100,187,163,148,155,124,141,177,182,200,148,133,137,124,148,159,149,177,144,141,135,109,110,120,182,172,184,116,100,133,154,162,176,157,193,144,127,107,127,156,127,173,185,100,171,100,160,180,151,118,135,143,145,144,147,155,119,143,187,140,138,176,100,179,134,154,152,173,143,133,182,100,150,116,130,200,148,154],num_heads:64,num_heads_kv:1,head_dim:576,head_dim_v:512,causal:0,dtype:bf16.
flash_mla:[D][917,200]flash_mla,MLA:sparse:decode,is_fp8:1,topk:2048,batch_size:917,seqlen_q:1,seqlen_k:[194,160,174,200,196,125,173,146,147,160,153,186,169,153,161,158,187,144,157,128,100,166,171,131,200,113,151,145,188,186,153,159,127,100,141,153,180,180,140,142,123,114,107,198,137,139,118,169,109,144,127,159,137,120,149,160,151,157,134,140,133,141,129,106,154,139,109,161,127,151,168,153,178,119,160,132,128,135,142,151,120,172,161,111,187,197,179,145,123,176,139,180,155,174,158,167,150,194,153,160,197,116,118,174,120,198,139,131,198,187,196,172,128,197,143,170,173,146,165,173,159,122,157,183,132,146,139,196,166,160,130,163,133,150,134,166,164,144,159,122,112,160,154,165,200,173,127,177,117,138,148,192,131,129,147,133,178,123,121,139,137,198,173,152,119,171,124,111,179,157,173,157,171,133,124,167,129,132,138,150,141,115,133,100,165,109,122,151,131,188,117,156,149,120,163,145,169,170,200,183,140,144,177,166,166,109,149,131,156,147,172,157,169,138,126,139,149,159,200,148,126,141,138,162,111,151,153,155,135,144,114,137,136,160,121,169,187,100,160,166,134,140,146,142,142,108,178,176,129,113,163,135,153,142,167,167,131,115,110,165,120,137,135,148,101,154,163,152,142,152,159,100,198,159,133,140,162,147,100,200,147,175,132,188,157,165,123,180,167,182,134,137,200,123,146,178,152,164,140,159,117,191,147,132,166,138,116,116,167,146,146,176,121,131,140,152,148,142,148,147,132,129,156,127,121,142,146,200,132,173,168,120,169,120,100,165,106,161,132,191,176,138,132,119,138,142,140,153,164,158,130,114,184,132,133,136,103,138,138,165,167,150,173,158,149,154,145,140,143,121,157,125,171,143,151,162,166,110,144,172,107,159,100,124,150,108,125,113,191,154,164,144,141,109,142,130,171,178,186,171,135,122,169,158,105,158,170,151,145,129,113,170,142,144,193,167,159,153,187,192,173,164,100,153,146,152,173,100,135,156,138,114,171,156,125,157,170,150,170,151,140,121,147,154,171,147,161,125,130,147,123,170,161,156,158,200,138,100,154,148,137,125,139,154,137,200,125,130,100,156,100,136,143,132,193,174,182,127,178,162,169,175,127,139,171,100,187,163,148,155,124,141,177,182,200,148,133,137,124,148,159,149,177,144,141,135,109,110,120,182,172,184,116,100,133,154,162,176,157,193,144,127,107,127,156,127,173,185,100,171,100,160,180,151,118,135,143,145,144,147,155,119,143,187,140,138,176,100,179,134,154,152,173,143,133,182,100,150,116,130,200,148,154,105,131,154,158,165,150,163,161,104,150,169,164,140,129,122,146,178,101,133,121,169,136,138,144,161,140,100,163,160,144,122,158,159,138,144,126,145,111,160,126,155,114,135,147,108,152,140,106,117,165,172,146,160,155,158,182,112,166,140,144,142,140,119,154,191,148,149,132,147,161,140,138,160,127,156,170,183,147,184,175,125,119,142,175,148,134,188,157,100,157,163,155,161,148,117,140,126,126,118,161,152,138,133,149,176,100,159,136,102,101,127,155,159,126,175,185,159,135,178,168,171,133,100,200,109,149,200,158,173,112,105,136,177,141,130,154,177,113,119,130,177,155,200,173,149,181,155,132,166,132,142,183,147,129,138,175,136,140,137,154,140,109,127,126,181,170,164,137,129,137,123,200,100,164,117,147,125,120,121,193,146,130,163,150,168,104,157,169,108,161,192,149,170,166,132,150,110,138,156,168,150,167,122,147,150,196,144,137,150,127,154,140,105,148,142,109,148,187,163,165,116,161,153,163,160,116,148,131,148,127,182,128,127,151,123,139,129,185,169,148,140,173,160,162,149,107,147,136,166,175,133,161,193,133,192,128,150,149,150,129,135,133,158,158,200,184,137,158,174,150,148,151,171,128,141,161,157,155,140,174,200,160,145,168,136,131,150,100,121,141,116,124,139,108,139,136,150,178,154,150,152,155,124,147,157,115,171,177,134,143,128,167,123,144,128,151,105,183,125,151,144,130,127,173,136,156,129,133,161,173,145,114,199,128,111,200,139,113,132,159,154,128,195,136,120,174,183,129,114,175,100,119,174,148],num_heads:64,num_heads_kv:1,head_dim:576,head_dim_v:512,causal:0,dtype:bf16.
flash_mla:[D][1492,200]flash_mla,MLA:sparse:decode,is_fp8:1,topk:2048,batch_size:1492,seqlen_q:1,seqlen_k:[194,160,174,200,196,125,173,146,147,160,153,186,169,153,161,158,187,144,157,128,100,166,171,131,200,113,151,145,188,186,153,159,127,100,141,153,180,180,140,142,123,114,107,198,137,139,118,169,109,144,127,159,137,120,149,160,151,157,134,140,133,141,129,106,154,139,109,161,127,151,168,153,178,119,160,132,128,135,142,151,120,172,161,111,187,197,179,145,123,176,139,180,155,174,158,167,150,194,153,160,197,116,118,174,120,198,139,131,198,187,196,172,128,197,143,170,173,146,165,173,159,122,157,183,132,146,139,196,166,160,130,163,133,150,134,166,164,144,159,122,112,160,154,165,200,173,127,177,117,138,148,192,131,129,147,133,178,123,121,139,137,198,173,152,119,171,124,111,179,157,173,157,171,133,124,167,129,132,138,150,141,115,133,100,165,109,122,151,131,188,117,156,149,120,163,145,169,170,200,183,140,144,177,166,166,109,149,131,156,147,172,157,169,138,126,139,149,159,200,148,126,141,138,162,111,151,153,155,135,144,114,137,136,160,121,169,187,100,160,166,134,140,146,142,142,108,178,176,129,113,163,135,153,142,167,167,131,115,110,165,120,137,135,148,101,154,163,152,142,152,159,100,198,159,133,140,162,147,100,200,147,175,132,188,157,165,123,180,167,182,134,137,200,123,146,178,152,164,140,159,117,191,147,132,166,138,116,116,167,146,146,176,121,131,140,152,148,142,148,147,132,129,156,127,121,142,146,200,132,173,168,120,169,120,100,165,106,161,132,191,176,138,132,119,138,142,140,153,164,158,130,114,184,132,133,136,103,138,138,165,167,150,173,158,149,154,145,140,143,121,157,125,171,143,151,162,166,110,144,172,107,159,100,124,150,108,125,113,191,154,164,144,141,109,142,130,171,178,186,171,135,122,169,158,105,158,170,151,145,129,113,170,142,144,193,167,159,153,187,192,173,164,100,153,146,152,173,100,135,156,138,114,171,156,125,157,170,150,170,151,140,121,147,154,171,147,161,125,130,147,123,170,161,156,158,200,138,100,154,148,137,125,139,154,137,200,125,130,100,156,100,136,143,132,193,174,182,127,178,162,169,175,127,139,171,100,187,163,148,155,124,141,177,182,200,148,133,137,124,148,159,149,177,144,141,135,109,110,120,182,172,184,116,100,133,154,162,176,157,193,144,127,107,127,156,127,173,185,100,171,100,160,180,151,118,135,143,145,144,147,155,119,143,187,140,138,176,100,179,134,154,152,173,143,133,182,100,150,116,130,200,148,154,105,131,154,158,165,150,163,161,104,150,169,164,140,129,122,146,178,101,133,121,169,136,138,144,161,140,100,163,160,144,122,158,159,138,144,126,145,111,160,126,155,114,135,147,108,152,140,106,117,165,172,146,160,155,158,182,112,166,140,144,142,140,119,154,191,148,149,132,147,161,140,138,160,127,156,170,183,147,184,175,125,119,142,175,148,134,188,157,100,157,163,155,161,148,117,140,126,126,118,161,152,138,133,149,176,100,159,136,102,101,127,155,159,126,175,185,159,135,178,168,171,133,100,200,109,149,200,158,173,112,105,136,177,141,130,154,177,113,119,130,177,155,200,173,149,181,155,132,166,132,142,183,147,129,138,175,136,140,137,154,140,109,127,126,181,170,164,137,129,137,123,200,100,164,117,147,125,120,121,193,146,130,163,150,168,104,157,169,108,161,192,149,170,166,132,150,110,138,156,168,150,167,122,147,150,196,144,137,150,127,154,140,105,148,142,109,148,187,163,165,116,161,153,163,160,116,148,131,148,127,182,128,127,151,123,139,129,185,169,148,140,173,160,162,149,107,147,136,166,175,133,161,193,133,192,128,150,149,150,129,135,133,158,158,200,184,137,158,174,150,148,151,171,128,141,161,157,155,140,174,200,160,145,168,136,131,150,100,121,141,116,124,139,108,139,136,150,178,154,150,152,155,124,147,157,115,171,177,134,143,128,167,123,144,128,151,105,183,125,151,144,130,127,173,136,156,129,133,161,173,145,114,199,128,111,200,139,113,132,159,154,128,195,136,120,174,183,129,114,175,100,119,174,148,143,158,146,117,181,183,155,151,200,143,143,159,186,189,143,157,115,142,128,124,192,130,136,159,182,162,200,148,156,156,185,162,147,126,156,185,139,163,156,171,129,200,118,140,173,157,170,137,148,150,189,167,169,133,174,155,184,200,142,139,128,146,140,158,146,140,176,126,160,139,168,184,142,161,154,130,156,157,160,145,152,121,141,163,172,139,152,155,155,163,104,148,155,124,191,154,189,130,127,155,108,155,152,175,167,139,122,192,130,123,122,177,137,131,153,144,133,168,176,174,169,160,105,191,157,165,177,185,160,160,135,150,128,132,127,146,176,200,154,116,181,142,133,155,118,155,147,152,159,151,150,157,160,124,114,148,114,152,173,165,123,128,158,139,142,164,125,139,129,123,128,166,151,128,144,109,131,200,147,168,148,158,166,122,149,189,130,135,142,156,163,181,162,148,181,167,112,200,194,145,159,183,145,168,177,124,134,173,161,173,146,142,100,121,151,170,163,146,143,155,151,185,153,112,118,187,120,169,143,145,146,180,145,149,111,155,163,155,184,151,157,191,111,138,185,173,166,170,158,190,159,155,153,154,121,169,146,195,148,160,156,134,174,197,149,142,141,102,145,156,176,174,139,143,178,145,137,184,175,150,135,100,164,127,100,189,166,121,119,171,128,182,165,163,160,154,172,138,152,168,164,120,137,156,139,194,140,145,169,158,146,131,157,175,161,130,193,113,110,174,155,136,122,200,152,163,157,160,163,168,140,142,106,130,156,176,164,141,118,100,178,135,138,153,114,141,200,162,158,110,200,114,198,100,185,190,129,160,163,129,113,117,163,147,135,174,162,131,119,163,136,152,189,162,128,154,126,190,135,155,157,153,101,113,138,157,146,126,116,139,138,162,141,165,135,143,141,130,165,129,136,148,117,141,132,140,148,130,144,182,149,178,158,169,130,152,153,134,129,112,187,125,183,138,128,165,134,164,141,162,125,170,162,127,200,163,200,190,145,139,139,104,132,156,188,130,172,118,135,138,159,161,174,169,156,159,189,137,169,104,160,137,150,176,154,172,186,159,179,141,149,136,176,160,137,153,176,149,126,153,100,169,139,138,171,115,198,137,136,175,167,200,144,146,113,141,131,138,106,191,114,100,120,134,121,177,146,150,165,157,174,122,136,166,100,115,162,137,173,170,120,160,180,153,125,171,165,163,167,100,172,195,160,154,167,158,166,150,130,124,125,115,123,194,168,134,140,152,133,151,169,149,158,172,143,157,142,149,141,136,154,164,153,162,131,119,160,167,151,183,172,200,144,125,131],num_heads:64,num_heads_kv:1,head_dim:576,head_dim_v:512,causal:0,dtype:bf16.
flash_mla:[D][1,489]flash_mla,MLA:sparse:decode,is_fp8:1,topk:2048,batch_size:1,seqlen_q:1,seqlen_k:[489],num_heads:64,num_heads_kv:1,head_dim:576,head_dim_v:512,causal:0,dtype:bf16.
flash_mla:[D][2,489]flash_mla,MLA:sparse:decode,is_fp8:1,topk:2048,batch_size:2,seqlen_q:1,seqlen_k:[489,403],num_heads:64,num_heads_kv:1,head_dim:576,head_dim_v:512,causal:0,dtype:bf16.
flash_mla:[D][3,489]flash_mla,MLA:sparse:decode,is_fp8:1,topk:2048,batch_size:3,seqlen_q:1,seqlen_k:[489,403,439],num_heads:64,num_heads_kv:1,head_dim:576,head_dim_v:512,causal:0,dtype:bf16.
flash_mla:[D][4,505]flash_mla,MLA:sparse:decode,is_fp8:1,topk:2048,batch_size:4,seqlen_q:1,seqlen_k:[489,403,439,505],num_heads:64,num_heads_kv:1,head_dim:576,head_dim_v:512,causal:0,dtype:bf16.
flash_mla:[D][7,505]flash_mla,MLA:sparse:decode,is_fp8:1,topk:2048,batch_size:7,seqlen_q:1,seqlen_k:[489,403,439,505,495,316,437],num_heads:64,num_heads_kv:1,head_dim:576,head_dim_v:512,causal:0,dtype:bf16.
flash_mla:[D][11,505]flash_mla,MLA:sparse:decode,is_fp8:1,topk:2048,batch_size:11,seqlen_q:1,seqlen_k:[489,403,439,505,495,316,437,368,371,403,387],num_heads:64,num_heads_kv:1,head_dim:576,head_dim_v:512,causal:0,dtype:bf16.
flash_mla:[D][19,505]flash_mla,MLA:sparse:decode,is_fp8:1,topk:2048,batch_size:19,seqlen_q:1,seqlen_k:[489,403,439,505,495,316,437,368,371,403,387,469,425,385,405,399,472,365,397],num_heads:64,num_heads_kv:1,head_dim:576,head_dim_v:512,causal:0,dtype:bf16.
flash_mla:[D][30,505]flash_mla,MLA:sparse:decode,is_fp8:1,topk:2048,batch_size:30,seqlen_q:1,seqlen_k:[489,403,439,505,495,316,437,368,371,403,387,469,425,385,405,399,472,365,397,324,252,419,432,331,505,286,380,366,474,470],num_heads:64,num_heads_kv:1,head_dim:576,head_dim_v:512,causal:0,dtype:bf16.
flash_mla:[D][49,505]flash_mla,MLA:sparse:decode,is_fp8:1,topk:2048,batch_size:49,seqlen_q:1,seqlen_k:[489,403,439,505,495,316,437,368,371,403,387,469,425,385,405,399,472,365,397,324,252,419,432,331,505,286,380,366,474,470,387,401,322,253,356,387,455,453,353,358,311,288,270,500,345,350,299,426,276],num_heads:64,num_heads_kv:1,head_dim:576,head_dim_v:512,causal:0,dtype:bf16.
flash_mla:[D][80,505]flash_mla,MLA:sparse:decode,is_fp8:1,topk:2048,batch_size:80,seqlen_q:1,seqlen_k:[489,403,439,505,495,316,437,368,371,403,387,469,425,385,405,399,472,365,397,324,252,419,432,331,505,286,380,366,474,470,387,401,322,253,356,387,455,453,353,358,311,288,270,500,345,350,299,426,276,364,321,402,345,303,376,404,382,397,338,355,335,355,326,269,389,352,275,407,320,381,423,386,449,300,403,334,323,341,358,381],num_heads:64,num_heads_kv:1,head_dim:576,head_dim_v:512,causal:0,dtype:bf16.
flash_mla:[D][131,505]flash_mla,MLA:sparse:decode,is_fp8:1,topk:2048,batch_size:131,seqlen_q:1,seqlen_k:[489,403,439,505,495,316,437,368,371,403,387,469,425,385,405,399,472,365,397,324,252,419,432,331,505,286,380,366,474,470,387,401,322,253,356,387,455,453,353,358,311,288,270,500,345,350,299,426,276,364,321,402,345,303,376,404,382,397,338,355,335,355,326,269,389,352,275,407,320,381,423,386,449,300,403,334,323,341,358,381,304,434,407,281,471,497,452,366,310,444,352,455,391,439,400,422,378,490,385,403,496,293,297,439,304,500,351,330,499,471,495,435,323,498,361,428,437,368,416,436,401,308,396,461,334,368,350,494,420,403,329],num_heads:64,num_heads_kv:1,head_dim:576,head_dim_v:512,causal:0,dtype:bf16.
flash_mla:[D][213,505]flash_mla,MLA:sparse:decode,is_fp8:1,topk:2048,batch_size:213,seqlen_q:1,seqlen_k:[489,403,439,505,495,316,437,368,371,403,387,469,425,385,405,399,472,365,397,324,252,419,432,331,505,286,380,366,474,470,387,401,322,253,356,387,455,453,353,358,311,288,270,500,345,350,299,426,276,364,321,402,345,303,376,404,382,397,338,355,335,355,326,269,389,352,275,407,320,381,423,386,449,300,403,334,323,341,358,381,304,434,407,281,471,497,452,366,310,444,352,455,391,439,400,422,378,490,385,403,496,293,297,439,304,500,351,330,499,471,495,435,323,498,361,428,437,368,416,436,401,308,396,461,334,368,350,494,420,403,329,411,335,380,337,420,414,364,402,309,284,405,388,418,505,437,320,448,295,348,373,485,331,325,371,336,448,309,305,350,346,499,437,383,300,431,314,280,452,397,436,398,431,336,312,420,327,334,349,379,355,291,337,252,417,277,308,381,331,475,296,394,375,304,410,367,426,429,505,462,354,362,447,419,418,276,376,331,395,371,435,397,427],num_heads:64,num_heads_kv:1,head_dim:576,head_dim_v:512,causal:0,dtype:bf16.
flash_mla:[D][346,505]flash_mla,MLA:sparse:decode,is_fp8:1,topk:2048,batch_size:346,seqlen_q:1,seqlen_k:[489,403,439,505,495,316,437,368,371,403,387,469,425,385,405,399,472,365,397,324,252,419,432,331,505,286,380,366,474,470,387,401,322,253,356,387,455,453,353,358,311,288,270,500,345,350,299,426,276,364,321,402,345,303,376,404,382,397,338,355,335,355,326,269,389,352,275,407,320,381,423,386,449,300,403,334,323,341,358,381,304,434,407,281,471,497,452,366,310,444,352,455,391,439,400,422,378,490,385,403,496,293,297,439,304,500,351,330,499,471,495,435,323,498,361,428,437,368,416,436,401,308,396,461,334,368,350,494,420,403,329,411,335,380,337,420,414,364,402,309,284,405,388,418,505,437,320,448,295,348,373,485,331,325,371,336,448,309,305,350,346,499,437,383,300,431,314,280,452,397,436,398,431,336,312,420,327,334,349,379,355,291,337,252,417,277,308,381,331,475,296,394,375,304,410,367,426,429,505,462,354,362,447,419,418,276,376,331,395,371,435,397,427,348,318,352,376,401,505,375,317,356,348,408,280,381,387,392,340,363,288,346,343,404,305,427,472,252,404,420,337,352,369,359,358,272,450,446,326,285,410,341,386,357,421,421,332,290,278,416,303,346,340,374,256,389,411,383,358,384,403,252,501,402,336,353,409,370,252,505,371,442,334,474,396,416,312,454,421,460,338,347,505,311,369,449,384,414,352,401,295,482,370,335,419,348,293,293,421,367,369,445,307,331,353,383,375,359,374,371,332,326,395,321,305,358,368,505,333,437,425,303,426,303,252,416,267,406,334,482,445,349,334,301,350,360],num_heads:64,num_heads_kv:1,head_dim:576,head_dim_v:512,causal:0,dtype:bf16.
flash_mla:[D][563,505]flash_mla,MLA:sparse:decode,is_fp8:1,topk:2048,batch_size:563,seqlen_q:1,seqlen_k:[489,403,439,505,495,316,437,368,371,403,387,469,425,385,405,399,472,365,397,324,252,419,432,331,505,286,380,366,474,470,387,401,322,253,356,387,455,453,353,358,311,288,270,500,345,350,299,426,276,364,321,402,345,303,376,404,382,397,338,355,335,355,326,269,389,352,275,407,320,381,423,386,449,300,403,334,323,341,358,381,304,434,407,281,471,497,452,366,310,444,352,455,391,439,400,422,378,490,385,403,496,293,297,439,304,500,351,330,499,471,495,435,323,498,361,428,437,368,416,436,401,308,396,461,334,368,350,494,420,403,329,411,335,380,337,420,414,364,402,309,284,405,388,418,505,437,320,448,295,348,373,485,331,325,371,336,448,309,305,350,346,499,437,383,300,431,314,280,452,397,436,398,431,336,312,420,327,334,349,379,355,291,337,252,417,277,308,381,331,475,296,394,375,304,410,367,426,429,505,462,354,362,447,419,418,276,376,331,395,371,435,397,427,348,318,352,376,401,505,375,317,356,348,408,280,381,387,392,340,363,288,346,343,404,305,427,472,252,404,420,337,352,369,359,358,272,450,446,326,285,410,341,386,357,421,421,332,290,278,416,303,346,340,374,256,389,411,383,358,384,403,252,501,402,336,353,409,370,252,505,371,442,334,474,396,416,312,454,421,460,338,347,505,311,369,449,384,414,352,401,295,482,370,335,419,348,293,293,421,367,369,445,307,331,353,383,375,359,374,371,332,326,395,321,305,358,368,505,333,437,425,303,426,303,252,416,267,406,334,482,445,349,334,301,350,360,355,387,414,400,329,287,463,334,336,345,261,347,347,417,422,378,436,399,377,388,365,353,361,306,395,315,431,362,381,409,418,279,364,433,271,402,252,313,380,273,315,285,481,388,413,363,355,276,359,330,432,449,470,431,340,307,426,400,266,400,429,381,366,327,286,428,358,363,487,421,401,386,473,486,436,414,252,385,369,383,437,252,342,395,348,288,432,395,316,397,429,378,428,382,353,304,372,390,433,370,406,317,328,371,311,429,407,395,399,505,348,252,390,374,345,316,350,389,346,505,317,328,252,393,252,344,360,333,487,440,461,322,449,409,426,442,320,351,432,252,473,412,375,391,313,355,447,459,505,373,336,345,313,373,402,375,447,363,356,341,275,279,303,459,434,464,294,253,336,389,409,444,395,487,363,320,272,321,393,322,437,466,252,432,252,403,455,382,297,341,361,366,365,371,391,301,362,473,353,350,445,252,452,338,388,384,437,361,335,459,252,379,293,330,504,375,390],num_heads:64,num_heads_kv:1,head_dim:576,head_dim_v:512,causal:0,dtype:bf16.
flash_mla:[D][917,505]flash_mla,MLA:sparse:decode,is_fp8:1,topk:2048,batch_size:917,seqlen_q:1,seqlen_k:[489,403,439,505,495,316,437,368,371,403,387,469,425,385,405,399,472,365,397,324,252,419,432,331,505,286,380,366,474,470,387,401,322,253,356,387,455,453,353,358,311,288,270,500,345,350,299,426,276,364,321,402,345,303,376,404,382,397,338,355,335,355,326,269,389,352,275,407,320,381,423,386,449,300,403,334,323,341,358,381,304,434,407,281,471,497,452,366,310,444,352,455,391,439,400,422,378,490,385,403,496,293,297,439,304,500,351,330,499,471,495,435,323,498,361,428,437,368,416,436,401,308,396,461,334,368,350,494,420,403,329,411,335,380,337,420,414,364,402,309,284,405,388,418,505,437,320,448,295,348,373,485,331,325,371,336,448,309,305,350,346,499,437,383,300,431,314,280,452,397,436,398,431,336,312,420,327,334,349,379,355,291,337,252,417,277,308,381,331,475,296,394,375,304,410,367,426,429,505,462,354,362,447,419,418,276,376,331,395,371,435,397,427,348,318,352,376,401,505,375,317,356,348,408,280,381,387,392,340,363,288,346,343,404,305,427,472,252,404,420,337,352,369,359,358,272,450,446,326,285,410,341,386,357,421,421,332,290,278,416,303,346,340,374,256,389,411,383,358,384,403,252,501,402,336,353,409,370,252,505,371,442,334,474,396,416,312,454,421,460,338,347,505,311,369,449,384,414,352,401,295,482,370,335,419,348,293,293,421,367,369,445,307,331,353,383,375,359,374,371,332,326,395,321,305,358,368,505,333,437,425,303,426,303,252,416,267,406,334,482,445,349,334,301,350,360,355,387,414,400,329,287,463,334,336,345,261,347,347,417,422,378,436,399,377,388,365,353,361,306,395,315,431,362,381,409,418,279,364,433,271,402,252,313,380,273,315,285,481,388,413,363,355,276,359,330,432,449,470,431,340,307,426,400,266,400,429,381,366,327,286,428,358,363,487,421,401,386,473,486,436,414,252,385,369,383,437,252,342,395,348,288,432,395,316,397,429,378,428,382,353,304,372,390,433,370,406,317,328,371,311,429,407,395,399,505,348,252,390,374,345,316,350,389,346,505,317,328,252,393,252,344,360,333,487,440,461,322,449,409,426,442,320,351,432,252,473,412,375,391,313,355,447,459,505,373,336,345,313,373,402,375,447,363,356,341,275,279,303,459,434,464,294,253,336,389,409,444,395,487,363,320,272,321,393,322,437,466,252,432,252,403,455,382,297,341,361,366,365,371,391,301,362,473,353,350,445,252,452,338,388,384,437,361,335,459,252,379,293,330,504,375,390,265,332,390,400,416,378,411,406,262,380,426,415,355,327,307,369,449,255,336,306,427,343,348,364,406,353,252,412,405,364,309,400,401,348,364,319,366,280,404,318,393,289,340,371,273,385,354,268,295,416,434,369,403,392,398,459,283,420,353,363,358,354,300,389,483,374,377,334,370,407,354,349,403,320,393,429,463,372,464,443,315,301,358,442,373,340,475,396,252,397,410,392,406,373,294,354,318,319,298,406,384,349,337,376,445,252,401,343,259,255,320,391,402,318,442,467,402,340,448,425,432,336,252,505,276,375,505,398,437,283,266,344,446,356,327,390,446,286,301,328,446,392,505,436,375,457,391,333,420,334,359,461,371,327,348,442,343,353,345,389,353,277,322,319,456,429,414,346,326,346,311,505,252,413,297,371,315,303,306,488,369,329,413,378,423,263,397,426,273,406,484,377,429,420,333,380,279,349,394,423,379,423,308,371,379,494,364,346,379,320,390,355,265,374,357,275,373,471,410,416,293,408,387,411,404,292,375,330,374,321,460,323,321,382,310,351,325,466,427,374,353,437,403,409,376,271,370,344,418,441,336,407,487,335,483,324,379,377,378,325,340,335,398,398,505,464,345,398,440,379,373,381,432,324,357,407,397,393,354,439,505,403,365,425,344,330,380,252,305,356,292,312,350,274,352,344,379,450,388,379,384,392,313,370,397,291,432,446,338,362,322,422,311,363,323,381,264,461,317,381,364,329,322,436,344,395,327,337,407,436,366,288,503,324,280,505,352,285,334,401,389,324,492,345,303,438,461,326,289,442,252,300,438,374],num_heads:64,num_heads_kv:1,head_dim:576,head_dim_v:512,causal:0,dtype:bf16.
flash_mla:[D][1492,505]flash_mla,MLA:sparse:decode,is_fp8:1,topk:2048,batch_size:1492,seqlen_q:1,seqlen_k:[489,403,439,505,495,316,437,368,371,403,387,469,425,385,405,399,472,365,397,324,252,419,432,331,505,286,380,366,474,470,387,401,322,253,356,387,455,453,353,358,311,288,270,500,345,350,299,426,276,364,321,402,345,303,376,404,382,397,338,355,335,355,326,269,389,352,275,407,320,381,423,386,449,300,403,334,323,341,358,381,304,434,407,281,471,497,452,366,310,444,352,455,391,439,400,422,378,490,385,403,496,293,297,439,304,500,351,330,499,471,495,435,323,498,361,428,437,368,416,436,401,308,396,461,334,368,350,494,420,403,329,411,335,380,337,420,414,364,402,309,284,405,388,418,505,437,320,448,295,348,373,485,331,325,371,336,448,309,305,350,346,499,437,383,300,431,314,280,452,397,436,398,431,336,312,420,327,334,349,379,355,291,337,252,417,277,308,381,331,475,296,394,375,304,410,367,426,429,505,462,354,362,447,419,418,276,376,331,395,371,435,397,427,348,318,352,376,401,505,375,317,356,348,408,280,381,387,392,340,363,288,346,343,404,305,427,472,252,404,420,337,352,369,359,358,272,450,446,326,285,410,341,386,357,421,421,332,290,278,416,303,346,340,374,256,389,411,383,358,384,403,252,501,402,336,353,409,370,252,505,371,442,334,474,396,416,312,454,421,460,338,347,505,311,369,449,384,414,352,401,295,482,370,335,419,348,293,293,421,367,369,445,307,331,353,383,375,359,374,371,332,326,395,321,305,358,368,505,333,437,425,303,426,303,252,416,267,406,334,482,445,349,334,301,350,360,355,387,414,400,329,287,463,334,336,345,261,347,347,417,422,378,436,399,377,388,365,353,361,306,395,315,431,362,381,409,418,279,364,433,271,402,252,313,380,273,315,285,481,388,413,363,355,276,359,330,432,449,470,431,340,307,426,400,266,400,429,381,366,327,286,428,358,363,487,421,401,386,473,486,436,414,252,385,369,383,437,252,342,395,348,288,432,395,316,397,429,378,428,382,353,304,372,390,433,370,406,317,328,371,311,429,407,395,399,505,348,252,390,374,345,316,350,389,346,505,317,328,252,393,252,344,360,333,487,440,461,322,449,409,426,442,320,351,432,252,473,412,375,391,313,355,447,459,505,373,336,345,313,373,402,375,447,363,356,341,275,279,303,459,434,464,294,253,336,389,409,444,395,487,363,320,272,321,393,322,437,466,252,432,252,403,455,382,297,341,361,366,365,371,391,301,362,473,353,350,445,252,452,338,388,384,437,361,335,459,252,379,293,330,504,375,390,265,332,390,400,416,378,411,406,262,380,426,415,355,327,307,369,449,255,336,306,427,343,348,364,406,353,252,412,405,364,309,400,401,348,364,319,366,280,404,318,393,289,340,371,273,385,354,268,295,416,434,369,403,392,398,459,283,420,353,363,358,354,300,389,483,374,377,334,370,407,354,349,403,320,393,429,463,372,464,443,315,301,358,442,373,340,475,396,252,397,410,392,406,373,294,354,318,319,298,406,384,349,337,376,445,252,401,343,259,255,320,391,402,318,442,467,402,340,448,425,432,336,252,505,276,375,505,398,437,283,266,344,446,356,327,390,446,286,301,328,446,392,505,436,375,457,391,333,420,334,359,461,371,327,348,442,343,353,345,389,353,277,322,319,456,429,414,346,326,346,311,505,252,413,297,371,315,303,306,488,369,329,413,378,423,263,397,426,273,406,484,377,429,420,333,380,279,349,394,423,379,423,308,371,379,494,364,346,379,320,390,355,265,374,357,275,373,471,410,416,293,408,387,411,404,292,375,330,374,321,460,323,321,382,310,351,325,466,427,374,353,437,403,409,376,271,370,344,418,441,336,407,487,335,483,324,379,377,378,325,340,335,398,398,505,464,345,398,440,379,373,381,432,324,357,407,397,393,354,439,505,403,365,425,344,330,380,252,305,356,292,312,350,274,352,344,379,450,388,379,384,392,313,370,397,291,432,446,338,362,322,422,311,363,323,381,264,461,317,381,364,329,322,436,344,395,327,337,407,436,366,288,503,324,280,505,352,285,334,401,389,324,492,345,303,438,461,326,289,442,252,300,438,374,361,400,368,296,458,461,390,380,505,360,361,400,470,478,361,397,291,358,325,314,483,328,344,401,459,408,505,373,394,395,468,409,370,318,393,466,352,411,393,432,327,505,297,354,437,396,430,346,373,378,476,421,428,336,439,392,465,504,358,352,323,368,353,400,368,355,445,318,405,352,423,465,358,405,389,327,393,396,404,365,383,305,355,413,434,351,384,392,390,412,263,374,393,314,483,388,476,328,320,392,272,391,384,441,422,351,308,485,328,312,309,448,345,330,386,364,335,425,445,440,426,403,266,483,397,416,448,468,404,405,340,380,324,332,321,368,444,505,389,293,457,359,336,391,299,392,372,384,402,382,379,395,404,313,287,374,287,383,437,416,311,323,398,352,358,415,315,352,327,312,324,420,381,322,363,274,331,505,372,424,373,399,419,308,376,477,327,342,358,394,411,457,409,374,457,422,283,505,489,367,401,461,367,424,447,314,340,436,407,436,369,359,252,305,380,429,411,369,360,391,382,466,387,284,297,473,304,426,361,367,369,454,365,375,281,391,411,393,466,381,396,481,280,349,467,436,420,430,398,480,401,393,388,390,305,426,369,492,373,404,393,338,440,498,377,359,355,258,366,393,444,438,351,360,448,367,345,465,443,379,340,252,415,321,254,477,418,306,301,432,322,459,416,411,403,390,433,349,383,425,413,302,346,393,352,489,353,367,426,398,368,330,396,443,408,328,487,286,278,438,392,343,308,505,385,411,398,405,412,424,354,359,268,328,395,443,415,356,298,252,450,340,349,386,289,355,505,409,400,278,505,288,499,252,466,479,326,404,412,326,286,294,412,372,342,438,410,330,302,410,344,384,477,409,323,388,317,479,342,391,397,388,254,286,349,398,369,317,293,352,348,410,357,415,340,361,356,328,417,326,345,373,296,357,333,353,374,327,364,460,376,450,399,426,329,384,386,339,326,284,472,316,462,348,323,417,338,413,357,408,317,430,408,320,505,412,505,478,366,352,352,262,334,393,474,329,433,299,341,349,401,406,438,426,393,402,478,345,426,264,403,347,378,443,388,433,470,402,451,357,377,345,443,404,346,387,443,375,318,386,253,426,351,348,433,291,500,347,345,442,422,505,364,370,284,357,332,349,268,482,288,252,303,339,305,447,369,379,416,396,439,308,343,419,252,291,409,347,436,428,302,403,453,387,316,433,418,412,423,252,433,491,405,390,421,399,419,378,329,314,315,291,310,488,425,338,353,385,336,382,426,375,399,433,360,395,358,376,357,344,388,413,387,409,331,302,404,421,381,462,435,505,365,315,331],num_heads:64,num_heads_kv:1,head_dim:576,head_dim_v:512,causal:0,dtype:bf16.
flash_mla:[D][1,1237]flash_mla,MLA:sparse:decode,is_fp8:1,topk:2048,batch_size:1,seqlen_q:1,seqlen_k:[1237],num_heads:64,num_heads_kv:1,head_dim:576,head_dim_v:512,causal:0,dtype:bf16.
flash_mla:[D][2,1237]flash_mla,MLA:sparse:decode,is_fp8:1,topk:2048,batch_size:2,seqlen_q:1,seqlen_k:[1237,1020],num_heads:64,num_heads_kv:1,head_dim:576,head_dim_v:512,causal:0,dtype:bf16.
flash_mla:[D][3,1237]flash_mla,MLA:sparse:decode,is_fp8:1,topk:2048,batch_size:3,seqlen_q:1,seqlen_k:[1237,1020,1112],num_heads:64,num_heads_kv:1,head_dim:576,head_dim_v:512,causal:0,dtype:bf16.
flash_mla:[D][4,1276]flash_mla,MLA:sparse:decode,is_fp8:1,topk:2048,batch_size:4,seqlen_q:1,seqlen_k:[1237,1020,1112,1276],num_heads:64,num_heads_kv:1,head_dim:576,head_dim_v:512,causal:0,dtype:bf16.
flash_mla:[D][7,1276]flash_mla,MLA:sparse:decode,is_fp8:1,topk:2048,batch_size:7,seqlen_q:1,seqlen_k:[1237,1020,1112,1276,1253,801,1108],num_heads:64,num_heads_kv:1,head_dim:576,head_dim_v:512,causal:0,dtype:bf16.
flash_mla:[D][11,1276]flash_mla,MLA:sparse:decode,is_fp8:1,topk:2048,batch_size:11,seqlen_q:1,seqlen_k:[1237,1020,1112,1276,1253,801,1108,932,940,1022,979],num_heads:64,num_heads_kv:1,head_dim:576,head_dim_v:512,causal:0,dtype:bf16.
flash_mla:[D][19,1276]flash_mla,MLA:sparse:decode,is_fp8:1,topk:2048,batch_size:19,seqlen_q:1,seqlen_k:[1237,1020,1112,1276,1253,801,1108,932,940,1022,979,1188,1078,976,1027,1010,1194,924,1006],num_heads:64,num_heads_kv:1,head_dim:576,head_dim_v:512,causal:0,dtype:bf16.
flash_mla:[D][30,1276]flash_mla,MLA:sparse:decode,is_fp8:1,topk:2048,batch_size:30,seqlen_q:1,seqlen_k:[1237,1020,1112,1276,1253,801,1108,932,940,1022,979,1188,1078,976,1027,1010,1194,924,1006,821,638,1060,1094,838,1276,725,964,927,1200,1190],num_heads:64,num_heads_kv:1,head_dim:576,head_dim_v:512,causal:0,dtype:bf16.
flash_mla:[D][49,1276]flash_mla,MLA:sparse:decode,is_fp8:1,topk:2048,batch_size:49,seqlen_q:1,seqlen_k:[1237,1020,1112,1276,1253,801,1108,932,940,1022,979,1188,1078,976,1027,1010,1194,924,1006,821,638,1060,1094,838,1276,725,964,927,1200,1190,981,1017,815,642,901,981,1152,1148,895,908,790,731,685,1267,875,887,757,1080,700],num_heads:64,num_heads_kv:1,head_dim:576,head_dim_v:512,causal:0,dtype:bf16.
flash_mla:[D][80,1276]flash_mla,MLA:sparse:decode,is_fp8:1,topk:2048,batch_size:80,seqlen_q:1,seqlen_k:[1237,1020,1112,1276,1253,801,1108,932,940,1022,979,1188,1078,976,1027,1010,1194,924,1006,821,638,1060,1094,838,1276,725,964,927,1200,1190,981,1017,815,642,901,981,1152,1148,895,908,790,731,685,1267,875,887,757,1080,700,923,814,1018,875,769,952,1025,967,1005,856,899,850,899,827,682,985,893,697,1030,812,965,1072,977,1138,760,1020,848,818,864,907,965],num_heads:64,num_heads_kv:1,head_dim:576,head_dim_v:512,causal:0,dtype:bf16.
flash_mla:[D][131,1276]flash_mla,MLA:sparse:decode,is_fp8:1,topk:2048,batch_size:131,seqlen_q:1,seqlen_k:[1237,1020,1112,1276,1253,801,1108,932,940,1022,979,1188,1078,976,1027,1010,1194,924,1006,821,638,1060,1094,838,1276,725,964,927,1200,1190,981,1017,815,642,901,981,1152,1148,895,908,790,731,685,1267,875,887,757,1080,700,923,814,1018,875,769,952,1025,967,1005,856,899,850,899,827,682,985,893,697,1030,812,965,1072,977,1138,760,1020,848,818,864,907,965,771,1100,1031,712,1193,1258,1144,928,786,1124,892,1151,990,1112,1013,1069,958,1240,977,1020,1256,742,754,1111,770,1266,891,838,1262,1192,1253,1101,820,1260,914,1084,1107,932,1054,1103,1016,782,1004,1167,846,933,887,1251,1063,1021,834],num_heads:64,num_heads_kv:1,head_dim:576,head_dim_v:512,causal:0,dtype:bf16.
flash_mla:[D][213,1276]flash_mla,MLA:sparse:decode,is_fp8:1,topk:2048,batch_size:213,seqlen_q:1,seqlen_k:[1237,1020,1112,1276,1253,801,1108,932,940,1022,979,1188,1078,976,1027,1010,1194,924,1006,821,638,1060,1094,838,1276,725,964,927,1200,1190,981,1017,815,642,901,981,1152,1148,895,908,790,731,685,1267,875,887,757,1080,700,923,814,1018,875,769,952,1025,967,1005,856,899,850,899,827,682,985,893,697,1030,812,965,1072,977,1138,760,1020,848,818,864,907,965,771,1100,1031,712,1193,1258,1144,928,786,1124,892,1151,990,1112,1013,1069,958,1240,977,1020,1256,742,754,1111,770,1266,891,838,1262,1192,1253,1101,820,1260,914,1084,1107,932,1054,1103,1016,782,1004,1167,846,933,887,1251,1063,1021,834,1042,849,962,855,1064,1048,923,1019,783,719,1026,983,1057,1276,1107,811,1134,747,883,946,1229,838,825,941,851,1136,785,774,887,877,1263,1107,970,762,1091,797,711,1145,1007,1103,1007,1093,853,792,1065,829,847,884,959,900,738,854,638,1056,702,781,965,839,1202,751,999,950,771,1040,929,1079,1087,1276,1169,898,918,1131,1061,1058,699,953,839,1001,941,1101,1007,1082],num_heads:64,num_heads_kv:1,head_dim:576,head_dim_v:512,causal:0,dtype:bf16.
flash_mla:[D][346,1276]flash_mla,MLA:sparse:decode,is_fp8:1,topk:2048,batch_size:346,seqlen_q:1,seqlen_k:[1237,1020,1112,1276,1253,801,1108,932,940,1022,979,1188,1078,976,1027,1010,1194,924,1006,821,638,1060,1094,838,1276,725,964,927,1200,1190,981,1017,815,642,901,981,1152,1148,895,908,790,731,685,1267,875,887,757,1080,700,923,814,1018,875,769,952,1025,967,1005,856,899,850,899,827,682,985,893,697,1030,812,965,1072,977,1138,760,1020,848,818,864,907,965,771,1100,1031,712,1193,1258,1144,928,786,1124,892,1151,990,1112,1013,1069,958,1240,977,1020,1256,742,754,1111,770,1266,891,838,1262,1192,1253,1101,820,1260,914,1084,1107,932,1054,1103,1016,782,1004,1167,846,933,887,1251,1063,1021,834,1042,849,962,855,1064,1048,923,1019,783,719,1026,983,1057,1276,1107,811,1134,747,883,946,1229,838,825,941,851,1136,785,774,887,877,1263,1107,970,762,1091,797,711,1145,1007,1103,1007,1093,853,792,1065,829,847,884,959,900,738,854,638,1056,702,781,965,839,1202,751,999,950,771,1040,929,1079,1087,1276,1169,898,918,1131,1061,1058,699,953,839,1001,941,1101,1007,1082,882,806,891,954,1017,1276,950,805,901,883,1033,712,967,981,993,862,919,730,878,870,1023,773,1081,1194,638,1024,1064,855,893,935,909,907,690,1140,1128,827,723,1039,865,979,906,1066,1067,841,737,705,1054,767,876,862,948,649,987,1040,971,907,972,1020,638,1267,1019,853,894,1035,938,638,1276,939,1119,846,1201,1002,1053,790,1149,1066,1163,857,880,1276,788,935,1137,972,1049,893,1015,749,1220,938,848,1062,883,744,742,1067,931,935,1128,777,840,895,972,950,911,947,939,842,827,1000,815,772,907,931,1276,844,1106,1075,767,1079,768,638,1053,677,1028,848,1220,1126,884,847,763,886,912],num_heads:64,num_heads_kv:1,head_dim:576,head_dim_v:512,causal:0,dtype:bf16.
flash_mla:[D][563,1276]flash_mla,MLA:sparse:decode,is_fp8:1,topk:2048,batch_size:563,seqlen_q:1,seqlen_k:[1237,1020,1112,1276,1253,801,1108,932,940,1022,979,1188,1078,976,1027,1010,1194,924,1006,821,638,1060,1094,838,1276,725,964,927,1200,1190,981,1017,815,642,901,981,1152,1148,895,908,790,731,685,1267,875,887,757,1080,700,923,814,1018,875,769,952,1025,967,1005,856,899,850,899,827,682,985,893,697,1030,812,965,1072,977,1138,760,1020,848,818,864,907,965,771,1100,1031,712,1193,1258,1144,928,786,1124,892,1151,990,1112,1013,1069,958,1240,977,1020,1256,742,754,1111,770,1266,891,838,1262,1192,1253,1101,820,1260,914,1084,1107,932,1054,1103,1016,782,1004,1167,846,933,887,1251,1063,1021,834,1042,849,962,855,1064,1048,923,1019,783,719,1026,983,1057,1276,1107,811,1134,747,883,946,1229,838,825,941,851,1136,785,774,887,877,1263,1107,970,762,1091,797,711,1145,1007,1103,1007,1093,853,792,1065,829,847,884,959,900,738,854,638,1056,702,781,965,839,1202,751,999,950,771,1040,929,1079,1087,1276,1169,898,918,1131,1061,1058,699,953,839,1001,941,1101,1007,1082,882,806,891,954,1017,1276,950,805,901,883,1033,712,967,981,993,862,919,730,878,870,1023,773,1081,1194,638,1024,1064,855,893,935,909,907,690,1140,1128,827,723,1039,865,979,906,1066,1067,841,737,705,1054,767,876,862,948,649,987,1040,971,907,972,1020,638,1267,1019,853,894,1035,938,638,1276,939,1119,846,1201,1002,1053,790,1149,1066,1163,857,880,1276,788,935,1137,972,1049,893,1015,749,1220,938,848,1062,883,744,742,1067,931,935,1128,777,840,895,972,950,911,947,939,842,827,1000,815,772,907,931,1276,844,1106,1075,767,1079,768,638,1053,677,1028,848,1220,1126,884,847,763,886,912,899,981,1048,1012,835,728,1173,847,853,874,663,881,880,1055,1068,957,1105,1011,954,982,926,894,914,777,1001,799,1090,917,964,1035,1059,707,924,1096,687,1018,638,794,963,693,800,722,1219,983,1047,921,900,699,910,835,1093,1138,1190,1092,861,779,1078,1013,675,1013,1086,966,927,828,727,1084,907,919,1232,1065,1015,979,1198,1230,1104,1049,638,976,936,971,1106,638,866,999,882,731,1095,1001,802,1007,1087,957,1084,969,894,772,943,987,1096,938,1029,803,832,939,789,1087,1030,1001,1010,1276,882,638,988,948,874,801,887,985,877,1276,804,830,638,996,638,871,913,844,1233,1115,1166,816,1136,1035,1079,1120,812,889,1094,638,1197,1044,949,992,793,901,1131,1163,1276,945,852,875,795,944,1017,951,1131,919,901,864,697,707,769,1163,1099,1175,745,643,852,984,1036,1123,1002,1234,921,811,689,815,995,815,1105,1181,638,1094,638,1020,1151,967,753,863,915,928,924,939,990,764,918,1198,895,886,1128,638,1144,856,983,972,1106,914,849,1163,638,960,742,835,1276,949,988],num_heads:64,num_heads_kv:1,head_dim:576,head_dim_v:512,causal:0,dtype:bf16.
flash_mla:[D][917,1276]flash_mla,MLA:sparse:decode,is_fp8:1,topk:2048,batch_size:917,seqlen_q:1,seqlen_k:[1237,1020,1112,1276,1253,801,1108,932,940,1022,979,1188,1078,976,1027,1010,1194,924,1006,821,638,1060,1094,838,1276,725,964,927,1200,1190,981,1017,815,642,901,981,1152,1148,895,908,790,731,685,1267,875,887,757,1080,700,923,814,1018,875,769,952,1025,967,1005,856,899,850,899,827,682,985,893,697,1030,812,965,1072,977,1138,760,1020,848,818,864,907,965,771,1100,1031,712,1193,1258,1144,928,786,1124,892,1151,990,1112,1013,1069,958,1240,977,1020,1256,742,754,1111,770,1266,891,838,1262,1192,1253,1101,820,1260,914,1084,1107,932,1054,1103,1016,782,1004,1167,846,933,887,1251,1063,1021,834,1042,849,962,855,1064,1048,923,1019,783,719,1026,983,1057,1276,1107,811,1134,747,883,946,1229,838,825,941,851,1136,785,774,887,877,1263,1107,970,762,1091,797,711,1145,1007,1103,1007,1093,853,792,1065,829,847,884,959,900,738,854,638,1056,702,781,965,839,1202,751,999,950,771,1040,929,1079,1087,1276,1169,898,918,1131,1061,1058,699,953,839,1001,941,1101,1007,1082,882,806,891,954,1017,1276,950,805,901,883,1033,712,967,981,993,862,919,730,878,870,1023,773,1081,1194,638,1024,1064,855,893,935,909,907,690,1140,1128,827,723,1039,865,979,906,1066,1067,841,737,705,1054,767,876,862,948,649,987,1040,971,907,972,1020,638,1267,1019,853,894,1035,938,638,1276,939,1119,846,1201,1002,1053,790,1149,1066,1163,857,880,1276,788,935,1137,972,1049,893,1015,749,1220,938,848,1062,883,744,742,1067,931,935,1128,777,840,895,972,950,911,947,939,842,827,1000,815,772,907,931,1276,844,1106,1075,767,1079,768,638,1053,677,1028,848,1220,1126,884,847,763,886,912,899,981,1048,1012,835,728,1173,847,853,874,663,881,880,1055,1068,957,1105,1011,954,982,926,894,914,777,1001,799,1090,917,964,1035,1059,707,924,1096,687,1018,638,794,963,693,800,722,1219,983,1047,921,900,699,910,835,1093,1138,1190,1092,861,779,1078,1013,675,1013,1086,966,927,828,727,1084,907,919,1232,1065,1015,979,1198,1230,1104,1049,638,976,936,971,1106,638,866,999,882,731,1095,1001,802,1007,1087,957,1084,969,894,772,943,987,1096,938,1029,803,832,939,789,1087,1030,1001,1010,1276,882,638,988,948,874,801,887,985,877,1276,804,830,638,996,638,871,913,844,1233,1115,1166,816,1136,1035,1079,1120,812,889,1094,638,1197,1044,949,992,793,901,1131,1163,1276,945,852,875,795,944,1017,951,1131,919,901,864,697,707,769,1163,1099,1175,745,643,852,984,1036,1123,1002,1234,921,811,689,815,995,815,1105,1181,638,1094,638,1020,1151,967,753,863,915,928,924,939,990,764,918,1198,895,886,1128,638,1144,856,983,972,1106,914,849,1163,638,960,742,835,1276,949,988,673,841,988,1013,1055,958,1040,1029,666,962,1079,1050,899,828,779,936,1137,646,852,775,1081,868,882,922,1027,894,638,1043,1026,922,784,1012,1017,882,922,809,928,710,1023,806,994,733,863,939,692,975,896,679,749,1053,1099,936,1021,992,1009,1161,717,1064,896,921,908,897,762,986,1222,948,956,847,938,1031,898,884,1021,811,997,1087,1173,942,1174,1121,798,763,908,1120,945,861,1203,1002,638,1007,1039,992,1028,946,747,898,806,808,756,1028,972,885,853,953,1128,638,1016,870,657,647,811,991,1019,807,1118,1183,1019,862,1135,1077,1094,852,638,1276,700,951,1276,1009,1107,718,674,872,1130,901,830,988,1129,727,764,831,1131,994,1276,1105,951,1158,990,844,1065,846,910,1168,940,829,883,1119,869,895,875,986,895,702,815,808,1154,1086,1050,876,827,876,789,1276,638,1046,752,940,799,769,775,1236,935,835,1045,958,1071,666,1005,1079,692,1028,1226,954,1087,1063,844,963,707,885,999,1071,960,1071,781,940,960,1251,922,877,960,810,987,898,672,947,906,697,946,1193,1039,1054,743,1032,980,1041,1024,740,950,836,949,814,1165,820,814,968,785,889,825,1181,1081,947,894,1106,1021,1036,952,688,939,872,1059,1117,852,1031,1233,850,1224,821,960,955,958,823,863,850,1008,1009,1276,1174,875,1008,1115,961,945,965,1094,822,905,1031,1006,995,898,1111,1276,1021,926,1077,871,837,962,638,773,901,741,792,887,695,892,871,961,1140,984,960,972,993,795,938,1006,739,1094,1128,856,918,817,1068,788,921,820,965,671,1167,803,966,923,835,815,1105,873,1000,829,854,1032,1104,929,730,1274,820,711,1276,892,724,848,1015,987,821,1246,874,768,1109,1168,827,734,1120,638,761,1110,948],num_heads:64,num_heads_kv:1,head_dim:576,head_dim_v:512,causal:0,dtype:bf16.
flash_mla:[D][1492,1276]flash_mla,MLA:sparse:decode,is_fp8:1,topk:2048,batch_size:1492,seqlen_q:1,seqlen_k:[1237,1020,1112,1276,1253,801,1108,932,940,1022,979,1188,1078,976,1027,1010,1194,924,1006,821,638,1060,1094,838,1276,725,964,927,1200,1190,981,1017,815,642,901,981,1152,1148,895,908,790,731,685,1267,875,887,757,1080,700,923,814,1018,875,769,952,1025,967,1005,856,899,850,899,827,682,985,893,697,1030,812,965,1072,977,1138,760,1020,848,818,864,907,965,771,1100,1031,712,1193,1258,1144,928,786,1124,892,1151,990,1112,1013,1069,958,1240,977,1020,1256,742,754,1111,770,1266,891,838,1262,1192,1253,1101,820,1260,914,1084,1107,932,1054,1103,1016,782,1004,1167,846,933,887,1251,1063,1021,834,1042,849,962,855,1064,1048,923,1019,783,719,1026,983,1057,1276,1107,811,1134,747,883,946,1229,838,825,941,851,1136,785,774,887,877,1263,1107,970,762,1091,797,711,1145,1007,1103,1007,1093,853,792,1065,829,847,884,959,900,738,854,638,1056,702,781,965,839,1202,751,999,950,771,1040,929,1079,1087,1276,1169,898,918,1131,1061,1058,699,953,839,1001,941,1101,1007,1082,882,806,891,954,1017,1276,950,805,901,883,1033,712,967,981,993,862,919,730,878,870,1023,773,1081,1194,638,1024,1064,855,893,935,909,907,690,1140,1128,827,723,1039,865,979,906,1066,1067,841,737,705,1054,767,876,862,948,649,987,1040,971,907,972,1020,638,1267,1019,853,894,1035,938,638,1276,939,1119,846,1201,1002,1053,790,1149,1066,1163,857,880,1276,788,935,1137,972,1049,893,1015,749,1220,938,848,1062,883,744,742,1067,931,935,1128,777,840,895,972,950,911,947,939,842,827,1000,815,772,907,931,1276,844,1106,1075,767,1079,768,638,1053,677,1028,848,1220,1126,884,847,763,886,912,899,981,1048,1012,835,728,1173,847,853,874,663,881,880,1055,1068,957,1105,1011,954,982,926,894,914,777,1001,799,1090,917,964,1035,1059,707,924,1096,687,1018,638,794,963,693,800,722,1219,983,1047,921,900,699,910,835,1093,1138,1190,1092,861,779,1078,1013,675,1013,1086,966,927,828,727,1084,907,919,1232,1065,1015,979,1198,1230,1104,1049,638,976,936,971,1106,638,866,999,882,731,1095,1001,802,1007,1087,957,1084,969,894,772,943,987,1096,938,1029,803,832,939,789,1087,1030,1001,1010,1276,882,638,988,948,874,801,887,985,877,1276,804,830,638,996,638,871,913,844,1233,1115,1166,816,1136,1035,1079,1120,812,889,1094,638,1197,1044,949,992,793,901,1131,1163,1276,945,852,875,795,944,1017,951,1131,919,901,864,697,707,769,1163,1099,1175,745,643,852,984,1036,1123,1002,1234,921,811,689,815,995,815,1105,1181,638,1094,638,1020,1151,967,753,863,915,928,924,939,990,764,918,1198,895,886,1128,638,1144,856,983,972,1106,914,849,1163,638,960,742,835,1276,949,988,673,841,988,1013,1055,958,1040,1029,666,962,1079,1050,899,828,779,936,1137,646,852,775,1081,868,882,922,1027,894,638,1043,1026,922,784,1012,1017,882,922,809,928,710,1023,806,994,733,863,939,692,975,896,679,749,1053,1099,936,1021,992,1009,1161,717,1064,896,921,908,897,762,986,1222,948,956,847,938,1031,898,884,1021,811,997,1087,1173,942,1174,1121,798,763,908,1120,945,861,1203,1002,638,1007,1039,992,1028,946,747,898,806,808,756,1028,972,885,853,953,1128,638,1016,870,657,647,811,991,1019,807,1118,1183,1019,862,1135,1077,1094,852,638,1276,700,951,1276,1009,1107,718,674,872,1130,901,830,988,1129,727,764,831,1131,994,1276,1105,951,1158,990,844,1065,846,910,1168,940,829,883,1119,869,895,875,986,895,702,815,808,1154,1086,1050,876,827,876,789,1276,638,1046,752,940,799,769,775,1236,935,835,1045,958,1071,666,1005,1079,692,1028,1226,954,1087,1063,844,963,707,885,999,1071,960,1071,781,940,960,1251,922,877,960,810,987,898,672,947,906,697,946,1193,1039,1054,743,1032,980,1041,1024,740,950,836,949,814,1165,820,814,968,785,889,825,1181,1081,947,894,1106,1021,1036,952,688,939,872,1059,1117,852,1031,1233,850,1224,821,960,955,958,823,863,850,1008,1009,1276,1174,875,1008,1115,961,945,965,1094,822,905,1031,1006,995,898,1111,1276,1021,926,1077,871,837,962,638,773,901,741,792,887,695,892,871,961,1140,984,960,972,993,795,938,1006,739,1094,1128,856,918,817,1068,788,921,820,965,671,1167,803,966,923,835,815,1105,873,1000,829,854,1032,1104,929,730,1274,820,711,1276,892,724,848,1015,987,821,1246,874,768,1109,1168,827,734,1120,638,761,1110,948,915,1013,932,750,1159,1167,989,964,1276,913,915,1014,1190,1210,915,1006,737,907,823,796,1224,831,872,1015,1163,1033,1276,945,998,1000,1185,1037,938,806,995,1179,891,1041,996,1094,829,1276,753,898,1106,1004,1088,878,945,958,1206,1066,1083,852,1111,992,1177,1276,908,892,819,934,896,1014,934,899,1126,807,1025,892,1072,1177,908,1027,985,829,995,1002,1022,925,971,774,900,1045,1098,889,973,993,989,1042,667,949,995,797,1223,982,1205,831,812,992,690,991,972,1118,1068,890,782,1229,831,790,784,1134,874,837,978,924,849,1076,1126,1113,1078,1021,674,1222,1005,1053,1134,1184,1023,1026,861,962,821,842,814,932,1123,1276,987,742,1158,909,851,990,759,992,942,972,1017,967,959,1002,1023,792,729,947,729,970,1106,1053,790,820,1009,893,906,1051,800,893,829,791,820,1064,965,817,920,696,840,1276,942,1073,946,1012,1062,781,952,1208,830,866,908,999,1040,1158,1036,947,1157,1068,719,1276,1238,930,1017,1167,929,1073,1132,795,861,1103,1030,1103,935,911,639,774,964,1088,1041,936,913,991,969,1180,980,721,754,1198,770,1078,914,930,935,1151,926,951,713,989,1041,995,1179,965,1004,1219,710,884,1183,1105,1064,1089,1009,1216,1017,995,982,987,773,1079,936,1246,944,1023,996,857,1114,1259,954,909,900,656,928,996,1124,1109,890,912,1135,929,875,1178,1121,959,862,638,1050,814,644,1208,1060,775,763,1095,817,1163,1055,1042,1021,987,1097,884,970,1076,1046,766,877,997,892,1239,894,931,1079,1009,933,836,1004,1122,1033,833,1233,726,705,1109,992,869,782,1276,975,1041,1007,1026,1042,1073,897,910,680,832,1000,1123,1052,902,756,638,1140,863,885,977,733,901,1276,1037,1014,705,1276,730,1262,638,1180,1214,825,1024,1044,827,726,747,1043,943,867,1110,1037,836,766,1040,871,972,1207,1036,819,982,805,1212,867,989,1005,982,645,727,885,1007,935,804,742,893,882,1038,905,1052,862,916,901,832,1056,827,874,945,750,905,843,895,947,829,922,1165,952,1139,1012,1080,833,973,978,859,826,720,1194,802,1171,882,819,1055,856,1047,904,1033,803,1089,1034,810,1276,1042,1276,1211,926,891,892,666,846,996,1199,834,1097,757,863,884,1016,1029,1110,1079,995,1019,1209,875,1080,669,1022,880,957,1122,983,1097,1191,1018,1143,905,955,873,1122,1022,876,981,1122,950,806,977,642,1079,890,882,1096,739,1266,880,873,1119,1069,1276,923,937,721,904,842,885,679,1221,731,638,768,860,774,1131,935,961,1054,1002,1112,780,869,1062,638,738,1036,880,1105,1085,766,1021,1148,980,801,1096,1058,1043,1070,638,1097,1244,1026,987,1067,1010,1060,957,835,797,798,738,787,1237,1076,857,894,974,852,967,1080,951,1010,1097,913,1002,907,952,905,872,984,1047,980,1036,839,765,1023,1066,964,1171,1101,1276,925,798,839],num_heads:64,num_heads_kv:1,head_dim:576,head_dim_v:512,causal:0,dtype:bf16.
flash_mla:[D][1,3126]flash_mla,MLA:sparse:decode,is_fp8:1,topk:2048,batch_size:1,seqlen_q:1,seqlen_k:[3126],num_heads:64,num_heads_kv:1,head_dim:576,head_dim_v:512,causal:0,dtype:bf16.
flash_mla:[D][2,3126]flash_mla,MLA:sparse:decode,is_fp8:1,topk:2048,batch_size:2,seqlen_q:1,seqlen_k:[3126,2577],num_heads:64,num_heads_kv:1,head_dim:576,head_dim_v:512,causal:0,dtype:bf16.
flash_mla:[D][3,3126]flash_mla,MLA:sparse:decode,is_fp8:1,topk:2048,batch_size:3,seqlen_q:1,seqlen_k:[3126,2577,2810],num_heads:64,num_heads_kv:1,head_dim:576,head_dim_v:512,causal:0,dtype:bf16.
flash_mla:[D][4,3222]flash_mla,MLA:sparse:decode,is_fp8:1,topk:2048,batch_size:4,seqlen_q:1,seqlen_k:[3126,2577,2810,3222],num_heads:64,num_heads_kv:1,head_dim:576,head_dim_v:512,causal:0,dtype:bf16.
flash_mla:[D][7,3222]flash_mla,MLA:sparse:decode,is_fp8:1,topk:2048,batch_size:7,seqlen_q:1,seqlen_k:[3126,2577,2810,3222,3168,2022,2798],num_heads:64,num_heads_kv:1,head_dim:576,head_dim_v:512,causal:0,dtype:bf16.
flash_mla:[D][11,3222]flash_mla,MLA:sparse:decode,is_fp8:1,topk:2048,batch_size:11,seqlen_q:1,seqlen_k:[3126,2577,2810,3222,3168,2022,2798,2355,2374,2581,2474],num_heads:64,num_heads_kv:1,head_dim:576,head_dim_v:512,causal:0,dtype:bf16.
flash_mla:[D][19,3222]flash_mla,MLA:sparse:decode,is_fp8:1,topk:2048,batch_size:19,seqlen_q:1,seqlen_k:[3126,2577,2810,3222,3168,2022,2798,2355,2374,2581,2474,3002,2722,2465,2594,2550,3018,2333,2542],num_heads:64,num_heads_kv:1,head_dim:576,head_dim_v:512,causal:0,dtype:bf16.
flash_mla:[D][30,3222]flash_mla,MLA:sparse:decode,is_fp8:1,topk:2048,batch_size:30,seqlen_q:1,seqlen_k:[3126,2577,2810,3222,3168,2022,2798,2355,2374,2581,2474,3002,2722,2465,2594,2550,3018,2333,2542,2071,1611,2679,2764,2116,3222,1829,2434,2340,3033,3008],num_heads:64,num_heads_kv:1,head_dim:576,head_dim_v:512,causal:0,dtype:bf16.
flash_mla:[D][49,3222]flash_mla,MLA:sparse:decode,is_fp8:1,topk:2048,batch_size:49,seqlen_q:1,seqlen_k:[3126,2577,2810,3222,3168,2022,2798,2355,2374,2581,2474,3002,2722,2465,2594,2550,3018,2333,2542,2071,1611,2679,2764,2116,3222,1829,2434,2340,3033,3008,2478,2568,2058,1617,2275,2479,2911,2900,2259,2294,1993,1843,1728,3202,2210,2239,1911,2729,1765],num_heads:64,num_heads_kv:1,head_dim:576,head_dim_v:512,causal:0,dtype:bf16.
flash_mla:[D][80,3222]flash_mla,MLA:sparse:decode,is_fp8:1,topk:2048,batch_size:80,seqlen_q:1,seqlen_k:[3126,2577,2810,3222,3168,2022,2798,2355,2374,2581,2474,3002,2722,2465,2594,2550,3018,2333,2542,2071,1611,2679,2764,2116,3222,1829,2434,2340,3033,3008,2478,2568,2058,1617,2275,2479,2911,2900,2259,2294,1993,1843,1728,3202,2210,2239,1911,2729,1765,2330,2055,2571,2210,1940,2404,2588,2442,2537,2160,2269,2144,2271,2088,1720,2487,2254,1759,2602,2050,2436,2709,2467,2875,1918,2578,2140,2065,2182,2290,2438],num_heads:64,num_heads_kv:1,head_dim:576,head_dim_v:512,causal:0,dtype:bf16.
flash_mla:[D][131,3222]flash_mla,MLA:sparse:decode,is_fp8:1,topk:2048,batch_size:131,seqlen_q:1,seqlen_k:[3126,2577,2810,3222,3168,2022,2798,2355,2374,2581,2474,3002,2722,2465,2594,2550,3018,2333,2542,2071,1611,2679,2764,2116,3222,1829,2434,2340,3033,3008,2478,2568,2058,1617,2275,2479,2911,2900,2259,2294,1993,1843,1728,3202,2210,2239,1911,2729,1765,2330,2055,2571,2210,1940,2404,2588,2442,2537,2160,2269,2144,2271,2088,1720,2487,2254,1759,2602,2050,2436,2709,2467,2875,1918,2578,2140,2065,2182,2290,2438,1946,2779,2603,1796,3015,3180,2891,2343,1984,2840,2253,2908,2499,2809,2559,2700,2420,3135,2467,2578,3174,1872,1903,2806,1943,3199,2249,2114,3190,3012,3168,2781,2068,3185,2307,2739,2797,2353,2663,2787,2567,1972,2536,2950,2136,2355,2240,3161,2686,2580,2105],num_heads:64,num_heads_kv:1,head_dim:576,head_dim_v:512,causal:0,dtype:bf16.
flash_mla:[D][213,3222]flash_mla,MLA:sparse:decode,is_fp8:1,topk:2048,batch_size:213,seqlen_q:1,seqlen_k:[3126,2577,2810,3222,3168,2022,2798,2355,2374,2581,2474,3002,2722,2465,2594,2550,3018,2333,2542,2071,1611,2679,2764,2116,3222,1829,2434,2340,3033,3008,2478,2568,2058,1617,2275,2479,2911,2900,2259,2294,1993,1843,1728,3202,2210,2239,1911,2729,1765,2330,2055,2571,2210,1940,2404,2588,2442,2537,2160,2269,2144,2271,2088,1720,2487,2254,1759,2602,2050,2436,2709,2467,2875,1918,2578,2140,2065,2182,2290,2438,1946,2779,2603,1796,3015,3180,2891,2343,1984,2840,2253,2908,2499,2809,2559,2700,2420,3135,2467,2578,3174,1872,1903,2806,1943,3199,2249,2114,3190,3012,3168,2781,2068,3185,2307,2739,2797,2353,2663,2787,2567,1972,2536,2950,2136,2355,2240,3161,2686,2580,2105,2633,2144,2428,2159,2688,2648,2332,2575,1975,1815,2593,2483,2671,3222,2796,2048,2866,1885,2229,2388,3106,2115,2082,2376,2148,2870,1980,1953,2239,2215,3193,2798,2451,1922,2756,2012,1793,2894,2543,2787,2544,2761,2153,1999,2690,2092,2138,2232,2423,2273,1861,2156,1611,2667,1770,1970,2437,2117,3037,1894,2523,2400,1945,2626,2346,2727,2747,3222,2954,2267,2319,2859,2680,2673,1764,2406,2118,2528,2376,2782,2543,2732],num_heads:64,num_heads_kv:1,head_dim:576,head_dim_v:512,causal:0,dtype:bf16.
flash_mla:[D][346,3222]flash_mla,MLA:sparse:decode,is_fp8:1,topk:2048,batch_size:346,seqlen_q:1,seqlen_k:[3126,2577,2810,3222,3168,2022,2798,2355,2374,2581,2474,3002,2722,2465,2594,2550,3018,2333,2542,2071,1611,2679,2764,2116,3222,1829,2434,2340,3033,3008,2478,2568,2058,1617,2275,2479,2911,2900,2259,2294,1993,1843,1728,3202,2210,2239,1911,2729,1765,2330,2055,2571,2210,1940,2404,2588,2442,2537,2160,2269,2144,2271,2088,1720,2487,2254,1759,2602,2050,2436,2709,2467,2875,1918,2578,2140,2065,2182,2290,2438,1946,2779,2603,1796,3015,3180,2891,2343,1984,2840,2253,2908,2499,2809,2559,2700,2420,3135,2467,2578,3174,1872,1903,2806,1943,3199,2249,2114,3190,3012,3168,2781,2068,3185,2307,2739,2797,2353,2663,2787,2567,1972,2536,2950,2136,2355,2240,3161,2686,2580,2105,2633,2144,2428,2159,2688,2648,2332,2575,1975,1815,2593,2483,2671,3222,2796,2048,2866,1885,2229,2388,3106,2115,2082,2376,2148,2870,1980,1953,2239,2215,3193,2798,2451,1922,2756,2012,1793,2894,2543,2787,2544,2761,2153,1999,2690,2092,2138,2232,2423,2273,1861,2156,1611,2667,1770,1970,2437,2117,3037,1894,2523,2400,1945,2626,2346,2727,2747,3222,2954,2267,2319,2859,2680,2673,1764,2406,2118,2528,2376,2782,2543,2732,2228,2035,2250,2409,2568,3222,2398,2030,2276,2229,2610,1795,2441,2479,2509,2175,2320,1842,2217,2197,2583,1950,2730,3018,1611,2587,2688,2159,2255,2362,2295,2291,1740,2880,2851,2088,1825,2625,2183,2473,2287,2694,2695,2123,1858,1778,2661,1936,2211,2175,2394,1635,2492,2627,2451,2290,2455,2576,1611,3204,2573,2153,2258,2614,2369,1611,3222,2371,2827,2137,3035,2531,2661,1994,2904,2693,2940,2162,2222,3222,1988,2361,2874,2455,2650,2255,2565,1889,3084,2368,2141,2684,2230,1878,1873,2695,2351,2362,2850,1961,2121,2260,2454,2399,2300,2391,2372,2125,2088,2526,2056,1949,2290,2352,3222,2132,2796,2717,1936,2727,1938,1611,2660,1708,2597,2140,3084,2846,2233,2138,1926,2238,2303],num_heads:64,num_heads_kv:1,head_dim:576,head_dim_v:512,causal:0,dtype:bf16.
flash_mla:[D][563,3222]flash_mla,MLA:sparse:decode,is_fp8:1,topk:2048,batch_size:563,seqlen_q:1,seqlen_k:[3126,2577,2810,3222,3168,2022,2798,2355,2374,2581,2474,3002,2722,2465,2594,2550,3018,2333,2542,2071,1611,2679,2764,2116,3222,1829,2434,2340,3033,3008,2478,2568,2058,1617,2275,2479,2911,2900,2259,2294,1993,1843,1728,3202,2210,2239,1911,2729,1765,2330,2055,2571,2210,1940,2404,2588,2442,2537,2160,2269,2144,2271,2088,1720,2487,2254,1759,2602,2050,2436,2709,2467,2875,1918,2578,2140,2065,2182,2290,2438,1946,2779,2603,1796,3015,3180,2891,2343,1984,2840,2253,2908,2499,2809,2559,2700,2420,3135,2467,2578,3174,1872,1903,2806,1943,3199,2249,2114,3190,3012,3168,2781,2068,3185,2307,2739,2797,2353,2663,2787,2567,1972,2536,2950,2136,2355,2240,3161,2686,2580,2105,2633,2144,2428,2159,2688,2648,2332,2575,1975,1815,2593,2483,2671,3222,2796,2048,2866,1885,2229,2388,3106,2115,2082,2376,2148,2870,1980,1953,2239,2215,3193,2798,2451,1922,2756,2012,1793,2894,2543,2787,2544,2761,2153,1999,2690,2092,2138,2232,2423,2273,1861,2156,1611,2667,1770,1970,2437,2117,3037,1894,2523,2400,1945,2626,2346,2727,2747,3222,2954,2267,2319,2859,2680,2673,1764,2406,2118,2528,2376,2782,2543,2732,2228,2035,2250,2409,2568,3222,2398,2030,2276,2229,2610,1795,2441,2479,2509,2175,2320,1842,2217,2197,2583,1950,2730,3018,1611,2587,2688,2159,2255,2362,2295,2291,1740,2880,2851,2088,1825,2625,2183,2473,2287,2694,2695,2123,1858,1778,2661,1936,2211,2175,2394,1635,2492,2627,2451,2290,2455,2576,1611,3204,2573,2153,2258,2614,2369,1611,3222,2371,2827,2137,3035,2531,2661,1994,2904,2693,2940,2162,2222,3222,1988,2361,2874,2455,2650,2255,2565,1889,3084,2368,2141,2684,2230,1878,1873,2695,2351,2362,2850,1961,2121,2260,2454,2399,2300,2391,2372,2125,2088,2526,2056,1949,2290,2352,3222,2132,2796,2717,1936,2727,1938,1611,2660,1708,2597,2140,3084,2846,2233,2138,1926,2238,2303,2269,2479,2649,2556,2108,1836,2965,2138,2153,2205,1673,2223,2222,2666,2697,2417,2791,2553,2409,2480,2339,2256,2308,1961,2529,2015,2755,2315,2435,2615,2675,1783,2332,2770,1731,2572,1611,2003,2431,1748,2018,1822,3080,2482,2644,2326,2273,1764,2298,2109,2761,2875,3007,2759,2174,1966,2724,2559,1703,2559,2744,2439,2341,2090,1833,2738,2291,2321,3114,2691,2565,2473,3028,3108,2790,2650,1611,2465,2363,2453,2796,1611,2186,2524,2227,1844,2766,2527,2024,2542,2747,2418,2738,2447,2256,1948,2381,2494,2768,2369,2600,2027,2100,2371,1990,2746,2602,2528,2552,3222,2227,1611,2496,2395,2207,2021,2239,2489,2213,3222,2028,2096,1611,2517,1611,2198,2304,2129,3116,2816,2947,2060,2870,2615,2726,2830,2049,2244,2763,1611,3025,2638,2397,2504,2000,2274,2859,2939,3222,2386,2150,2208,2005,2384,2570,2402,2857,2321,2275,2181,1758,1784,1940,2940,2776,2970,1879,1622,2149,2486,2616,2838,2530,3118,2326,2048,1738,2057,2513,2057,2793,2985,1611,2764,1611,2577,2909,2442,1900,2180,2310,2342,2334,2371,2502,1928,2318,3027,2260,2237,2850,1611,2892,2161,2482,2454,2795,2308,2142,2939,1611,2424,1872,2109,3222,2398,2494],num_heads:64,num_heads_kv:1,head_dim:576,head_dim_v:512,causal:0,dtype:bf16.
flash_mla:[D][917,3222]flash_mla,MLA:sparse:decode,is_fp8:1,topk:2048,batch_size:917,seqlen_q:1,seqlen_k:[3126,2577,2810,3222,3168,2022,2798,2355,2374,2581,2474,3002,2722,2465,2594,2550,3018,2333,2542,2071,1611,2679,2764,2116,3222,1829,2434,2340,3033,3008,2478,2568,2058,1617,2275,2479,2911,2900,2259,2294,1993,1843,1728,3202,2210,2239,1911,2729,1765,2330,2055,2571,2210,1940,2404,2588,2442,2537,2160,2269,2144,2271,2088,1720,2487,2254,1759,2602,2050,2436,2709,2467,2875,1918,2578,2140,2065,2182,2290,2438,1946,2779,2603,1796,3015,3180,2891,2343,1984,2840,2253,2908,2499,2809,2559,2700,2420,3135,2467,2578,3174,1872,1903,2806,1943,3199,2249,2114,3190,3012,3168,2781,2068,3185,2307,2739,2797,2353,2663,2787,2567,1972,2536,2950,2136,2355,2240,3161,2686,2580,2105,2633,2144,2428,2159,2688,2648,2332,2575,1975,1815,2593,2483,2671,3222,2796,2048,2866,1885,2229,2388,3106,2115,2082,2376,2148,2870,1980,1953,2239,2215,3193,2798,2451,1922,2756,2012,1793,2894,2543,2787,2544,2761,2153,1999,2690,2092,2138,2232,2423,2273,1861,2156,1611,2667,1770,1970,2437,2117,3037,1894,2523,2400,1945,2626,2346,2727,2747,3222,2954,2267,2319,2859,2680,2673,1764,2406,2118,2528,2376,2782,2543,2732,2228,2035,2250,2409,2568,3222,2398,2030,2276,2229,2610,1795,2441,2479,2509,2175,2320,1842,2217,2197,2583,1950,2730,3018,1611,2587,2688,2159,2255,2362,2295,2291,1740,2880,2851,2088,1825,2625,2183,2473,2287,2694,2695,2123,1858,1778,2661,1936,2211,2175,2394,1635,2492,2627,2451,2290,2455,2576,1611,3204,2573,2153,2258,2614,2369,1611,3222,2371,2827,2137,3035,2531,2661,1994,2904,2693,2940,2162,2222,3222,1988,2361,2874,2455,2650,2255,2565,1889,3084,2368,2141,2684,2230,1878,1873,2695,2351,2362,2850,1961,2121,2260,2454,2399,2300,2391,2372,2125,2088,2526,2056,1949,2290,2352,3222,2132,2796,2717,1936,2727,1938,1611,2660,1708,2597,2140,3084,2846,2233,2138,1926,2238,2303,2269,2479,2649,2556,2108,1836,2965,2138,2153,2205,1673,2223,2222,2666,2697,2417,2791,2553,2409,2480,2339,2256,2308,1961,2529,2015,2755,2315,2435,2615,2675,1783,2332,2770,1731,2572,1611,2003,2431,1748,2018,1822,3080,2482,2644,2326,2273,1764,2298,2109,2761,2875,3007,2759,2174,1966,2724,2559,1703,2559,2744,2439,2341,2090,1833,2738,2291,2321,3114,2691,2565,2473,3028,3108,2790,2650,1611,2465,2363,2453,2796,1611,2186,2524,2227,1844,2766,2527,2024,2542,2747,2418,2738,2447,2256,1948,2381,2494,2768,2369,2600,2027,2100,2371,1990,2746,2602,2528,2552,3222,2227,1611,2496,2395,2207,2021,2239,2489,2213,3222,2028,2096,1611,2517,1611,2198,2304,2129,3116,2816,2947,2060,2870,2615,2726,2830,2049,2244,2763,1611,3025,2638,2397,2504,2000,2274,2859,2939,3222,2386,2150,2208,2005,2384,2570,2402,2857,2321,2275,2181,1758,1784,1940,2940,2776,2970,1879,1622,2149,2486,2616,2838,2530,3118,2326,2048,1738,2057,2513,2057,2793,2985,1611,2764,1611,2577,2909,2442,1900,2180,2310,2342,2334,2371,2502,1928,2318,3027,2260,2237,2850,1611,2892,2161,2482,2454,2795,2308,2142,2939,1611,2424,1872,2109,3222,2398,2494,1698,2122,2495,2558,2664,2419,2628,2598,1678,2430,2725,2653,2269,2091,1965,2363,2872,1629,2150,1956,2732,2192,2226,2328,2595,2257,1611,2634,2592,2327,1979,2557,2568,2226,2328,2041,2344,1791,2584,2035,2511,1849,2178,2371,1746,2462,2263,1713,1890,2659,2776,2362,2579,2506,2548,2934,1808,2688,2262,2325,2294,2264,1921,2489,3089,2393,2415,2139,2368,2603,2266,2233,2578,2046,2517,2746,2964,2379,2967,2832,2014,1925,2293,2830,2386,2173,3041,2531,1611,2543,2625,2506,2597,2388,1884,2266,2034,2040,1906,2598,2455,2235,2154,2406,2850,1611,2567,2196,1656,1631,2048,2504,2574,2037,2825,2989,2575,2177,2869,2720,2765,2151,1611,3222,1766,2401,3222,2549,2798,1810,1699,2201,2855,2276,2095,2495,2852,1833,1928,2098,2857,2510,3222,2793,2401,2925,2501,2131,2690,2135,2298,2951,2375,2092,2228,2827,2193,2260,2210,2490,2260,1770,2058,2040,2917,2743,2652,2212,2087,2211,1992,3222,1611,2643,1898,2373,2017,1941,1956,3123,2362,2107,2639,2420,2706,1680,2538,2727,1746,2596,3099,2410,2747,2686,2130,2432,1784,2234,2523,2707,2425,2706,1971,2375,2423,3161,2329,2214,2424,2045,2493,2268,1694,2392,2288,1758,2388,3016,2626,2662,1875,2608,2475,2629,2586,1868,2399,2110,2395,2054,2944,2069,2053,2446,1981,2244,2081,2984,2732,2392,2258,2795,2579,2616,2405,1735,2370,2201,2675,2823,2150,2604,3115,2146,3093,2072,2425,2411,2420,2078,2177,2146,2547,2549,3222,2968,2210,2546,2817,2428,2387,2436,2765,2074,2284,2605,2541,2512,2266,2807,3222,2579,2338,2720,2198,2113,2429,1611,1950,2275,1870,1999,2239,1753,2252,2200,2426,2881,2485,2424,2456,2507,2006,2369,2540,1863,2764,2851,2161,2318,2062,2697,1988,2326,2069,2436,1692,2950,2027,2440,2330,2108,2058,2793,2204,2525,2092,2155,2606,2790,2345,1842,3221,2070,1794,3222,2253,1826,2140,2564,2492,2072,3150,2205,1938,2803,2951,2086,1851,2831,1611,1921,2805,2393],num_heads:64,num_heads_kv:1,head_dim:576,head_dim_v:512,causal:0,dtype:bf16.
flash_mla:[D][1492,3222]flash_mla,MLA:sparse:decode,is_fp8:1,topk:2048,batch_size:1492,seqlen_q:1,seqlen_k:[3126,2577,2810,3222,3168,2022,2798,2355,2374,2581,2474,3002,2722,2465,2594,2550,3018,2333,2542,2071,1611,2679,2764,2116,3222,1829,2434,2340,3033,3008,2478,2568,2058,1617,2275,2479,2911,2900,2259,2294,1993,1843,1728,3202,2210,2239,1911,2729,1765,2330,2055,2571,2210,1940,2404,2588,2442,2537,2160,2269,2144,2271,2088,1720,2487,2254,1759,2602,2050,2436,2709,2467,2875,1918,2578,2140,2065,2182,2290,2438,1946,2779,2603,1796,3015,3180,2891,2343,1984,2840,2253,2908,2499,2809,2559,2700,2420,3135,2467,2578,3174,1872,1903,2806,1943,3199,2249,2114,3190,3012,3168,2781,2068,3185,2307,2739,2797,2353,2663,2787,2567,1972,2536,2950,2136,2355,2240,3161,2686,2580,2105,2633,2144,2428,2159,2688,2648,2332,2575,1975,1815,2593,2483,2671,3222,2796,2048,2866,1885,2229,2388,3106,2115,2082,2376,2148,2870,1980,1953,2239,2215,3193,2798,2451,1922,2756,2012,1793,2894,2543,2787,2544,2761,2153,1999,2690,2092,2138,2232,2423,2273,1861,2156,1611,2667,1770,1970,2437,2117,3037,1894,2523,2400,1945,2626,2346,2727,2747,3222,2954,2267,2319,2859,2680,2673,1764,2406,2118,2528,2376,2782,2543,2732,2228,2035,2250,2409,2568,3222,2398,2030,2276,2229,2610,1795,2441,2479,2509,2175,2320,1842,2217,2197,2583,1950,2730,3018,1611,2587,2688,2159,2255,2362,2295,2291,1740,2880,2851,2088,1825,2625,2183,2473,2287,2694,2695,2123,1858,1778,2661,1936,2211,2175,2394,1635,2492,2627,2451,2290,2455,2576,1611,3204,2573,2153,2258,2614,2369,1611,3222,2371,2827,2137,3035,2531,2661,1994,2904,2693,2940,2162,2222,3222,1988,2361,2874,2455,2650,2255,2565,1889,3084,2368,2141,2684,2230,1878,1873,2695,2351,2362,2850,1961,2121,2260,2454,2399,2300,2391,2372,2125,2088,2526,2056,1949,2290,2352,3222,2132,2796,2717,1936,2727,1938,1611,2660,1708,2597,2140,3084,2846,2233,2138,1926,2238,2303,2269,2479,2649,2556,2108,1836,2965,2138,2153,2205,1673,2223,2222,2666,2697,2417,2791,2553,2409,2480,2339,2256,2308,1961,2529,2015,2755,2315,2435,2615,2675,1783,2332,2770,1731,2572,1611,2003,2431,1748,2018,1822,3080,2482,2644,2326,2273,1764,2298,2109,2761,2875,3007,2759,2174,1966,2724,2559,1703,2559,2744,2439,2341,2090,1833,2738,2291,2321,3114,2691,2565,2473,3028,3108,2790,2650,1611,2465,2363,2453,2796,1611,2186,2524,2227,1844,2766,2527,2024,2542,2747,2418,2738,2447,2256,1948,2381,2494,2768,2369,2600,2027,2100,2371,1990,2746,2602,2528,2552,3222,2227,1611,2496,2395,2207,2021,2239,2489,2213,3222,2028,2096,1611,2517,1611,2198,2304,2129,3116,2816,2947,2060,2870,2615,2726,2830,2049,2244,2763,1611,3025,2638,2397,2504,2000,2274,2859,2939,3222,2386,2150,2208,2005,2384,2570,2402,2857,2321,2275,2181,1758,1784,1940,2940,2776,2970,1879,1622,2149,2486,2616,2838,2530,3118,2326,2048,1738,2057,2513,2057,2793,2985,1611,2764,1611,2577,2909,2442,1900,2180,2310,2342,2334,2371,2502,1928,2318,3027,2260,2237,2850,1611,2892,2161,2482,2454,2795,2308,2142,2939,1611,2424,1872,2109,3222,2398,2494,1698,2122,2495,2558,2664,2419,2628,2598,1678,2430,2725,2653,2269,2091,1965,2363,2872,1629,2150,1956,2732,2192,2226,2328,2595,2257,1611,2634,2592,2327,1979,2557,2568,2226,2328,2041,2344,1791,2584,2035,2511,1849,2178,2371,1746,2462,2263,1713,1890,2659,2776,2362,2579,2506,2548,2934,1808,2688,2262,2325,2294,2264,1921,2489,3089,2393,2415,2139,2368,2603,2266,2233,2578,2046,2517,2746,2964,2379,2967,2832,2014,1925,2293,2830,2386,2173,3041,2531,1611,2543,2625,2506,2597,2388,1884,2266,2034,2040,1906,2598,2455,2235,2154,2406,2850,1611,2567,2196,1656,1631,2048,2504,2574,2037,2825,2989,2575,2177,2869,2720,2765,2151,1611,3222,1766,2401,3222,2549,2798,1810,1699,2201,2855,2276,2095,2495,2852,1833,1928,2098,2857,2510,3222,2793,2401,2925,2501,2131,2690,2135,2298,2951,2375,2092,2228,2827,2193,2260,2210,2490,2260,1770,2058,2040,2917,2743,2652,2212,2087,2211,1992,3222,1611,2643,1898,2373,2017,1941,1956,3123,2362,2107,2639,2420,2706,1680,2538,2727,1746,2596,3099,2410,2747,2686,2130,2432,1784,2234,2523,2707,2425,2706,1971,2375,2423,3161,2329,2214,2424,2045,2493,2268,1694,2392,2288,1758,2388,3016,2626,2662,1875,2608,2475,2629,2586,1868,2399,2110,2395,2054,2944,2069,2053,2446,1981,2244,2081,2984,2732,2392,2258,2795,2579,2616,2405,1735,2370,2201,2675,2823,2150,2604,3115,2146,3093,2072,2425,2411,2420,2078,2177,2146,2547,2549,3222,2968,2210,2546,2817,2428,2387,2436,2765,2074,2284,2605,2541,2512,2266,2807,3222,2579,2338,2720,2198,2113,2429,1611,1950,2275,1870,1999,2239,1753,2252,2200,2426,2881,2485,2424,2456,2507,2006,2369,2540,1863,2764,2851,2161,2318,2062,2697,1988,2326,2069,2436,1692,2950,2027,2440,2330,2108,2058,2793,2204,2525,2092,2155,2606,2790,2345,1842,3221,2070,1794,3222,2253,1826,2140,2564,2492,2072,3150,2205,1938,2803,2951,2086,1851,2831,1611,1921,2805,2393,2309,2558,2354,1892,2930,2949,2498,2434,3222,2304,2311,2562,3008,3057,2311,2540,1860,2290,2077,2010,3093,2096,2201,2563,2939,2609,3222,2385,2520,2527,2994,2620,2369,2034,2514,2980,2250,2629,2515,2763,2091,3222,1900,2268,2794,2535,2750,2216,2385,2420,3048,2694,2737,2150,2806,2506,2975,3222,2292,2252,2067,2358,2262,2560,2357,2270,2845,2038,2590,2252,2707,2974,2293,2593,2488,2093,2513,2532,2582,2336,2453,1953,2271,2640,2775,2245,2458,2507,2497,2633,1683,2396,2512,2012,3090,2481,3046,2097,2050,2506,1739,2502,2455,2825,2698,2247,1973,3106,2096,1994,1978,2866,2206,2112,2471,2332,2142,2719,2845,2813,2725,2578,1700,3088,2537,2661,2865,2993,2584,2591,2174,2429,2071,2125,2055,2353,2838,3222,2492,1872,2925,2294,2149,2500,1916,2505,2380,2455,2569,2443,2422,2530,2583,2000,1839,2391,1838,2451,2794,2660,1993,2069,2548,2254,2288,2656,2018,2254,2093,1995,2070,2689,2436,2061,2322,1755,2120,3222,2379,2710,2389,2556,2683,1970,2403,3052,2095,2187,2292,2524,2627,2926,2617,2390,2923,2699,1813,3222,3129,2348,2568,2949,2346,2710,2861,2007,2173,2787,2601,2788,2362,2299,1611,1954,2434,2748,2630,2364,2306,2503,2447,2982,2475,1819,1903,3028,1944,2724,2307,2347,2361,2908,2338,2402,1799,2499,2630,2512,2979,2438,2536,3080,1791,2232,2990,2793,2689,2751,2547,3073,2568,2512,2480,2493,1949,2726,2363,3150,2385,2585,2515,2163,2815,3183,2410,2294,2272,1653,2344,2517,2841,2802,2248,2304,2868,2346,2210,2977,2834,2423,2176,1611,2653,2054,1625,3054,2677,1956,1926,2766,2062,2938,2664,2632,2579,2493,2770,2233,2450,2719,2642,1934,2214,2517,2251,3131,2257,2350,2726,2549,2357,2111,2537,2834,2609,2102,3115,1833,1778,2803,2507,2194,1973,3222,2463,2631,2544,2591,2633,2711,2264,2298,1714,2101,2525,2837,2657,2278,1906,1611,2880,2178,2235,2469,1849,2275,3222,2619,2560,1778,3222,1842,3190,1611,2982,3068,2083,2586,2636,2088,1832,1884,2634,2381,2188,2805,2620,2111,1931,2626,2199,2455,3051,2618,2068,2480,2032,3064,2189,2499,2540,2480,1626,1833,2233,2544,2360,2030,1872,2254,2227,2622,2284,2658,2176,2312,2275,2100,2667,2088,2205,2386,1893,2285,2129,2259,2391,2093,2327,2943,2405,2877,2555,2727,2103,2458,2469,2169,2084,1815,3018,2024,2958,2227,2068,2666,2161,2645,2281,2609,2025,2751,2612,2045,3222,2633,3222,3060,2339,2249,2253,1678,2135,2515,3030,2104,2771,1911,2179,2231,2565,2600,2803,2726,2513,2573,3056,2210,2728,1687,2581,2221,2417,2835,2482,2772,3009,2572,2887,2284,2412,2205,2836,2582,2211,2478,2835,2400,2033,2469,1617,2725,2246,2226,2768,1865,3200,2222,2205,2827,2701,3222,2330,2367,1819,2282,2125,2235,1713,3085,1845,1611,1937,2172,1952,2858,2360,2426,2661,2531,2810,1968,2195,2684,1611,1861,2617,2222,2793,2742,1933,2579,2900,2475,2022,2770,2672,2634,2704,1611,2771,3144,2591,2493,2696,2552,2678,2416,2107,2011,2013,1862,1985,3125,2719,2164,2258,2461,2151,2443,2729,2401,2551,2773,2306,2530,2291,2404,2285,2202,2486,2644,2474,2616,2118,1930,2584,2693,2436,2959,2781,3222,2335,2013,2117],num_heads:64,num_heads_kv:1,head_dim:576,head_dim_v:512,causal:0,dtype:bf16.
flash_mla:[D][1,7896]flash_mla,MLA:sparse:decode,is_fp8:1,topk:2048,batch_size:1,seqlen_q:1,seqlen_k:[7896],num_heads:64,num_heads_kv:1,head_dim:576,head_dim_v:512,causal:0,dtype:bf16.
flash_mla:[D][2,7896]flash_mla,MLA:sparse:decode,is_fp8:1,topk:2048,batch_size:2,seqlen_q:1,seqlen_k:[7896,6508],num_heads:64,num_heads_kv:1,head_dim:576,head_dim_v:512,causal:0,dtype:bf16.
flash_mla:[D][4,8137]flash_mla,MLA:sparse:decode,is_fp8:1,topk:2048,batch_size:4,seqlen_q:1,seqlen_k:[7896,6508,7097,8137],num_heads:64,num_heads_kv:1,head_dim:576,head_dim_v:512,causal:0,dtype:bf16.
flash_mla:[D][6,8137]flash_mla,MLA:sparse:decode,is_fp8:1,topk:2048,batch_size:6,seqlen_q:1,seqlen_k:[7896,6508,7097,8137,8001,5108],num_heads:64,num_heads_kv:1,head_dim:576,head_dim_v:512,causal:0,dtype:bf16.
flash_mla:[D][9,8137]flash_mla,MLA:sparse:decode,is_fp8:1,topk:2048,batch_size:9,seqlen_q:1,seqlen_k:[7896,6508,7097,8137,8001,5108,7068,5948,5997],num_heads:64,num_heads_kv:1,head_dim:576,head_dim_v:512,causal:0,dtype:bf16.
flash_mla:[D][14,8137]flash_mla,MLA:sparse:decode,is_fp8:1,topk:2048,batch_size:14,seqlen_q:1,seqlen_k:[7896,6508,7097,8137,8001,5108,7068,5948,5997,6519,6248,7580,6875,6225],num_heads:64,num_heads_kv:1,head_dim:576,head_dim_v:512,causal:0,dtype:bf16.
flash_mla:[D][22,8137]flash_mla,MLA:sparse:decode,is_fp8:1,topk:2048,batch_size:22,seqlen_q:1,seqlen_k:[7896,6508,7097,8137,8001,5108,7068,5948,5997,6519,6248,7580,6875,6225,6553,6441,7621,5893,6420,5233,4068,6766],num_heads:64,num_heads_kv:1,head_dim:576,head_dim_v:512,causal:0,dtype:bf16.
flash_mla:[D][34,8137]flash_mla,MLA:sparse:decode,is_fp8:1,topk:2048,batch_size:34,seqlen_q:1,seqlen_k:[7896,6508,7097,8137,8001,5108,7068,5948,5997,6519,6248,7580,6875,6225,6553,6441,7621,5893,6420,5233,4068,6766,6981,5347,8137,4622,6148,5911,7660,7596,6259,6486,5199,4087],num_heads:64,num_heads_kv:1,head_dim:576,head_dim_v:512,causal:0,dtype:bf16.
flash_mla:[D][53,8137]flash_mla,MLA:sparse:decode,is_fp8:1,topk:2048,batch_size:53,seqlen_q:1,seqlen_k:[7896,6508,7097,8137,8001,5108,7068,5948,5997,6519,6248,7580,6875,6225,6553,6441,7621,5893,6420,5233,4068,6766,6981,5347,8137,4622,6148,5911,7660,7596,6259,6486,5199,4087,5748,6261,7353,7324,5708,5794,5035,4657,4366,8085,5583,5656,4827,6892,4460,5885,5191,6495,5582],num_heads:64,num_heads_kv:1,head_dim:576,head_dim_v:512,causal:0,dtype:bf16.
flash_mla:[D][82,8137]flash_mla,MLA:sparse:decode,is_fp8:1,topk:2048,batch_size:82,seqlen_q:1,seqlen_k:[7896,6508,7097,8137,8001,5108,7068,5948,5997,6519,6248,7580,6875,6225,6553,6441,7621,5893,6420,5233,4068,6766,6981,5347,8137,4622,6148,5911,7660,7596,6259,6486,5199,4087,5748,6261,7353,7324,5708,5794,5035,4657,4366,8085,5583,5656,4827,6892,4460,5885,5191,6495,5582,4901,6073,6537,6169,6409,5456,5733,5418,5736,5275,4346,6282,5693,4444,6572,5179,6154,6843,6233,7260,4846,6511,5405,5216,5513,5785,6159,4917,7018],num_heads:64,num_heads_kv:1,head_dim:576,head_dim_v:512,causal:0,dtype:bf16.
flash_mla:[D][128,8137]flash_mla,MLA:sparse:decode,is_fp8:1,topk:2048,batch_size:128,seqlen_q:1,seqlen_k:[7896,6508,7097,8137,8001,5108,7068,5948,5997,6519,6248,7580,6875,6225,6553,6441,7621,5893,6420,5233,4068,6766,6981,5347,8137,4622,6148,5911,7660,7596,6259,6486,5199,4087,5748,6261,7353,7324,5708,5794,5035,4657,4366,8085,5583,5656,4827,6892,4460,5885,5191,6495,5582,4901,6073,6537,6169,6409,5456,5733,5418,5736,5275,4346,6282,5693,4444,6572,5179,6154,6843,6233,7260,4846,6511,5405,5216,5513,5785,6159,4917,7018,6575,4539,7615,8030,7300,5919,5013,7174,5691,7345,6313,7095,6464,6820,6112,7918,6231,6510,8017,4731,4809,7087,4908,8078,5681,5341,8057,7607,8001,7023,5226,8044,5829,6918,7065,5944,6726,7039,6484,4983,6405,7450,5395,5949,5659,7982],num_heads:64,num_heads_kv:1,head_dim:576,head_dim_v:512,causal:0,dtype:bf16.
flash_mla:[D][199,8137]flash_mla,MLA:sparse:decode,is_fp8:1,topk:2048,batch_size:199,seqlen_q:1,seqlen_k:[7896,6508,7097,8137,8001,5108,7068,5948,5997,6519,6248,7580,6875,6225,6553,6441,7621,5893,6420,5233,4068,6766,6981,5347,8137,4622,6148,5911,7660,7596,6259,6486,5199,4087,5748,6261,7353,7324,5708,5794,5035,4657,4366,8085,5583,5656,4827,6892,4460,5885,5191,6495,5582,4901,6073,6537,6169,6409,5456,5733,5418,5736,5275,4346,6282,5693,4444,6572,5179,6154,6843,6233,7260,4846,6511,5405,5216,5513,5785,6159,4917,7018,6575,4539,7615,8030,7300,5919,5013,7174,5691,7345,6313,7095,6464,6820,6112,7918,6231,6510,8017,4731,4809,7087,4908,8078,5681,5341,8057,7607,8001,7023,5226,8044,5829,6918,7065,5944,6726,7039,6484,4983,6405,7450,5395,5949,5659,7982,6785,6516,5318,6650,5416,6134,5455,6789,6688,5890,6504,4990,4585,6548,6271,6747,8137,7062,5173,7238,4763,5632,6032,7844,5344,5261,6001,5427,7247,5003,4935,5656,5595,8064,7067,6191,4855,6960,5084,4530,7310,6424,7038,6426,6973,5439,5050,6795,5284,5400,5638,6119,5741,4703,5447,4068,6737,4472,4978,6155,5349,7671,4787,6373,6062,4914,6634,5927,6886,6939,8137],num_heads:64,num_heads_kv:1,head_dim:576,head_dim_v:512,causal:0,dtype:bf16.
flash_mla:[D][309,8137]flash_mla,MLA:sparse:decode,is_fp8:1,topk:2048,batch_size:309,seqlen_q:1,seqlen_k:[7896,6508,7097,8137,8001,5108,7068,5948,5997,6519,6248,7580,6875,6225,6553,6441,7621,5893,6420,5233,4068,6766,6981,5347,8137,4622,6148,5911,7660,7596,6259,6486,5199,4087,5748,6261,7353,7324,5708,5794,5035,4657,4366,8085,5583,5656,4827,6892,4460,5885,5191,6495,5582,4901,6073,6537,6169,6409,5456,5733,5418,5736,5275,4346,6282,5693,4444,6572,5179,6154,6843,6233,7260,4846,6511,5405,5216,5513,5785,6159,4917,7018,6575,4539,7615,8030,7300,5919,5013,7174,5691,7345,6313,7095,6464,6820,6112,7918,6231,6510,8017,4731,4809,7087,4908,8078,5681,5341,8057,7607,8001,7023,5226,8044,5829,6918,7065,5944,6726,7039,6484,4983,6405,7450,5395,5949,5659,7982,6785,6516,5318,6650,5416,6134,5455,6789,6688,5890,6504,4990,4585,6548,6271,6747,8137,7062,5173,7238,4763,5632,6032,7844,5344,5261,6001,5427,7247,5003,4935,5656,5595,8064,7067,6191,4855,6960,5084,4530,7310,6424,7038,6426,6973,5439,5050,6795,5284,5400,5638,6119,5741,4703,5447,4068,6737,4472,4978,6155,5349,7671,4787,6373,6062,4914,6634,5927,6886,6939,8137,7461,5726,5858,7220,6768,6753,4457,6077,5351,6386,6002,7027,6424,6901,5627,5141,5684,6084,6487,8137,6059,5129,5750,5630,6591,4535,6166,6261,6338,5494,5860,4653,5600,5549,6525,4926,6896,7621,4068,6535,6790,5453,5697,5966,5799,5787,4397,7273,7199,5274,4610,6631,5516,6246,5777,6805,6808,5364,4695,4492,6722,4892,5586,5495,6048,4132,6293,6634,6191,5785,6201,6507,4068,8091,6498,5438,5704,6604,5983,4068,8137,5989,7139,5398,7664,6393,6721,5038,7333,6803,7425,5463,5612,8137,5023,5963,7258,6201,6694,5695,6478,4773,7788,5981,5410,6779,5633,4745,4732,6807],num_heads:64,num_heads_kv:1,head_dim:576,head_dim_v:512,causal:0,dtype:bf16.
flash_mla:[D][480,8137]flash_mla,MLA:sparse:decode,is_fp8:1,topk:2048,batch_size:480,seqlen_q:1,seqlen_k:[7896,6508,7097,8137,8001,5108,7068,5948,5997,6519,6248,7580,6875,6225,6553,6441,7621,5893,6420,5233,4068,6766,6981,5347,8137,4622,6148,5911,7660,7596,6259,6486,5199,4087,5748,6261,7353,7324,5708,5794,5035,4657,4366,8085,5583,5656,4827,6892,4460,5885,5191,6495,5582,4901,6073,6537,6169,6409,5456,5733,5418,5736,5275,4346,6282,5693,4444,6572,5179,6154,6843,6233,7260,4846,6511,5405,5216,5513,5785,6159,4917,7018,6575,4539,7615,8030,7300,5919,5013,7174,5691,7345,6313,7095,6464,6820,6112,7918,6231,6510,8017,4731,4809,7087,4908,8078,5681,5341,8057,7607,8001,7023,5226,8044,5829,6918,7065,5944,6726,7039,6484,4983,6405,7450,5395,5949,5659,7982,6785,6516,5318,6650,5416,6134,5455,6789,6688,5890,6504,4990,4585,6548,6271,6747,8137,7062,5173,7238,4763,5632,6032,7844,5344,5261,6001,5427,7247,5003,4935,5656,5595,8064,7067,6191,4855,6960,5084,4530,7310,6424,7038,6426,6973,5439,5050,6795,5284,5400,5638,6119,5741,4703,5447,4068,6737,4472,4978,6155,5349,7671,4787,6373,6062,4914,6634,5927,6886,6939,8137,7461,5726,5858,7220,6768,6753,4457,6077,5351,6386,6002,7027,6424,6901,5627,5141,5684,6084,6487,8137,6059,5129,5750,5630,6591,4535,6166,6261,6338,5494,5860,4653,5600,5549,6525,4926,6896,7621,4068,6535,6790,5453,5697,5966,5799,5787,4397,7273,7199,5274,4610,6631,5516,6246,5777,6805,6808,5364,4695,4492,6722,4892,5586,5495,6048,4132,6293,6634,6191,5785,6201,6507,4068,8091,6498,5438,5704,6604,5983,4068,8137,5989,7139,5398,7664,6393,6721,5038,7333,6803,7425,5463,5612,8137,5023,5963,7258,6201,6694,5695,6478,4773,7788,5981,5410,6779,5633,4745,4732,6807,5939,5966,7198,4956,5358,5710,6197,6059,5810,6039,5992,5370,5275,6381,5195,4924,5784,5941,8137,5385,7061,6861,4892,6888,4897,4068,6718,4316,6560,5406,7789,7188,5640,5402,4867,5653,5816,5731,6261,6690,6457,5324,4639,7489,5400,5438,5571,4227,5615,5614,6732,6812,6105,7049,6447,6086,6265,5908,5700,5829,4954,6387,5091,6957,5848,6152,6604,6756,4504,5891,6997,4375,6495,4068,5062,6141,4417,5099,4605,7778,6269,6678,5875,5742,4458,5805,5327,6974,7262,7593,6969,5493,4967,6881,6464,4303,6463,6930,6161,5913,5280,4630,6915,5787,5864,7864,6798,6479,6246,7647,7850,7047,6694,4068,6227,5969,6197,7061,4068,5523,6376,5627,4661,6985,6383,5114,6422,6937,6107,6916,6181,5700,4922,6014,6299,6992,5984,6567,5120,5306,5989,5029,6936,6573,6385,6446,8137,5625,4068,6304,6050,5575,5106,5655,6286,5590,8137,5125,5295,4068,6357,4068,5553,5821,5380,7870,7113,7443,5204,7249,6606],num_heads:64,num_heads_kv:1,head_dim:576,head_dim_v:512,causal:0,dtype:bf16.
flash_mla:[D][746,8137]flash_mla,MLA:sparse:decode,is_fp8:1,topk:2048,batch_size:746,seqlen_q:1,seqlen_k:[7896,6508,7097,8137,8001,5108,7068,5948,5997,6519,6248,7580,6875,6225,6553,6441,7621,5893,6420,5233,4068,6766,6981,5347,8137,4622,6148,5911,7660,7596,6259,6486,5199,4087,5748,6261,7353,7324,5708,5794,5035,4657,4366,8085,5583,5656,4827,6892,4460,5885,5191,6495,5582,4901,6073,6537,6169,6409,5456,5733,5418,5736,5275,4346,6282,5693,4444,6572,5179,6154,6843,6233,7260,4846,6511,5405,5216,5513,5785,6159,4917,7018,6575,4539,7615,8030,7300,5919,5013,7174,5691,7345,6313,7095,6464,6820,6112,7918,6231,6510,8017,4731,4809,7087,4908,8078,5681,5341,8057,7607,8001,7023,5226,8044,5829,6918,7065,5944,6726,7039,6484,4983,6405,7450,5395,5949,5659,7982,6785,6516,5318,6650,5416,6134,5455,6789,6688,5890,6504,4990,4585,6548,6271,6747,8137,7062,5173,7238,4763,5632,6032,7844,5344,5261,6001,5427,7247,5003,4935,5656,5595,8064,7067,6191,4855,6960,5084,4530,7310,6424,7038,6426,6973,5439,5050,6795,5284,5400,5638,6119,5741,4703,5447,4068,6737,4472,4978,6155,5349,7671,4787,6373,6062,4914,6634,5927,6886,6939,8137,7461,5726,5858,7220,6768,6753,4457,6077,5351,6386,6002,7027,6424,6901,5627,5141,5684,6084,6487,8137,6059,5129,5750,5630,6591,4535,6166,6261,6338,5494,5860,4653,5600,5549,6525,4926,6896,7621,4068,6535,6790,5453,5697,5966,5799,5787,4397,7273,7199,5274,4610,6631,5516,6246,5777,6805,6808,5364,4695,4492,6722,4892,5586,5495,6048,4132,6293,6634,6191,5785,6201,6507,4068,8091,6498,5438,5704,6604,5983,4068,8137,5989,7139,5398,7664,6393,6721,5038,7333,6803,7425,5463,5612,8137,5023,5963,7258,6201,6694,5695,6478,4773,7788,5981,5410,6779,5633,4745,4732,6807,5939,5966,7198,4956,5358,5710,6197,6059,5810,6039,5992,5370,5275,6381,5195,4924,5784,5941,8137,5385,7061,6861,4892,6888,4897,4068,6718,4316,6560,5406,7789,7188,5640,5402,4867,5653,5816,5731,6261,6690,6457,5324,4639,7489,5400,5438,5571,4227,5615,5614,6732,6812,6105,7049,6447,6086,6265,5908,5700,5829,4954,6387,5091,6957,5848,6152,6604,6756,4504,5891,6997,4375,6495,4068,5062,6141,4417,5099,4605,7778,6269,6678,5875,5742,4458,5805,5327,6974,7262,7593,6969,5493,4967,6881,6464,4303,6463,6930,6161,5913,5280,4630,6915,5787,5864,7864,6798,6479,6246,7647,7850,7047,6694,4068,6227,5969,6197,7061,4068,5523,6376,5627,4661,6985,6383,5114,6422,6937,6107,6916,6181,5700,4922,6014,6299,6992,5984,6567,5120,5306,5989,5029,6936,6573,6385,6446,8137,5625,4068,6304,6050,5575,5106,5655,6286,5590,8137,5125,5295,4068,6357,4068,5553,5821,5380,7870,7113,7443,5204,7249,6606,6886,7148,5177,5670,6979,4068,7641,6664,6055,6326,5054,5746,7220,7422,8137,6026,5432,5579,5066,6022,6491,6067,7216,5863,5748,5510,4441,4507,4902,7425,7012,7500,4747,4099,5430,6280,6609,7167,6391,7874,5875,5173,4392,5197,6348,5198,7054,7538,4068,6980,4068,6510,7347,6167,4800,5506,5835,5916,5895,5990,6319,4872,5855,7646,5710,5650,7198,4068,7303,5459,6268,6199,7060,5829,5412,7421,4068,6122,4731,5327,8137,6056,6300,4290,5360,6301,6462,6729,6110,6637,6563,4241,6139,6882,6701,5731,5282,4964,5968,7254,4117,5430,4942,6900,5538,5623,5881,6554,5702,4068,6654,6548,5878,4999,6459,6487,5623,5881,5156,5920,4525,6526,5141,6344,4672,5501,5989,4413,6219,5716,4330,4776,6717,7012,5967,6513,6329,6437,7409,4569,6789,5713,5873,5794,5720,4854,6288,7801,6044,6100,5403,5982,6576,5725,5640,6512,5168,6358,6936,7485,6010,7492,7153,5088,4863,5791,7148,6028,5491,7680,6393,4068,6424,6630,6331,6559,6033,4761,5724,5140,5153,4817,6562,6201,5646,5441,6078,7199,4068,6485,5547,4185,4123,5173,6325,6501,5147,7136,7549,6504,5500,7245,6870,6984,5434,4068,8137,4463,6065,8137,6438,7067,4574,4294,5560,7211,5749,5293,6303,7202,4632,4870,5299,7215,6340,8137,7054,6066,7388,6317,5385,6793,5393,5806,7452,5998,5285,5629,7141,5540,5708,5583,6289,5709,4472,5199,5153,7366,6928,6699,5588,5272,5585,5032,8137,4068,6675,4795,5995,5097,4904,4942,7886,5966,5323,6667],num_heads:64,num_heads_kv:1,head_dim:576,head_dim_v:512,causal:0,dtype:bf16.
flash_mla:[D][1,19943]flash_mla,MLA:sparse:decode,is_fp8:1,topk:2048,batch_size:1,seqlen_q:1,seqlen_k:[19943],num_heads:64,num_heads_kv:1,head_dim:576,head_dim_v:512,causal:0,dtype:bf16.
flash_mla:[D][2,19943]flash_mla,MLA:sparse:decode,is_fp8:1,topk:2048,batch_size:2,seqlen_q:1,seqlen_k:[19943,16440],num_heads:64,num_heads_kv:1,head_dim:576,head_dim_v:512,causal:0,dtype:bf16.
flash_mla:[D][3,19943]flash_mla,MLA:sparse:decode,is_fp8:1,topk:2048,batch_size:3,seqlen_q:1,seqlen_k:[19943,16440,17926],num_heads:64,num_heads_kv:1,head_dim:576,head_dim_v:512,causal:0,dtype:bf16.
flash_mla:[D][5,20550]flash_mla,MLA:sparse:decode,is_fp8:1,topk:2048,batch_size:5,seqlen_q:1,seqlen_k:[19943,16440,17926,20550,20209],num_heads:64,num_heads_kv:1,head_dim:576,head_dim_v:512,causal:0,dtype:bf16.
flash_mla:[D][7,20550]flash_mla,MLA:sparse:decode,is_fp8:1,topk:2048,batch_size:7,seqlen_q:1,seqlen_k:[19943,16440,17926,20550,20209,12901,17852],num_heads:64,num_heads_kv:1,head_dim:576,head_dim_v:512,causal:0,dtype:bf16.
flash_mla:[D][10,20550]flash_mla,MLA:sparse:decode,is_fp8:1,topk:2048,batch_size:10,seqlen_q:1,seqlen_k:[19943,16440,17926,20550,20209,12901,17852,15023,15146,16466],num_heads:64,num_heads_kv:1,head_dim:576,head_dim_v:512,causal:0,dtype:bf16.
flash_mla:[D][14,20550]flash_mla,MLA:sparse:decode,is_fp8:1,topk:2048,batch_size:14,seqlen_q:1,seqlen_k:[19943,16440,17926,20550,20209,12901,17852,15023,15146,16466,15782,19148,17367,15724],num_heads:64,num_heads_kv:1,head_dim:576,head_dim_v:512,causal:0,dtype:bf16.
flash_mla:[D][21,20550]flash_mla,MLA:sparse:decode,is_fp8:1,topk:2048,batch_size:21,seqlen_q:1,seqlen_k:[19943,16440,17926,20550,20209,12901,17852,15023,15146,16466,15782,19148,17367,15724,16552,16269,19250,14884,16216,13217,10275],num_heads:64,num_heads_kv:1,head_dim:576,head_dim_v:512,causal:0,dtype:bf16.
flash_mla:[D][30,20550]flash_mla,MLA:sparse:decode,is_fp8:1,topk:2048,batch_size:30,seqlen_q:1,seqlen_k:[19943,16440,17926,20550,20209,12901,17852,15023,15146,16466,15782,19148,17367,15724,16552,16269,19250,14884,16216,13217,10275,17091,17632,13505,20550,11675,15529,14931,19349,19186],num_heads:64,num_heads_kv:1,head_dim:576,head_dim_v:512,causal:0,dtype:bf16.
flash_mla:[D][44,20550]flash_mla,MLA:sparse:decode,is_fp8:1,topk:2048,batch_size:44,seqlen_q:1,seqlen_k:[19943,16440,17926,20550,20209,12901,17852,15023,15146,16466,15782,19148,17367,15724,16552,16269,19250,14884,16216,13217,10275,17091,17632,13505,20550,11675,15529,14931,19349,19186,15810,16383,13131,10323,14518,15813,18572,18500,14416,14635,12718,11763,11028,20423],num_heads:64,num_heads_kv:1,head_dim:576,head_dim_v:512,causal:0,dtype:bf16.
flash_mla:[D][65,20550]flash_mla,MLA:sparse:decode,is_fp8:1,topk:2048,batch_size:65,seqlen_q:1,seqlen_k:[19943,16440,17926,20550,20209,12901,17852,15023,15146,16466,15782,19148,17367,15724,16552,16269,19250,14884,16216,13217,10275,17091,17632,13505,20550,11675,15529,14931,19349,19186,15810,16383,13131,10323,14518,15813,18572,18500,14416,14635,12718,11763,11028,20423,14102,14286,12193,17409,11265,14865,13111,16405,14099,12378,15339,16512,15582,16189,13782,14480,13684,14488,13323,10977,15867],num_heads:64,num_heads_kv:1,head_dim:576,head_dim_v:512,causal:0,dtype:bf16.
flash_mla:[D][95,20550]flash_mla,MLA:sparse:decode,is_fp8:1,topk:2048,batch_size:95,seqlen_q:1,seqlen_k:[19943,16440,17926,20550,20209,12901,17852,15023,15146,16466,15782,19148,17367,15724,16552,16269,19250,14884,16216,13217,10275,17091,17632,13505,20550,11675,15529,14931,19349,19186,15810,16383,13131,10323,14518,15813,18572,18500,14416,14635,12718,11763,11028,20423,14102,14286,12193,17409,11265,14865,13111,16405,14099,12378,15339,16512,15582,16189,13782,14480,13684,14488,13323,10977,15867,14379,11224,16600,13081,15545,17285,15743,18339,12239,16445,13652,13174,13924,14611,15556,12418,17726,16608,11465,19235,20282,18440,14949,12661,18120,14376,18552,15947,17920,16327],num_heads:64,num_heads_kv:1,head_dim:576,head_dim_v:512,causal:0,dtype:bf16.
flash_mla:[D][139,20550]flash_mla,MLA:sparse:decode,is_fp8:1,topk:2048,batch_size:139,seqlen_q:1,seqlen_k:[19943,16440,17926,20550,20209,12901,17852,15023,15146,16466,15782,19148,17367,15724,16552,16269,19250,14884,16216,13217,10275,17091,17632,13505,20550,11675,15529,14931,19349,19186,15810,16383,13131,10323,14518,15813,18572,18500,14416,14635,12718,11763,11028,20423,14102,14286,12193,17409,11265,14865,13111,16405,14099,12378,15339,16512,15582,16189,13782,14480,13684,14488,13323,10977,15867,14379,11224,16600,13081,15545,17285,15743,18339,12239,16445,13652,13174,13924,14611,15556,12418,17726,16608,11465,19235,20282,18440,14949,12661,18120,14376,18552,15947,17920,16327,17227,15438,19999,15738,16444,20249,11949,12148,17902,12398,20405,14349,13491,20352,19215,20209,17739,13199,20318,14723,17473,17845,15013,16989,17781,16379,12587,16178,18819,13627,15027,14294,20162,17139,16458,13434,16797,13679,15493,13778,17149,16893,14876,16429],num_heads:64,num_heads_kv:1,head_dim:576,head_dim_v:512,causal:0,dtype:bf16.
flash_mla:[D][203,20550]flash_mla,MLA:sparse:decode,is_fp8:1,topk:2048,batch_size:203,seqlen_q:1,seqlen_k:[19943,16440,17926,20550,20209,12901,17852,15023,15146,16466,15782,19148,17367,15724,16552,16269,19250,14884,16216,13217,10275,17091,17632,13505,20550,11675,15529,14931,19349,19186,15810,16383,13131,10323,14518,15813,18572,18500,14416,14635,12718,11763,11028,20423,14102,14286,12193,17409,11265,14865,13111,16405,14099,12378,15339,16512,15582,16189,13782,14480,13684,14488,13323,10977,15867,14379,11224,16600,13081,15545,17285,15743,18339,12239,16445,13652,13174,13924,14611,15556,12418,17726,16608,11465,19235,20282,18440,14949,12661,18120,14376,18552,15947,17920,16327,17227,15438,19999,15738,16444,20249,11949,12148,17902,12398,20405,14349,13491,20352,19215,20209,17739,13199,20318,14723,17473,17845,15013,16989,17781,16379,12587,16178,18819,13627,15027,14294,20162,17139,16458,13434,16797,13679,15493,13778,17149,16893,14876,16429,12603,11580,16540,15840,17043,20550,17838,13066,18281,12031,14226,15236,19813,13498,13288,15159,13707,18306,12637,12464,14287,14132,20368,17851,15636,12263,17581,12842,11443,18464,16226,17777,16230,17613,13739,12755,17163,13348,13640,14241,15456,14502,11879,13758,10275,17018,11296,12574,15546,13512,19376,12090,16098,15311,12411,16756,14971,17394,17527,20550,18845,14463,14797,18237],num_heads:64,num_heads_kv:1,head_dim:576,head_dim_v:512,causal:0,dtype:bf16.
flash_mla:[D][296,20550]flash_mla,MLA:sparse:decode,is_fp8:1,topk:2048,batch_size:296,seqlen_q:1,seqlen_k:[19943,16440,17926,20550,20209,12901,17852,15023,15146,16466,15782,19148,17367,15724,16552,16269,19250,14884,16216,13217,10275,17091,17632,13505,20550,11675,15529,14931,19349,19186,15810,16383,13131,10323,14518,15813,18572,18500,14416,14635,12718,11763,11028,20423,14102,14286,12193,17409,11265,14865,13111,16405,14099,12378,15339,16512,15582,16189,13782,14480,13684,14488,13323,10977,15867,14379,11224,16600,13081,15545,17285,15743,18339,12239,16445,13652,13174,13924,14611,15556,12418,17726,16608,11465,19235,20282,18440,14949,12661,18120,14376,18552,15947,17920,16327,17227,15438,19999,15738,16444,20249,11949,12148,17902,12398,20405,14349,13491,20352,19215,20209,17739,13199,20318,14723,17473,17845,15013,16989,17781,16379,12587,16178,18819,13627,15027,14294,20162,17139,16458,13434,16797,13679,15493,13778,17149,16893,14876,16429,12603,11580,16540,15840,17043,20550,17838,13066,18281,12031,14226,15236,19813,13498,13288,15159,13707,18306,12637,12464,14287,14132,20368,17851,15636,12263,17581,12842,11443,18464,16226,17777,16230,17613,13739,12755,17163,13348,13640,14241,15456,14502,11879,13758,10275,17018,11296,12574,15546,13512,19376,12090,16098,15311,12411,16756,14971,17394,17527,20550,18845,14463,14797,18237,17095,17056,11258,15349,13515,16131,15159,17750,16226,17432,14213,12985,14358,15368,16386,20550,15303,12956,14523,14221,16648,11453,15574,15814,16008,13877,14800,11753,14144,14017,16480,12441,17418,19251,10275,16507,17150,13774,14391,15070,14646,14618,11106,18372,18185,13322,11644,16750,13932,15776,14591,17188,17196,13547,11858,11345,16980,12357,14109,13880,15276,10437,15896,16757,15639,14613,15662,16437,10275,20436,16414,13735,14407,16680,15113,10275,20550,15128,18032,13634,19358,16147,16976,12726,18523,17184,18756,13798,14176,20550,12688,15062,18332],num_heads:64,num_heads_kv:1,head_dim:576,head_dim_v:512,causal:0,dtype:bf16.
flash_mla:[D][1,50367]flash_mla,MLA:sparse:decode,is_fp8:1,topk:2048,batch_size:1,seqlen_q:1,seqlen_k:[50367],num_heads:64,num_heads_kv:1,head_dim:576,head_dim_v:512,causal:0,dtype:bf16.
flash_mla:[D][2,50367]flash_mla,MLA:sparse:decode,is_fp8:1,topk:2048,batch_size:2,seqlen_q:1,seqlen_k:[50367,41519],num_heads:64,num_heads_kv:1,head_dim:576,head_dim_v:512,causal:0,dtype:bf16.
flash_mla:[D][3,50367]flash_mla,MLA:sparse:decode,is_fp8:1,topk:2048,batch_size:3,seqlen_q:1,seqlen_k:[50367,41519,45273],num_heads:64,num_heads_kv:1,head_dim:576,head_dim_v:512,causal:0,dtype:bf16.
flash_mla:[D][4,51899]flash_mla,MLA:sparse:decode,is_fp8:1,topk:2048,batch_size:4,seqlen_q:1,seqlen_k:[50367,41519,45273,51899],num_heads:64,num_heads_kv:1,head_dim:576,head_dim_v:512,causal:0,dtype:bf16.
flash_mla:[D][5,51899]flash_mla,MLA:sparse:decode,is_fp8:1,topk:2048,batch_size:5,seqlen_q:1,seqlen_k:[50367,41519,45273,51899,51038],num_heads:64,num_heads_kv:1,head_dim:576,head_dim_v:512,causal:0,dtype:bf16.
flash_mla:[D][7,51899]flash_mla,MLA:sparse:decode,is_fp8:1,topk:2048,batch_size:7,seqlen_q:1,seqlen_k:[50367,41519,45273,51899,51038,32584,45087],num_heads:64,num_heads_kv:1,head_dim:576,head_dim_v:512,causal:0,dtype:bf16.
flash_mla:[D][9,51899]flash_mla,MLA:sparse:decode,is_fp8:1,topk:2048,batch_size:9,seqlen_q:1,seqlen_k:[50367,41519,45273,51899,51038,32584,45087,37942,38254],num_heads:64,num_heads_kv:1,head_dim:576,head_dim_v:512,causal:0,dtype:bf16.
flash_mla:[D][13,51899]flash_mla,MLA:sparse:decode,is_fp8:1,topk:2048,batch_size:13,seqlen_q:1,seqlen_k:[50367,41519,45273,51899,51038,32584,45087,37942,38254,41587,39858,48357,43860],num_heads:64,num_heads_kv:1,head_dim:576,head_dim_v:512,causal:0,dtype:bf16.
flash_mla:[D][17,51899]flash_mla,MLA:sparse:decode,is_fp8:1,topk:2048,batch_size:17,seqlen_q:1,seqlen_k:[50367,41519,45273,51899,51038,32584,45087,37942,38254,41587,39858,48357,43860,39713,41803,41088,48616],num_heads:64,num_heads_kv:1,head_dim:576,head_dim_v:512,causal:0,dtype:bf16.
flash_mla:[D][24,51899]flash_mla,MLA:sparse:decode,is_fp8:1,topk:2048,batch_size:24,seqlen_q:1,seqlen_k:[50367,41519,45273,51899,51038,32584,45087,37942,38254,41587,39858,48357,43860,39713,41803,41088,48616,37593,40954,33383,25949,43164,44531,34109],num_heads:64,num_heads_kv:1,head_dim:576,head_dim_v:512,causal:0,dtype:bf16.
flash_mla:[D][33,51899]flash_mla,MLA:sparse:decode,is_fp8:1,topk:2048,batch_size:33,seqlen_q:1,seqlen_k:[50367,41519,45273,51899,51038,32584,45087,37942,38254,41587,39858,48357,43860,39713,41803,41088,48616,37593,40954,33383,25949,43164,44531,34109,51899,29489,39220,37709,48867,48455,39929,41377,33164],num_heads:64,num_heads_kv:1,head_dim:576,head_dim_v:512,causal:0,dtype:bf16.
flash_mla:[D][45,51899]flash_mla,MLA:sparse:decode,is_fp8:1,topk:2048,batch_size:45,seqlen_q:1,seqlen_k:[50367,41519,45273,51899,51038,32584,45087,37942,38254,41587,39858,48357,43860,39713,41803,41088,48616,37593,40954,33383,25949,43164,44531,34109,51899,29489,39220,37709,48867,48455,39929,41377,33164,26074,36667,39938,46904,46723,36411,36962,32122,29712,27855,51578,35617],num_heads:64,num_heads_kv:1,head_dim:576,head_dim_v:512,causal:0,dtype:bf16.
flash_mla:[D][62,51899]flash_mla,MLA:sparse:decode,is_fp8:1,topk:2048,batch_size:62,seqlen_q:1,seqlen_k:[50367,41519,45273,51899,51038,32584,45087,37942,38254,41587,39858,48357,43860,39713,41803,41088,48616,37593,40954,33383,25949,43164,44531,34109,51899,29489,39220,37709,48867,48455,39929,41377,33164,26074,36667,39938,46904,46723,36411,36962,32122,29712,27855,51578,35617,36082,30797,43967,28454,37543,33115,41433,35610,31265,38741,41702,39355,40886,34809,36570,34561,36591],num_heads:64,num_heads_kv:1,head_dim:576,head_dim_v:512,causal:0,dtype:bf16.
flash_mla:[D][85,51899]flash_mla,MLA:sparse:decode,is_fp8:1,topk:2048,batch_size:85,seqlen_q:1,seqlen_k:[50367,41519,45273,51899,51038,32584,45087,37942,38254,41587,39858,48357,43860,39713,41803,41088,48616,37593,40954,33383,25949,43164,44531,34109,51899,29489,39220,37709,48867,48455,39929,41377,33164,26074,36667,39938,46904,46723,36411,36962,32122,29712,27855,51578,35617,36082,30797,43967,28454,37543,33115,41433,35610,31265,38741,41702,39355,40886,34809,36570,34561,36591,33649,27725,40074,36317,28348,41926,33038,39260,43653,39760,46315,30913,41533,34481,33275,35169,36902,39288,31365,44767,41944,28958,48578],num_heads:64,num_heads_kv:1,head_dim:576,head_dim_v:512,causal:0,dtype:bf16.
flash_mla:[D][117,51899]flash_mla,MLA:sparse:decode,is_fp8:1,topk:2048,batch_size:117,seqlen_q:1,seqlen_k:[50367,41519,45273,51899,51038,32584,45087,37942,38254,41587,39858,48357,43860,39713,41803,41088,48616,37593,40954,33383,25949,43164,44531,34109,51899,29489,39220,37709,48867,48455,39929,41377,33164,26074,36667,39938,46904,46723,36411,36962,32122,29712,27855,51578,35617,36082,30797,43967,28454,37543,33115,41433,35610,31265,38741,41702,39355,40886,34809,36570,34561,36591,33649,27725,40074,36317,28348,41926,33038,39260,43653,39760,46315,30913,41533,34481,33275,35169,36902,39288,31365,44767,41944,28958,48578,51222,46570,37756,31978,45764,36308,46854,40275,45259,41235,43507,38992,50508,39747,41531,51139,30181,30682,45212,31313,51532,36240,34075,51398,48528,51038,44801,33337,51314,37185,44129,45068],num_heads:64,num_heads_kv:1,head_dim:576,head_dim_v:512,causal:0,dtype:bf16.
flash_mla:[D][1,127206]flash_mla,MLA:sparse:decode,is_fp8:1,topk:2048,batch_size:1,seqlen_q:1,seqlen_k:[127206],num_heads:64,num_heads_kv:1,head_dim:576,head_dim_v:512,causal:0,dtype:bf16.
flash_mla:[D][2,127206]flash_mla,MLA:sparse:decode,is_fp8:1,topk:2048,batch_size:2,seqlen_q:1,seqlen_k:[127206,104860],num_heads:64,num_heads_kv:1,head_dim:576,head_dim_v:512,causal:0,dtype:bf16.
flash_mla:[D][3,127206]flash_mla,MLA:sparse:decode,is_fp8:1,topk:2048,batch_size:3,seqlen_q:1,seqlen_k:[127206,104860,114339],num_heads:64,num_heads_kv:1,head_dim:576,head_dim_v:512,causal:0,dtype:bf16.
flash_mla:[D][4,131072]flash_mla,MLA:sparse:decode,is_fp8:1,topk:2048,batch_size:4,seqlen_q:1,seqlen_k:[127206,104860,114339,131072],num_heads:64,num_heads_kv:1,head_dim:576,head_dim_v:512,causal:0,dtype:bf16.
flash_mla:[D][5,131072]flash_mla,MLA:sparse:decode,is_fp8:1,topk:2048,batch_size:5,seqlen_q:1,seqlen_k:[127206,104860,114339,131072,128902],num_heads:64,num_heads_kv:1,head_dim:576,head_dim_v:512,causal:0,dtype:bf16.
flash_mla:[D][6,131072]flash_mla,MLA:sparse:decode,is_fp8:1,topk:2048,batch_size:6,seqlen_q:1,seqlen_k:[127206,104860,114339,131072,128902,82292],num_heads:64,num_heads_kv:1,head_dim:576,head_dim_v:512,causal:0,dtype:bf16.
flash_mla:[D][8,131072]flash_mla,MLA:sparse:decode,is_fp8:1,topk:2048,batch_size:8,seqlen_q:1,seqlen_k:[127206,104860,114339,131072,128902,82292,113870,95824],num_heads:64,num_heads_kv:1,head_dim:576,head_dim_v:512,causal:0,dtype:bf16.
flash_mla:[D][10,131072]flash_mla,MLA:sparse:decode,is_fp8:1,topk:2048,batch_size:10,seqlen_q:1,seqlen_k:[127206,104860,114339,131072,128902,82292,113870,95824,96612,105031],num_heads:64,num_heads_kv:1,head_dim:576,head_dim_v:512,causal:0,dtype:bf16.
flash_mla:[D][13,131072]flash_mla,MLA:sparse:decode,is_fp8:1,topk:2048,batch_size:13,seqlen_q:1,seqlen_k:[127206,104860,114339,131072,128902,82292,113870,95824,96612,105031,100664,122130,110772],num_heads:64,num_heads_kv:1,head_dim:576,head_dim_v:512,causal:0,dtype:bf16.
flash_mla:[D][17,131072]flash_mla,MLA:sparse:decode,is_fp8:1,topk:2048,batch_size:17,seqlen_q:1,seqlen_k:[127206,104860,114339,131072,128902,82292,113870,95824,96612,105031,100664,122130,110772,100297,105576,103770,122782],num_heads:64,num_heads_kv:1,head_dim:576,head_dim_v:512,causal:0,dtype:bf16.
flash_mla:[D][21,131072]flash_mla,MLA:sparse:decode,is_fp8:1,topk:2048,batch_size:21,seqlen_q:1,seqlen_k:[127206,104860,114339,131072,128902,82292,113870,95824,96612,105031,100664,122130,110772,100297,105576,103770,122782,94942,103433,84310,65536],num_heads:64,num_heads_kv:1,head_dim:576,head_dim_v:512,causal:0,dtype:bf16.
flash_mla:[D][28,131072]flash_mla,MLA:sparse:decode,is_fp8:1,topk:2048,batch_size:28,seqlen_q:1,seqlen_k:[127206,104860,114339,131072,128902,82292,113870,95824,96612,105031,100664,122130,110772,100297,105576,103770,122782,94942,103433,84310,65536,109012,112466,86144,131072,74475,99053,95237],num_heads:64,num_heads_kv:1,head_dim:576,head_dim_v:512,causal:0,dtype:bf16.
flash_mla:[D][36,131072]flash_mla,MLA:sparse:decode,is_fp8:1,topk:2048,batch_size:36,seqlen_q:1,seqlen_k:[127206,104860,114339,131072,128902,82292,113870,95824,96612,105031,100664,122130,110772,100297,105576,103770,122782,94942,103433,84310,65536,109012,112466,86144,131072,74475,99053,95237,123417,122377,100842,104499,83758,65850,92603,100865],num_heads:64,num_heads_kv:1,head_dim:576,head_dim_v:512,causal:0,dtype:bf16.
flash_mla:[D][46,131072]flash_mla,MLA:sparse:decode,is_fp8:1,topk:2048,batch_size:46,seqlen_q:1,seqlen_k:[127206,104860,114339,131072,128902,82292,113870,95824,96612,105031,100664,122130,110772,100297,105576,103770,122782,94942,103433,84310,65536,109012,112466,86144,131072,74475,99053,95237,123417,122377,100842,104499,83758,65850,92603,100865,118461,118003,91958,93351,81124,75038,70348,130265,89953,91126],num_heads:64,num_heads_kv:1,head_dim:576,head_dim_v:512,causal:0,dtype:bf16.
flash_mla:[D][1,194]flash_mla,MLA:sparse:decode,is_fp8:1,topk:2048,batch_size:1,seqlen_q:2,seqlen_k:[194],num_heads:64,num_heads_kv:1,head_dim:576,head_dim_v:512,causal:0,dtype:bf16.
flash_mla:[D][2,194]flash_mla,MLA:sparse:decode,is_fp8:1,topk:2048,batch_size:2,seqlen_q:2,seqlen_k:[194,160],num_heads:64,num_heads_kv:1,head_dim:576,head_dim_v:512,causal:0,dtype:bf16.
flash_mla:[D][3,194]flash_mla,MLA:sparse:decode,is_fp8:1,topk:2048,batch_size:3,seqlen_q:2,seqlen_k:[194,160,174],num_heads:64,num_heads_kv:1,head_dim:576,head_dim_v:512,causal:0,dtype:bf16.
flash_mla:[D][4,200]flash_mla,MLA:sparse:decode,is_fp8:1,topk:2048,batch_size:4,seqlen_q:2,seqlen_k:[194,160,174,200],num_heads:64,num_heads_kv:1,head_dim:576,head_dim_v:512,causal:0,dtype:bf16.
flash_mla:[D][7,200]flash_mla,MLA:sparse:decode,is_fp8:1,topk:2048,batch_size:7,seqlen_q:2,seqlen_k:[194,160,174,200,196,125,173],num_heads:64,num_heads_kv:1,head_dim:576,head_dim_v:512,causal:0,dtype:bf16.
flash_mla:[D][11,200]flash_mla,MLA:sparse:decode,is_fp8:1,topk:2048,batch_size:11,seqlen_q:2,seqlen_k:[194,160,174,200,196,125,173,146,147,160,153],num_heads:64,num_heads_kv:1,head_dim:576,head_dim_v:512,causal:0,dtype:bf16.
flash_mla:[D][19,200]flash_mla,MLA:sparse:decode,is_fp8:1,topk:2048,batch_size:19,seqlen_q:2,seqlen_k:[194,160,174,200,196,125,173,146,147,160,153,186,169,153,161,158,187,144,157],num_heads:64,num_heads_kv:1,head_dim:576,head_dim_v:512,causal:0,dtype:bf16.
flash_mla:[D][30,200]flash_mla,MLA:sparse:decode,is_fp8:1,topk:2048,batch_size:30,seqlen_q:2,seqlen_k:[194,160,174,200,196,125,173,146,147,160,153,186,169,153,161,158,187,144,157,128,100,166,171,131,200,113,151,145,188,186],num_heads:64,num_heads_kv:1,head_dim:576,head_dim_v:512,causal:0,dtype:bf16.
flash_mla:[D][49,200]flash_mla,MLA:sparse:decode,is_fp8:1,topk:2048,batch_size:49,seqlen_q:2,seqlen_k:[194,160,174,200,196,125,173,146,147,160,153,186,169,153,161,158,187,144,157,128,100,166,171,131,200,113,151,145,188,186,153,159,127,100,141,153,180,180,140,142,123,114,107,198,137,139,118,169,109],num_heads:64,num_heads_kv:1,head_dim:576,head_dim_v:512,causal:0,dtype:bf16.
flash_mla:[D][80,200]flash_mla,MLA:sparse:decode,is_fp8:1,topk:2048,batch_size:80,seqlen_q:2,seqlen_k:[194,160,174,200,196,125,173,146,147,160,153,186,169,153,161,158,187,144,157,128,100,166,171,131,200,113,151,145,188,186,153,159,127,100,141,153,180,180,140,142,123,114,107,198,137,139,118,169,109,144,127,159,137,120,149,160,151,157,134,140,133,141,129,106,154,139,109,161,127,151,168,153,178,119,160,132,128,135,142,151],num_heads:64,num_heads_kv:1,head_dim:576,head_dim_v:512,causal:0,dtype:bf16.
flash_mla:[D][131,200]flash_mla,MLA:sparse:decode,is_fp8:1,topk:2048,batch_size:131,seqlen_q:2,seqlen_k:[194,160,174,200,196,125,173,146,147,160,153,186,169,153,161,158,187,144,157,128,100,166,171,131,200,113,151,145,188,186,153,159,127,100,141,153,180,180,140,142,123,114,107,198,137,139,118,169,109,144,127,159,137,120,149,160,151,157,134,140,133,141,129,106,154,139,109,161,127,151,168,153,178,119,160,132,128,135,142,151,120,172,161,111,187,197,179,145,123,176,139,180,155,174,158,167,150,194,153,160,197,116,118,174,120,198,139,131,198,187,196,172,128,197,143,170,173,146,165,173,159,122,157,183,132,146,139,196,166,160,130],num_heads:64,num_heads_kv:1,head_dim:576,head_dim_v:512,causal:0,dtype:bf16.
flash_mla:[D][213,200]flash_mla,MLA:sparse:decode,is_fp8:1,topk:2048,batch_size:213,seqlen_q:2,seqlen_k:[194,160,174,200,196,125,173,146,147,160,153,186,169,153,161,158,187,144,157,128,100,166,171,131,200,113,151,145,188,186,153,159,127,100,141,153,180,180,140,142,123,114,107,198,137,139,118,169,109,144,127,159,137,120,149,160,151,157,134,140,133,141,129,106,154,139,109,161,127,151,168,153,178,119,160,132,128,135,142,151,120,172,161,111,187,197,179,145,123,176,139,180,155,174,158,167,150,194,153,160,197,116,118,174,120,198,139,131,198,187,196,172,128,197,143,170,173,146,165,173,159,122,157,183,132,146,139,196,166,160,130,163,133,150,134,166,164,144,159,122,112,160,154,165,200,173,127,177,117,138,148,192,131,129,147,133,178,123,121,139,137,198,173,152,119,171,124,111,179,157,173,157,171,133,124,167,129,132,138,150,141,115,133,100,165,109,122,151,131,188,117,156,149,120,163,145,169,170,200,183,140,144,177,166,166,109,149,131,156,147,172,157,169],num_heads:64,num_heads_kv:1,head_dim:576,head_dim_v:512,causal:0,dtype:bf16.
flash_mla:[D][346,200]flash_mla,MLA:sparse:decode,is_fp8:1,topk:2048,batch_size:346,seqlen_q:2,seqlen_k:[194,160,174,200,196,125,173,146,147,160,153,186,169,153,161,158,187,144,157,128,100,166,171,131,200,113,151,145,188,186,153,159,127,100,141,153,180,180,140,142,123,114,107,198,137,139,118,169,109,144,127,159,137,120,149,160,151,157,134,140,133,141,129,106,154,139,109,161,127,151,168,153,178,119,160,132,128,135,142,151,120,172,161,111,187,197,179,145,123,176,139,180,155,174,158,167,150,194,153,160,197,116,118,174,120,198,139,131,198,187,196,172,128,197,143,170,173,146,165,173,159,122,157,183,132,146,139,196,166,160,130,163,133,150,134,166,164,144,159,122,112,160,154,165,200,173,127,177,117,138,148,192,131,129,147,133,178,123,121,139,137,198,173,152,119,171,124,111,179,157,173,157,171,133,124,167,129,132,138,150,141,115,133,100,165,109,122,151,131,188,117,156,149,120,163,145,169,170,200,183,140,144,177,166,166,109,149,131,156,147,172,157,169,138,126,139,149,159,200,148,126,141,138,162,111,151,153,155,135,144,114,137,136,160,121,169,187,100,160,166,134,140,146,142,142,108,178,176,129,113,163,135,153,142,167,167,131,115,110,165,120,137,135,148,101,154,163,152,142,152,159,100,198,159,133,140,162,147,100,200,147,175,132,188,157,165,123,180,167,182,134,137,200,123,146,178,152,164,140,159,117,191,147,132,166,138,116,116,167,146,146,176,121,131,140,152,148,142,148,147,132,129,156,127,121,142,146,200,132,173,168,120,169,120,100,165,106,161,132,191,176,138,132,119,138,142],num_heads:64,num_heads_kv:1,head_dim:576,head_dim_v:512,causal:0,dtype:bf16.
flash_mla:[D][563,200]flash_mla,MLA:sparse:decode,is_fp8:1,topk:2048,batch_size:563,seqlen_q:2,seqlen_k:[194,160,174,200,196,125,173,146,147,160,153,186,169,153,161,158,187,144,157,128,100,166,171,131,200,113,151,145,188,186,153,159,127,100,141,153,180,180,140,142,123,114,107,198,137,139,118,169,109,144,127,159,137,120,149,160,151,157,134,140,133,141,129,106,154,139,109,161,127,151,168,153,178,119,160,132,128,135,142,151,120,172,161,111,187,197,179,145,123,176,139,180,155,174,158,167,150,194,153,160,197,116,118,174,120,198,139,131,198,187,196,172,128,197,143,170,173,146,165,173,159,122,157,183,132,146,139,196,166,160,130,163,133,150,134,166,164,144,159,122,112,160,154,165,200,173,127,177,117,138,148,192,131,129,147,133,178,123,121,139,137,198,173,152,119,171,124,111,179,157,173,157,171,133,124,167,129,132,138,150,141,115,133,100,165,109,122,151,131,188,117,156,149,120,163,145,169,170,200,183,140,144,177,166,166,109,149,131,156,147,172,157,169,138,126,139,149,159,200,148,126,141,138,162,111,151,153,155,135,144,114,137,136,160,121,169,187,100,160,166,134,140,146,142,142,108,178,176,129,113,163,135,153,142,167,167,131,115,110,165,120,137,135,148,101,154,163,152,142,152,159,100,198,159,133,140,162,147,100,200,147,175,132,188,157,165,123,180,167,182,134,137,200,123,146,178,152,164,140,159,117,191,147,132,166,138,116,116,167,146,146,176,121,131,140,152,148,142,148,147,132,129,156,127,121,142,146,200,132,173,168,120,169,120,100,165,106,161,132,191,176,138,132,119,138,142,140,153,164,158,130,114,184,132,133,136,103,138,138,165,167,150,173,158,149,154,145,140,143,121,157,125,171,143,151,162,166,110,144,172,107,159,100,124,150,108,125,113,191,154,164,144,141,109,142,130,171,178,186,171,135,122,169,158,105,158,170,151,145,129,113,170,142,144,193,167,159,153,187,192,173,164,100,153,146,152,173,100,135,156,138,114,171,156,125,157,170,150,170,151,140,121,147,154,171,147,161,125,130,147,123,170,161,156,158,200,138,100,154,148,137,125,139,154,137,200,125,130,100,156,100,136,143,132,193,174,182,127,178,162,169,175,127,139,171,100,187,163,148,155,124,141,177,182,200,148,133,137,124,148,159,149,177,144,141,135,109,110,120,182,172,184,116,100,133,154,162,176,157,193,144,127,107,127,156,127,173,185,100,171,100,160,180,151,118,135,143,145,144,147,155,119,143,187,140,138,176,100,179,134,154,152,173,143,133,182,100,150,116,130,200,148,154],num_heads:64,num_heads_kv:1,head_dim:576,head_dim_v:512,causal:0,dtype:bf16.
flash_mla:[D][917,200]flash_mla,MLA:sparse:decode,is_fp8:1,topk:2048,batch_size:917,seqlen_q:2,seqlen_k:[194,160,174,200,196,125,173,146,147,160,153,186,169,153,161,158,187,144,157,128,100,166,171,131,200,113,151,145,188,186,153,159,127,100,141,153,180,180,140,142,123,114,107,198,137,139,118,169,109,144,127,159,137,120,149,160,151,157,134,140,133,141,129,106,154,139,109,161,127,151,168,153,178,119,160,132,128,135,142,151,120,172,161,111,187,197,179,145,123,176,139,180,155,174,158,167,150,194,153,160,197,116,118,174,120,198,139,131,198,187,196,172,128,197,143,170,173,146,165,173,159,122,157,183,132,146,139,196,166,160,130,163,133,150,134,166,164,144,159,122,112,160,154,165,200,173,127,177,117,138,148,192,131,129,147,133,178,123,121,139,137,198,173,152,119,171,124,111,179,157,173,157,171,133,124,167,129,132,138,150,141,115,133,100,165,109,122,151,131,188,117,156,149,120,163,145,169,170,200,183,140,144,177,166,166,109,149,131,156,147,172,157,169,138,126,139,149,159,200,148,126,141,138,162,111,151,153,155,135,144,114,137,136,160,121,169,187,100,160,166,134,140,146,142,142,108,178,176,129,113,163,135,153,142,167,167,131,115,110,165,120,137,135,148,101,154,163,152,142,152,159,100,198,159,133,140,162,147,100,200,147,175,132,188,157,165,123,180,167,182,134,137,200,123,146,178,152,164,140,159,117,191,147,132,166,138,116,116,167,146,146,176,121,131,140,152,148,142,148,147,132,129,156,127,121,142,146,200,132,173,168,120,169,120,100,165,106,161,132,191,176,138,132,119,138,142,140,153,164,158,130,114,184,132,133,136,103,138,138,165,167,150,173,158,149,154,145,140,143,121,157,125,171,143,151,162,166,110,144,172,107,159,100,124,150,108,125,113,191,154,164,144,141,109,142,130,171,178,186,171,135,122,169,158,105,158,170,151,145,129,113,170,142,144,193,167,159,153,187,192,173,164,100,153,146,152,173,100,135,156,138,114,171,156,125,157,170,150,170,151,140,121,147,154,171,147,161,125,130,147,123,170,161,156,158,200,138,100,154,148,137,125,139,154,137,200,125,130,100,156,100,136,143,132,193,174,182,127,178,162,169,175,127,139,171,100,187,163,148,155,124,141,177,182,200,148,133,137,124,148,159,149,177,144,141,135,109,110,120,182,172,184,116,100,133,154,162,176,157,193,144,127,107,127,156,127,173,185,100,171,100,160,180,151,118,135,143,145,144,147,155,119,143,187,140,138,176,100,179,134,154,152,173,143,133,182,100,150,116,130,200,148,154,105,131,154,158,165,150,163,161,104,150,169,164,140,129,122,146,178,101,133,121,169,136,138,144,161,140,100,163,160,144,122,158,159,138,144,126,145,111,160,126,155,114,135,147,108,152,140,106,117,165,172,146,160,155,158,182,112,166,140,144,142,140,119,154,191,148,149,132,147,161,140,138,160,127,156,170,183,147,184,175,125,119,142,175,148,134,188,157,100,157,163,155,161,148,117,140,126,126,118,161,152,138,133,149,176,100,159,136,102,101,127,155,159,126,175,185,159,135,178,168,171,133,100,200,109,149,200,158,173,112,105,136,177,141,130,154,177,113,119,130,177,155,200,173,149,181,155,132,166,132,142,183,147,129,138,175,136,140,137,154,140,109,127,126,181,170,164,137,129,137,123,200,100,164,117,147,125,120,121,193,146,130,163,150,168,104,157,169,108,161,192,149,170,166,132,150,110,138,156,168,150,167,122,147,150,196,144,137,150,127,154,140,105,148,142,109,148,187,163,165,116,161,153,163,160,116,148,131,148,127,182,128,127,151,123,139,129,185,169,148,140,173,160,162,149,107,147,136,166,175,133,161,193,133,192,128,150,149,150,129,135,133,158,158,200,184,137,158,174,150,148,151,171,128,141,161,157,155,140,174,200,160,145,168,136,131,150,100,121,141,116,124,139,108,139,136,150,178,154,150,152,155,124,147,157,115,171,177,134,143,128,167,123,144,128,151,105,183,125,151,144,130,127,173,136,156,129,133,161,173,145,114,199,128,111,200,139,113,132,159,154,128,195,136,120,174,183,129,114,175,100,119,174,148],num_heads:64,num_heads_kv:1,head_dim:576,head_dim_v:512,causal:0,dtype:bf16.
flash_mla:[D][1492,200]flash_mla,MLA:sparse:decode,is_fp8:1,topk:2048,batch_size:1492,seqlen_q:2,seqlen_k:[194,160,174,200,196,125,173,146,147,160,153,186,169,153,161,158,187,144,157,128,100,166,171,131,200,113,151,145,188,186,153,159,127,100,141,153,180,180,140,142,123,114,107,198,137,139,118,169,109,144,127,159,137,120,149,160,151,157,134,140,133,141,129,106,154,139,109,161,127,151,168,153,178,119,160,132,128,135,142,151,120,172,161,111,187,197,179,145,123,176,139,180,155,174,158,167,150,194,153,160,197,116,118,174,120,198,139,131,198,187,196,172,128,197,143,170,173,146,165,173,159,122,157,183,132,146,139,196,166,160,130,163,133,150,134,166,164,144,159,122,112,160,154,165,200,173,127,177,117,138,148,192,131,129,147,133,178,123,121,139,137,198,173,152,119,171,124,111,179,157,173,157,171,133,124,167,129,132,138,150,141,115,133,100,165,109,122,151,131,188,117,156,149,120,163,145,169,170,200,183,140,144,177,166,166,109,149,131,156,147,172,157,169,138,126,139,149,159,200,148,126,141,138,162,111,151,153,155,135,144,114,137,136,160,121,169,187,100,160,166,134,140,146,142,142,108,178,176,129,113,163,135,153,142,167,167,131,115,110,165,120,137,135,148,101,154,163,152,142,152,159,100,198,159,133,140,162,147,100,200,147,175,132,188,157,165,123,180,167,182,134,137,200,123,146,178,152,164,140,159,117,191,147,132,166,138,116,116,167,146,146,176,121,131,140,152,148,142,148,147,132,129,156,127,121,142,146,200,132,173,168,120,169,120,100,165,106,161,132,191,176,138,132,119,138,142,140,153,164,158,130,114,184,132,133,136,103,138,138,165,167,150,173,158,149,154,145,140,143,121,157,125,171,143,151,162,166,110,144,172,107,159,100,124,150,108,125,113,191,154,164,144,141,109,142,130,171,178,186,171,135,122,169,158,105,158,170,151,145,129,113,170,142,144,193,167,159,153,187,192,173,164,100,153,146,152,173,100,135,156,138,114,171,156,125,157,170,150,170,151,140,121,147,154,171,147,161,125,130,147,123,170,161,156,158,200,138,100,154,148,137,125,139,154,137,200,125,130,100,156,100,136,143,132,193,174,182,127,178,162,169,175,127,139,171,100,187,163,148,155,124,141,177,182,200,148,133,137,124,148,159,149,177,144,141,135,109,110,120,182,172,184,116,100,133,154,162,176,157,193,144,127,107,127,156,127,173,185,100,171,100,160,180,151,118,135,143,145,144,147,155,119,143,187,140,138,176,100,179,134,154,152,173,143,133,182,100,150,116,130,200,148,154,105,131,154,158,165,150,163,161,104,150,169,164,140,129,122,146,178,101,133,121,169,136,138,144,161,140,100,163,160,144,122,158,159,138,144,126,145,111,160,126,155,114,135,147,108,152,140,106,117,165,172,146,160,155,158,182,112,166,140,144,142,140,119,154,191,148,149,132,147,161,140,138,160,127,156,170,183,147,184,175,125,119,142,175,148,134,188,157,100,157,163,155,161,148,117,140,126,126,118,161,152,138,133,149,176,100,159,136,102,101,127,155,159,126,175,185,159,135,178,168,171,133,100,200,109,149,200,158,173,112,105,136,177,141,130,154,177,113,119,130,177,155,200,173,149,181,155,132,166,132,142,183,147,129,138,175,136,140,137,154,140,109,127,126,181,170,164,137,129,137,123,200,100,164,117,147,125,120,121,193,146,130,163,150,168,104,157,169,108,161,192,149,170,166,132,150,110,138,156,168,150,167,122,147,150,196,144,137,150,127,154,140,105,148,142,109,148,187,163,165,116,161,153,163,160,116,148,131,148,127,182,128,127,151,123,139,129,185,169,148,140,173,160,162,149,107,147,136,166,175,133,161,193,133,192,128,150,149,150,129,135,133,158,158,200,184,137,158,174,150,148,151,171,128,141,161,157,155,140,174,200,160,145,168,136,131,150,100,121,141,116,124,139,108,139,136,150,178,154,150,152,155,124,147,157,115,171,177,134,143,128,167,123,144,128,151,105,183,125,151,144,130,127,173,136,156,129,133,161,173,145,114,199,128,111,200,139,113,132,159,154,128,195,136,120,174,183,129,114,175,100,119,174,148,143,158,146,117,181,183,155,151,200,143,143,159,186,189,143,157,115,142,128,124,192,130,136,159,182,162,200,148,156,156,185,162,147,126,156,185,139,163,156,171,129,200,118,140,173,157,170,137,148,150,189,167,169,133,174,155,184,200,142,139,128,146,140,158,146,140,176,126,160,139,168,184,142,161,154,130,156,157,160,145,152,121,141,163,172,139,152,155,155,163,104,148,155,124,191,154,189,130,127,155,108,155,152,175,167,139,122,192,130,123,122,177,137,131,153,144,133,168,176,174,169,160,105,191,157,165,177,185,160,160,135,150,128,132,127,146,176,200,154,116,181,142,133,155,118,155,147,152,159,151,150,157,160,124,114,148,114,152,173,165,123,128,158,139,142,164,125,139,129,123,128,166,151,128,144,109,131,200,147,168,148,158,166,122,149,189,130,135,142,156,163,181,162,148,181,167,112,200,194,145,159,183,145,168,177,124,134,173,161,173,146,142,100,121,151,170,163,146,143,155,151,185,153,112,118,187,120,169,143,145,146,180,145,149,111,155,163,155,184,151,157,191,111,138,185,173,166,170,158,190,159,155,153,154,121,169,146,195,148,160,156,134,174,197,149,142,141,102,145,156,176,174,139,143,178,145,137,184,175,150,135,100,164,127,100,189,166,121,119,171,128,182,165,163,160,154,172,138,152,168,164,120,137,156,139,194,140,145,169,158,146,131,157,175,161,130,193,113,110,174,155,136,122,200,152,163,157,160,163,168,140,142,106,130,156,176,164,141,118,100,178,135,138,153,114,141,200,162,158,110,200,114,198,100,185,190,129,160,163,129,113,117,163,147,135,174,162,131,119,163,136,152,189,162,128,154,126,190,135,155,157,153,101,113,138,157,146,126,116,139,138,162,141,165,135,143,141,130,165,129,136,148,117,141,132,140,148,130,144,182,149,178,158,169,130,152,153,134,129,112,187,125,183,138,128,165,134,164,141,162,125,170,162,127,200,163,200,190,145,139,139,104,132,156,188,130,172,118,135,138,159,161,174,169,156,159,189,137,169,104,160,137,150,176,154,172,186,159,179,141,149,136,176,160,137,153,176,149,126,153,100,169,139,138,171,115,198,137,136,175,167,200,144,146,113,141,131,138,106,191,114,100,120,134,121,177,146,150,165,157,174,122,136,166,100,115,162,137,173,170,120,160,180,153,125,171,165,163,167,100,172,195,160,154,167,158,166,150,130,124,125,115,123,194,168,134,140,152,133,151,169,149,158,172,143,157,142,149,141,136,154,164,153,162,131,119,160,167,151,183,172,200,144,125,131],num_heads:64,num_heads_kv:1,head_dim:576,head_dim_v:512,causal:0,dtype:bf16.
flash_mla:[D][1,489]flash_mla,MLA:sparse:decode,is_fp8:1,topk:2048,batch_size:1,seqlen_q:2,seqlen_k:[489],num_heads:64,num_heads_kv:1,head_dim:576,head_dim_v:512,causal:0,dtype:bf16.
flash_mla:[D][2,489]flash_mla,MLA:sparse:decode,is_fp8:1,topk:2048,batch_size:2,seqlen_q:2,seqlen_k:[489,403],num_heads:64,num_heads_kv:1,head_dim:576,head_dim_v:512,causal:0,dtype:bf16.
flash_mla:[D][3,489]flash_mla,MLA:sparse:decode,is_fp8:1,topk:2048,batch_size:3,seqlen_q:2,seqlen_k:[489,403,439],num_heads:64,num_heads_kv:1,head_dim:576,head_dim_v:512,causal:0,dtype:bf16.
flash_mla:[D][4,505]flash_mla,MLA:sparse:decode,is_fp8:1,topk:2048,batch_size:4,seqlen_q:2,seqlen_k:[489,403,439,505],num_heads:64,num_heads_kv:1,head_dim:576,head_dim_v:512,causal:0,dtype:bf16.
flash_mla:[D][7,505]flash_mla,MLA:sparse:decode,is_fp8:1,topk:2048,batch_size:7,seqlen_q:2,seqlen_k:[489,403,439,505,495,316,437],num_heads:64,num_heads_kv:1,head_dim:576,head_dim_v:512,causal:0,dtype:bf16.
flash_mla:[D][11,505]flash_mla,MLA:sparse:decode,is_fp8:1,topk:2048,batch_size:11,seqlen_q:2,seqlen_k:[489,403,439,505,495,316,437,368,371,403,387],num_heads:64,num_heads_kv:1,head_dim:576,head_dim_v:512,causal:0,dtype:bf16.
flash_mla:[D][19,505]flash_mla,MLA:sparse:decode,is_fp8:1,topk:2048,batch_size:19,seqlen_q:2,seqlen_k:[489,403,439,505,495,316,437,368,371,403,387,469,425,385,405,399,472,365,397],num_heads:64,num_heads_kv:1,head_dim:576,head_dim_v:512,causal:0,dtype:bf16.
flash_mla:[D][30,505]flash_mla,MLA:sparse:decode,is_fp8:1,topk:2048,batch_size:30,seqlen_q:2,seqlen_k:[489,403,439,505,495,316,437,368,371,403,387,469,425,385,405,399,472,365,397,324,252,419,432,331,505,286,380,366,474,470],num_heads:64,num_heads_kv:1,head_dim:576,head_dim_v:512,causal:0,dtype:bf16.
flash_mla:[D][49,505]flash_mla,MLA:sparse:decode,is_fp8:1,topk:2048,batch_size:49,seqlen_q:2,seqlen_k:[489,403,439,505,495,316,437,368,371,403,387,469,425,385,405,399,472,365,397,324,252,419,432,331,505,286,380,366,474,470,387,401,322,253,356,387,455,453,353,358,311,288,270,500,345,350,299,426,276],num_heads:64,num_heads_kv:1,head_dim:576,head_dim_v:512,causal:0,dtype:bf16.
flash_mla:[D][80,505]flash_mla,MLA:sparse:decode,is_fp8:1,topk:2048,batch_size:80,seqlen_q:2,seqlen_k:[489,403,439,505,495,316,437,368,371,403,387,469,425,385,405,399,472,365,397,324,252,419,432,331,505,286,380,366,474,470,387,401,322,253,356,387,455,453,353,358,311,288,270,500,345,350,299,426,276,364,321,402,345,303,376,404,382,397,338,355,335,355,326,269,389,352,275,407,320,381,423,386,449,300,403,334,323,341,358,381],num_heads:64,num_heads_kv:1,head_dim:576,head_dim_v:512,causal:0,dtype:bf16.
flash_mla:[D][131,505]flash_mla,MLA:sparse:decode,is_fp8:1,topk:2048,batch_size:131,seqlen_q:2,seqlen_k:[489,403,439,505,495,316,437,368,371,403,387,469,425,385,405,399,472,365,397,324,252,419,432,331,505,286,380,366,474,470,387,401,322,253,356,387,455,453,353,358,311,288,270,500,345,350,299,426,276,364,321,402,345,303,376,404,382,397,338,355,335,355,326,269,389,352,275,407,320,381,423,386,449,300,403,334,323,341,358,381,304,434,407,281,471,497,452,366,310,444,352,455,391,439,400,422,378,490,385,403,496,293,297,439,304,500,351,330,499,471,495,435,323,498,361,428,437,368,416,436,401,308,396,461,334,368,350,494,420,403,329],num_heads:64,num_heads_kv:1,head_dim:576,head_dim_v:512,causal:0,dtype:bf16.
flash_mla:[D][213,505]flash_mla,MLA:sparse:decode,is_fp8:1,topk:2048,batch_size:213,seqlen_q:2,seqlen_k:[489,403,439,505,495,316,437,368,371,403,387,469,425,385,405,399,472,365,397,324,252,419,432,331,505,286,380,366,474,470,387,401,322,253,356,387,455,453,353,358,311,288,270,500,345,350,299,426,276,364,321,402,345,303,376,404,382,397,338,355,335,355,326,269,389,352,275,407,320,381,423,386,449,300,403,334,323,341,358,381,304,434,407,281,471,497,452,366,310,444,352,455,391,439,400,422,378,490,385,403,496,293,297,439,304,500,351,330,499,471,495,435,323,498,361,428,437,368,416,436,401,308,396,461,334,368,350,494,420,403,329,411,335,380,337,420,414,364,402,309,284,405,388,418,505,437,320,448,295,348,373,485,331,325,371,336,448,309,305,350,346,499,437,383,300,431,314,280,452,397,436,398,431,336,312,420,327,334,349,379,355,291,337,252,417,277,308,381,331,475,296,394,375,304,410,367,426,429,505,462,354,362,447,419,418,276,376,331,395,371,435,397,427],num_heads:64,num_heads_kv:1,head_dim:576,head_dim_v:512,causal:0,dtype:bf16.
flash_mla:[D][346,505]flash_mla,MLA:sparse:decode,is_fp8:1,topk:2048,batch_size:346,seqlen_q:2,seqlen_k:[489,403,439,505,495,316,437,368,371,403,387,469,425,385,405,399,472,365,397,324,252,419,432,331,505,286,380,366,474,470,387,401,322,253,356,387,455,453,353,358,311,288,270,500,345,350,299,426,276,364,321,402,345,303,376,404,382,397,338,355,335,355,326,269,389,352,275,407,320,381,423,386,449,300,403,334,323,341,358,381,304,434,407,281,471,497,452,366,310,444,352,455,391,439,400,422,378,490,385,403,496,293,297,439,304,500,351,330,499,471,495,435,323,498,361,428,437,368,416,436,401,308,396,461,334,368,350,494,420,403,329,411,335,380,337,420,414,364,402,309,284,405,388,418,505,437,320,448,295,348,373,485,331,325,371,336,448,309,305,350,346,499,437,383,300,431,314,280,452,397,436,398,431,336,312,420,327,334,349,379,355,291,337,252,417,277,308,381,331,475,296,394,375,304,410,367,426,429,505,462,354,362,447,419,418,276,376,331,395,371,435,397,427,348,318,352,376,401,505,375,317,356,348,408,280,381,387,392,340,363,288,346,343,404,305,427,472,252,404,420,337,352,369,359,358,272,450,446,326,285,410,341,386,357,421,421,332,290,278,416,303,346,340,374,256,389,411,383,358,384,403,252,501,402,336,353,409,370,252,505,371,442,334,474,396,416,312,454,421,460,338,347,505,311,369,449,384,414,352,401,295,482,370,335,419,348,293,293,421,367,369,445,307,331,353,383,375,359,374,371,332,326,395,321,305,358,368,505,333,437,425,303,426,303,252,416,267,406,334,482,445,349,334,301,350,360],num_heads:64,num_heads_kv:1,head_dim:576,head_dim_v:512,causal:0,dtype:bf16.
flash_mla:[D][563,505]flash_mla,MLA:sparse:decode,is_fp8:1,topk:2048,batch_size:563,seqlen_q:2,seqlen_k:[489,403,439,505,495,316,437,368,371,403,387,469,425,385,405,399,472,365,397,324,252,419,432,331,505,286,380,366,474,470,387,401,322,253,356,387,455,453,353,358,311,288,270,500,345,350,299,426,276,364,321,402,345,303,376,404,382,397,338,355,335,355,326,269,389,352,275,407,320,381,423,386,449,300,403,334,323,341,358,381,304,434,407,281,471,497,452,366,310,444,352,455,391,439,400,422,378,490,385,403,496,293,297,439,304,500,351,330,499,471,495,435,323,498,361,428,437,368,416,436,401,308,396,461,334,368,350,494,420,403,329,411,335,380,337,420,414,364,402,309,284,405,388,418,505,437,320,448,295,348,373,485,331,325,371,336,448,309,305,350,346,499,437,383,300,431,314,280,452,397,436,398,431,336,312,420,327,334,349,379,355,291,337,252,417,277,308,381,331,475,296,394,375,304,410,367,426,429,505,462,354,362,447,419,418,276,376,331,395,371,435,397,427,348,318,352,376,401,505,375,317,356,348,408,280,381,387,392,340,363,288,346,343,404,305,427,472,252,404,420,337,352,369,359,358,272,450,446,326,285,410,341,386,357,421,421,332,290,278,416,303,346,340,374,256,389,411,383,358,384,403,252,501,402,336,353,409,370,252,505,371,442,334,474,396,416,312,454,421,460,338,347,505,311,369,449,384,414,352,401,295,482,370,335,419,348,293,293,421,367,369,445,307,331,353,383,375,359,374,371,332,326,395,321,305,358,368,505,333,437,425,303,426,303,252,416,267,406,334,482,445,349,334,301,350,360,355,387,414,400,329,287,463,334,336,345,261,347,347,417,422,378,436,399,377,388,365,353,361,306,395,315,431,362,381,409,418,279,364,433,271,402,252,313,380,273,315,285,481,388,413,363,355,276,359,330,432,449,470,431,340,307,426,400,266,400,429,381,366,327,286,428,358,363,487,421,401,386,473,486,436,414,252,385,369,383,437,252,342,395,348,288,432,395,316,397,429,378,428,382,353,304,372,390,433,370,406,317,328,371,311,429,407,395,399,505,348,252,390,374,345,316,350,389,346,505,317,328,252,393,252,344,360,333,487,440,461,322,449,409,426,442,320,351,432,252,473,412,375,391,313,355,447,459,505,373,336,345,313,373,402,375,447,363,356,341,275,279,303,459,434,464,294,253,336,389,409,444,395,487,363,320,272,321,393,322,437,466,252,432,252,403,455,382,297,341,361,366,365,371,391,301,362,473,353,350,445,252,452,338,388,384,437,361,335,459,252,379,293,330,504,375,390],num_heads:64,num_heads_kv:1,head_dim:576,head_dim_v:512,causal:0,dtype:bf16.
flash_mla:[D][917,505]flash_mla,MLA:sparse:decode,is_fp8:1,topk:2048,batch_size:917,seqlen_q:2,seqlen_k:[489,403,439,505,495,316,437,368,371,403,387,469,425,385,405,399,472,365,397,324,252,419,432,331,505,286,380,366,474,470,387,401,322,253,356,387,455,453,353,358,311,288,270,500,345,350,299,426,276,364,321,402,345,303,376,404,382,397,338,355,335,355,326,269,389,352,275,407,320,381,423,386,449,300,403,334,323,341,358,381,304,434,407,281,471,497,452,366,310,444,352,455,391,439,400,422,378,490,385,403,496,293,297,439,304,500,351,330,499,471,495,435,323,498,361,428,437,368,416,436,401,308,396,461,334,368,350,494,420,403,329,411,335,380,337,420,414,364,402,309,284,405,388,418,505,437,320,448,295,348,373,485,331,325,371,336,448,309,305,350,346,499,437,383,300,431,314,280,452,397,436,398,431,336,312,420,327,334,349,379,355,291,337,252,417,277,308,381,331,475,296,394,375,304,410,367,426,429,505,462,354,362,447,419,418,276,376,331,395,371,435,397,427,348,318,352,376,401,505,375,317,356,348,408,280,381,387,392,340,363,288,346,343,404,305,427,472,252,404,420,337,352,369,359,358,272,450,446,326,285,410,341,386,357,421,421,332,290,278,416,303,346,340,374,256,389,411,383,358,384,403,252,501,402,336,353,409,370,252,505,371,442,334,474,396,416,312,454,421,460,338,347,505,311,369,449,384,414,352,401,295,482,370,335,419,348,293,293,421,367,369,445,307,331,353,383,375,359,374,371,332,326,395,321,305,358,368,505,333,437,425,303,426,303,252,416,267,406,334,482,445,349,334,301,350,360,355,387,414,400,329,287,463,334,336,345,261,347,347,417,422,378,436,399,377,388,365,353,361,306,395,315,431,362,381,409,418,279,364,433,271,402,252,313,380,273,315,285,481,388,413,363,355,276,359,330,432,449,470,431,340,307,426,400,266,400,429,381,366,327,286,428,358,363,487,421,401,386,473,486,436,414,252,385,369,383,437,252,342,395,348,288,432,395,316,397,429,378,428,382,353,304,372,390,433,370,406,317,328,371,311,429,407,395,399,505,348,252,390,374,345,316,350,389,346,505,317,328,252,393,252,344,360,333,487,440,461,322,449,409,426,442,320,351,432,252,473,412,375,391,313,355,447,459,505,373,336,345,313,373,402,375,447,363,356,341,275,279,303,459,434,464,294,253,336,389,409,444,395,487,363,320,272,321,393,322,437,466,252,432,252,403,455,382,297,341,361,366,365,371,391,301,362,473,353,350,445,252,452,338,388,384,437,361,335,459,252,379,293,330,504,375,390,265,332,390,400,416,378,411,406,262,380,426,415,355,327,307,369,449,255,336,306,427,343,348,364,406,353,252,412,405,364,309,400,401,348,364,319,366,280,404,318,393,289,340,371,273,385,354,268,295,416,434,369,403,392,398,459,283,420,353,363,358,354,300,389,483,374,377,334,370,407,354,349,403,320,393,429,463,372,464,443,315,301,358,442,373,340,475,396,252,397,410,392,406,373,294,354,318,319,298,406,384,349,337,376,445,252,401,343,259,255,320,391,402,318,442,467,402,340,448,425,432,336,252,505,276,375,505,398,437,283,266,344,446,356,327,390,446,286,301,328,446,392,505,436,375,457,391,333,420,334,359,461,371,327,348,442,343,353,345,389,353,277,322,319,456,429,414,346,326,346,311,505,252,413,297,371,315,303,306,488,369,329,413,378,423,263,397,426,273,406,484,377,429,420,333,380,279,349,394,423,379,423,308,371,379,494,364,346,379,320,390,355,265,374,357,275,373,471,410,416,293,408,387,411,404,292,375,330,374,321,460,323,321,382,310,351,325,466,427,374,353,437,403,409,376,271,370,344,418,441,336,407,487,335,483,324,379,377,378,325,340,335,398,398,505,464,345,398,440,379,373,381,432,324,357,407,397,393,354,439,505,403,365,425,344,330,380,252,305,356,292,312,350,274,352,344,379,450,388,379,384,392,313,370,397,291,432,446,338,362,322,422,311,363,323,381,264,461,317,381,364,329,322,436,344,395,327,337,407,436,366,288,503,324,280,505,352,285,334,401,389,324,492,345,303,438,461,326,289,442,252,300,438,374],num_heads:64,num_heads_kv:1,head_dim:576,head_dim_v:512,causal:0,dtype:bf16.
flash_mla:[D][1492,505]flash_mla,MLA:sparse:decode,is_fp8:1,topk:2048,batch_size:1492,seqlen_q:2,seqlen_k:[489,403,439,505,495,316,437,368,371,403,387,469,425,385,405,399,472,365,397,324,252,419,432,331,505,286,380,366,474,470,387,401,322,253,356,387,455,453,353,358,311,288,270,500,345,350,299,426,276,364,321,402,345,303,376,404,382,397,338,355,335,355,326,269,389,352,275,407,320,381,423,386,449,300,403,334,323,341,358,381,304,434,407,281,471,497,452,366,310,444,352,455,391,439,400,422,378,490,385,403,496,293,297,439,304,500,351,330,499,471,495,435,323,498,361,428,437,368,416,436,401,308,396,461,334,368,350,494,420,403,329,411,335,380,337,420,414,364,402,309,284,405,388,418,505,437,320,448,295,348,373,485,331,325,371,336,448,309,305,350,346,499,437,383,300,431,314,280,452,397,436,398,431,336,312,420,327,334,349,379,355,291,337,252,417,277,308,381,331,475,296,394,375,304,410,367,426,429,505,462,354,362,447,419,418,276,376,331,395,371,435,397,427,348,318,352,376,401,505,375,317,356,348,408,280,381,387,392,340,363,288,346,343,404,305,427,472,252,404,420,337,352,369,359,358,272,450,446,326,285,410,341,386,357,421,421,332,290,278,416,303,346,340,374,256,389,411,383,358,384,403,252,501,402,336,353,409,370,252,505,371,442,334,474,396,416,312,454,421,460,338,347,505,311,369,449,384,414,352,401,295,482,370,335,419,348,293,293,421,367,369,445,307,331,353,383,375,359,374,371,332,326,395,321,305,358,368,505,333,437,425,303,426,303,252,416,267,406,334,482,445,349,334,301,350,360,355,387,414,400,329,287,463,334,336,345,261,347,347,417,422,378,436,399,377,388,365,353,361,306,395,315,431,362,381,409,418,279,364,433,271,402,252,313,380,273,315,285,481,388,413,363,355,276,359,330,432,449,470,431,340,307,426,400,266,400,429,381,366,327,286,428,358,363,487,421,401,386,473,486,436,414,252,385,369,383,437,252,342,395,348,288,432,395,316,397,429,378,428,382,353,304,372,390,433,370,406,317,328,371,311,429,407,395,399,505,348,252,390,374,345,316,350,389,346,505,317,328,252,393,252,344,360,333,487,440,461,322,449,409,426,442,320,351,432,252,473,412,375,391,313,355,447,459,505,373,336,345,313,373,402,375,447,363,356,341,275,279,303,459,434,464,294,253,336,389,409,444,395,487,363,320,272,321,393,322,437,466,252,432,252,403,455,382,297,341,361,366,365,371,391,301,362,473,353,350,445,252,452,338,388,384,437,361,335,459,252,379,293,330,504,375,390,265,332,390,400,416,378,411,406,262,380,426,415,355,327,307,369,449,255,336,306,427,343,348,364,406,353,252,412,405,364,309,400,401,348,364,319,366,280,404,318,393,289,340,371,273,385,354,268,295,416,434,369,403,392,398,459,283,420,353,363,358,354,300,389,483,374,377,334,370,407,354,349,403,320,393,429,463,372,464,443,315,301,358,442,373,340,475,396,252,397,410,392,406,373,294,354,318,319,298,406,384,349,337,376,445,252,401,343,259,255,320,391,402,318,442,467,402,340,448,425,432,336,252,505,276,375,505,398,437,283,266,344,446,356,327,390,446,286,301,328,446,392,505,436,375,457,391,333,420,334,359,461,371,327,348,442,343,353,345,389,353,277,322,319,456,429,414,346,326,346,311,505,252,413,297,371,315,303,306,488,369,329,413,378,423,263,397,426,273,406,484,377,429,420,333,380,279,349,394,423,379,423,308,371,379,494,364,346,379,320,390,355,265,374,357,275,373,471,410,416,293,408,387,411,404,292,375,330,374,321,460,323,321,382,310,351,325,466,427,374,353,437,403,409,376,271,370,344,418,441,336,407,487,335,483,324,379,377,378,325,340,335,398,398,505,464,345,398,440,379,373,381,432,324,357,407,397,393,354,439,505,403,365,425,344,330,380,252,305,356,292,312,350,274,352,344,379,450,388,379,384,392,313,370,397,291,432,446,338,362,322,422,311,363,323,381,264,461,317,381,364,329,322,436,344,395,327,337,407,436,366,288,503,324,280,505,352,285,334,401,389,324,492,345,303,438,461,326,289,442,252,300,438,374,361,400,368,296,458,461,390,380,505,360,361,400,470,478,361,397,291,358,325,314,483,328,344,401,459,408,505,373,394,395,468,409,370,318,393,466,352,411,393,432,327,505,297,354,437,396,430,346,373,378,476,421,428,336,439,392,465,504,358,352,323,368,353,400,368,355,445,318,405,352,423,465,358,405,389,327,393,396,404,365,383,305,355,413,434,351,384,392,390,412,263,374,393,314,483,388,476,328,320,392,272,391,384,441,422,351,308,485,328,312,309,448,345,330,386,364,335,425,445,440,426,403,266,483,397,416,448,468,404,405,340,380,324,332,321,368,444,505,389,293,457,359,336,391,299,392,372,384,402,382,379,395,404,313,287,374,287,383,437,416,311,323,398,352,358,415,315,352,327,312,324,420,381,322,363,274,331,505,372,424,373,399,419,308,376,477,327,342,358,394,411,457,409,374,457,422,283,505,489,367,401,461,367,424,447,314,340,436,407,436,369,359,252,305,380,429,411,369,360,391,382,466,387,284,297,473,304,426,361,367,369,454,365,375,281,391,411,393,466,381,396,481,280,349,467,436,420,430,398,480,401,393,388,390,305,426,369,492,373,404,393,338,440,498,377,359,355,258,366,393,444,438,351,360,448,367,345,465,443,379,340,252,415,321,254,477,418,306,301,432,322,459,416,411,403,390,433,349,383,425,413,302,346,393,352,489,353,367,426,398,368,330,396,443,408,328,487,286,278,438,392,343,308,505,385,411,398,405,412,424,354,359,268,328,395,443,415,356,298,252,450,340,349,386,289,355,505,409,400,278,505,288,499,252,466,479,326,404,412,326,286,294,412,372,342,438,410,330,302,410,344,384,477,409,323,388,317,479,342,391,397,388,254,286,349,398,369,317,293,352,348,410,357,415,340,361,356,328,417,326,345,373,296,357,333,353,374,327,364,460,376,450,399,426,329,384,386,339,326,284,472,316,462,348,323,417,338,413,357,408,317,430,408,320,505,412,505,478,366,352,352,262,334,393,474,329,433,299,341,349,401,406,438,426,393,402,478,345,426,264,403,347,378,443,388,433,470,402,451,357,377,345,443,404,346,387,443,375,318,386,253,426,351,348,433,291,500,347,345,442,422,505,364,370,284,357,332,349,268,482,288,252,303,339,305,447,369,379,416,396,439,308,343,419,252,291,409,347,436,428,302,403,453,387,316,433,418,412,423,252,433,491,405,390,421,399,419,378,329,314,315,291,310,488,425,338,353,385,336,382,426,375,399,433,360,395,358,376,357,344,388,413,387,409,331,302,404,421,381,462,435,505,365,315,331],num_heads:64,num_heads_kv:1,head_dim:576,head_dim_v:512,causal:0,dtype:bf16.
flash_mla:[D][1,1237]flash_mla,MLA:sparse:decode,is_fp8:1,topk:2048,batch_size:1,seqlen_q:2,seqlen_k:[1237],num_heads:64,num_heads_kv:1,head_dim:576,head_dim_v:512,causal:0,dtype:bf16.
flash_mla:[D][2,1237]flash_mla,MLA:sparse:decode,is_fp8:1,topk:2048,batch_size:2,seqlen_q:2,seqlen_k:[1237,1020],num_heads:64,num_heads_kv:1,head_dim:576,head_dim_v:512,causal:0,dtype:bf16.
flash_mla:[D][3,1237]flash_mla,MLA:sparse:decode,is_fp8:1,topk:2048,batch_size:3,seqlen_q:2,seqlen_k:[1237,1020,1112],num_heads:64,num_heads_kv:1,head_dim:576,head_dim_v:512,causal:0,dtype:bf16.
flash_mla:[D][4,1276]flash_mla,MLA:sparse:decode,is_fp8:1,topk:2048,batch_size:4,seqlen_q:2,seqlen_k:[1237,1020,1112,1276],num_heads:64,num_heads_kv:1,head_dim:576,head_dim_v:512,causal:0,dtype:bf16.
flash_mla:[D][7,1276]flash_mla,MLA:sparse:decode,is_fp8:1,topk:2048,batch_size:7,seqlen_q:2,seqlen_k:[1237,1020,1112,1276,1253,801,1108],num_heads:64,num_heads_kv:1,head_dim:576,head_dim_v:512,causal:0,dtype:bf16.
flash_mla:[D][11,1276]flash_mla,MLA:sparse:decode,is_fp8:1,topk:2048,batch_size:11,seqlen_q:2,seqlen_k:[1237,1020,1112,1276,1253,801,1108,932,940,1022,979],num_heads:64,num_heads_kv:1,head_dim:576,head_dim_v:512,causal:0,dtype:bf16.
flash_mla:[D][19,1276]flash_mla,MLA:sparse:decode,is_fp8:1,topk:2048,batch_size:19,seqlen_q:2,seqlen_k:[1237,1020,1112,1276,1253,801,1108,932,940,1022,979,1188,1078,976,1027,1010,1194,924,1006],num_heads:64,num_heads_kv:1,head_dim:576,head_dim_v:512,causal:0,dtype:bf16.
flash_mla:[D][30,1276]flash_mla,MLA:sparse:decode,is_fp8:1,topk:2048,batch_size:30,seqlen_q:2,seqlen_k:[1237,1020,1112,1276,1253,801,1108,932,940,1022,979,1188,1078,976,1027,1010,1194,924,1006,821,638,1060,1094,838,1276,725,964,927,1200,1190],num_heads:64,num_heads_kv:1,head_dim:576,head_dim_v:512,causal:0,dtype:bf16.
flash_mla:[D][49,1276]flash_mla,MLA:sparse:decode,is_fp8:1,topk:2048,batch_size:49,seqlen_q:2,seqlen_k:[1237,1020,1112,1276,1253,801,1108,932,940,1022,979,1188,1078,976,1027,1010,1194,924,1006,821,638,1060,1094,838,1276,725,964,927,1200,1190,981,1017,815,642,901,981,1152,1148,895,908,790,731,685,1267,875,887,757,1080,700],num_heads:64,num_heads_kv:1,head_dim:576,head_dim_v:512,causal:0,dtype:bf16.
flash_mla:[D][80,1276]flash_mla,MLA:sparse:decode,is_fp8:1,topk:2048,batch_size:80,seqlen_q:2,seqlen_k:[1237,1020,1112,1276,1253,801,1108,932,940,1022,979,1188,1078,976,1027,1010,1194,924,1006,821,638,1060,1094,838,1276,725,964,927,1200,1190,981,1017,815,642,901,981,1152,1148,895,908,790,731,685,1267,875,887,757,1080,700,923,814,1018,875,769,952,1025,967,1005,856,899,850,899,827,682,985,893,697,1030,812,965,1072,977,1138,760,1020,848,818,864,907,965],num_heads:64,num_heads_kv:1,head_dim:576,head_dim_v:512,causal:0,dtype:bf16.
flash_mla:[D][131,1276]flash_mla,MLA:sparse:decode,is_fp8:1,topk:2048,batch_size:131,seqlen_q:2,seqlen_k:[1237,1020,1112,1276,1253,801,1108,932,940,1022,979,1188,1078,976,1027,1010,1194,924,1006,821,638,1060,1094,838,1276,725,964,927,1200,1190,981,1017,815,642,901,981,1152,1148,895,908,790,731,685,1267,875,887,757,1080,700,923,814,1018,875,769,952,1025,967,1005,856,899,850,899,827,682,985,893,697,1030,812,965,1072,977,1138,760,1020,848,818,864,907,965,771,1100,1031,712,1193,1258,1144,928,786,1124,892,1151,990,1112,1013,1069,958,1240,977,1020,1256,742,754,1111,770,1266,891,838,1262,1192,1253,1101,820,1260,914,1084,1107,932,1054,1103,1016,782,1004,1167,846,933,887,1251,1063,1021,834],num_heads:64,num_heads_kv:1,head_dim:576,head_dim_v:512,causal:0,dtype:bf16.
flash_mla:[D][213,1276]flash_mla,MLA:sparse:decode,is_fp8:1,topk:2048,batch_size:213,seqlen_q:2,seqlen_k:[1237,1020,1112,1276,1253,801,1108,932,940,1022,979,1188,1078,976,1027,1010,1194,924,1006,821,638,1060,1094,838,1276,725,964,927,1200,1190,981,1017,815,642,901,981,1152,1148,895,908,790,731,685,1267,875,887,757,1080,700,923,814,1018,875,769,952,1025,967,1005,856,899,850,899,827,682,985,893,697,1030,812,965,1072,977,1138,760,1020,848,818,864,907,965,771,1100,1031,712,1193,1258,1144,928,786,1124,892,1151,990,1112,1013,1069,958,1240,977,1020,1256,742,754,1111,770,1266,891,838,1262,1192,1253,1101,820,1260,914,1084,1107,932,1054,1103,1016,782,1004,1167,846,933,887,1251,1063,1021,834,1042,849,962,855,1064,1048,923,1019,783,719,1026,983,1057,1276,1107,811,1134,747,883,946,1229,838,825,941,851,1136,785,774,887,877,1263,1107,970,762,1091,797,711,1145,1007,1103,1007,1093,853,792,1065,829,847,884,959,900,738,854,638,1056,702,781,965,839,1202,751,999,950,771,1040,929,1079,1087,1276,1169,898,918,1131,1061,1058,699,953,839,1001,941,1101,1007,1082],num_heads:64,num_heads_kv:1,head_dim:576,head_dim_v:512,causal:0,dtype:bf16.
flash_mla:[D][346,1276]flash_mla,MLA:sparse:decode,is_fp8:1,topk:2048,batch_size:346,seqlen_q:2,seqlen_k:[1237,1020,1112,1276,1253,801,1108,932,940,1022,979,1188,1078,976,1027,1010,1194,924,1006,821,638,1060,1094,838,1276,725,964,927,1200,1190,981,1017,815,642,901,981,1152,1148,895,908,790,731,685,1267,875,887,757,1080,700,923,814,1018,875,769,952,1025,967,1005,856,899,850,899,827,682,985,893,697,1030,812,965,1072,977,1138,760,1020,848,818,864,907,965,771,1100,1031,712,1193,1258,1144,928,786,1124,892,1151,990,1112,1013,1069,958,1240,977,1020,1256,742,754,1111,770,1266,891,838,1262,1192,1253,1101,820,1260,914,1084,1107,932,1054,1103,1016,782,1004,1167,846,933,887,1251,1063,1021,834,1042,849,962,855,1064,1048,923,1019,783,719,1026,983,1057,1276,1107,811,1134,747,883,946,1229,838,825,941,851,1136,785,774,887,877,1263,1107,970,762,1091,797,711,1145,1007,1103,1007,1093,853,792,1065,829,847,884,959,900,738,854,638,1056,702,781,965,839,1202,751,999,950,771,1040,929,1079,1087,1276,1169,898,918,1131,1061,1058,699,953,839,1001,941,1101,1007,1082,882,806,891,954,1017,1276,950,805,901,883,1033,712,967,981,993,862,919,730,878,870,1023,773,1081,1194,638,1024,1064,855,893,935,909,907,690,1140,1128,827,723,1039,865,979,906,1066,1067,841,737,705,1054,767,876,862,948,649,987,1040,971,907,972,1020,638,1267,1019,853,894,1035,938,638,1276,939,1119,846,1201,1002,1053,790,1149,1066,1163,857,880,1276,788,935,1137,972,1049,893,1015,749,1220,938,848,1062,883,744,742,1067,931,935,1128,777,840,895,972,950,911,947,939,842,827,1000,815,772,907,931,1276,844,1106,1075,767,1079,768,638,1053,677,1028,848,1220,1126,884,847,763,886,912],num_heads:64,num_heads_kv:1,head_dim:576,head_dim_v:512,causal:0,dtype:bf16.
flash_mla:[D][563,1276]flash_mla,MLA:sparse:decode,is_fp8:1,topk:2048,batch_size:563,seqlen_q:2,seqlen_k:[1237,1020,1112,1276,1253,801,1108,932,940,1022,979,1188,1078,976,1027,1010,1194,924,1006,821,638,1060,1094,838,1276,725,964,927,1200,1190,981,1017,815,642,901,981,1152,1148,895,908,790,731,685,1267,875,887,757,1080,700,923,814,1018,875,769,952,1025,967,1005,856,899,850,899,827,682,985,893,697,1030,812,965,1072,977,1138,760,1020,848,818,864,907,965,771,1100,1031,712,1193,1258,1144,928,786,1124,892,1151,990,1112,1013,1069,958,1240,977,1020,1256,742,754,1111,770,1266,891,838,1262,1192,1253,1101,820,1260,914,1084,1107,932,1054,1103,1016,782,1004,1167,846,933,887,1251,1063,1021,834,1042,849,962,855,1064,1048,923,1019,783,719,1026,983,1057,1276,1107,811,1134,747,883,946,1229,838,825,941,851,1136,785,774,887,877,1263,1107,970,762,1091,797,711,1145,1007,1103,1007,1093,853,792,1065,829,847,884,959,900,738,854,638,1056,702,781,965,839,1202,751,999,950,771,1040,929,1079,1087,1276,1169,898,918,1131,1061,1058,699,953,839,1001,941,1101,1007,1082,882,806,891,954,1017,1276,950,805,901,883,1033,712,967,981,993,862,919,730,878,870,1023,773,1081,1194,638,1024,1064,855,893,935,909,907,690,1140,1128,827,723,1039,865,979,906,1066,1067,841,737,705,1054,767,876,862,948,649,987,1040,971,907,972,1020,638,1267,1019,853,894,1035,938,638,1276,939,1119,846,1201,1002,1053,790,1149,1066,1163,857,880,1276,788,935,1137,972,1049,893,1015,749,1220,938,848,1062,883,744,742,1067,931,935,1128,777,840,895,972,950,911,947,939,842,827,1000,815,772,907,931,1276,844,1106,1075,767,1079,768,638,1053,677,1028,848,1220,1126,884,847,763,886,912,899,981,1048,1012,835,728,1173,847,853,874,663,881,880,1055,1068,957,1105,1011,954,982,926,894,914,777,1001,799,1090,917,964,1035,1059,707,924,1096,687,1018,638,794,963,693,800,722,1219,983,1047,921,900,699,910,835,1093,1138,1190,1092,861,779,1078,1013,675,1013,1086,966,927,828,727,1084,907,919,1232,1065,1015,979,1198,1230,1104,1049,638,976,936,971,1106,638,866,999,882,731,1095,1001,802,1007,1087,957,1084,969,894,772,943,987,1096,938,1029,803,832,939,789,1087,1030,1001,1010,1276,882,638,988,948,874,801,887,985,877,1276,804,830,638,996,638,871,913,844,1233,1115,1166,816,1136,1035,1079,1120,812,889,1094,638,1197,1044,949,992,793,901,1131,1163,1276,945,852,875,795,944,1017,951,1131,919,901,864,697,707,769,1163,1099,1175,745,643,852,984,1036,1123,1002,1234,921,811,689,815,995,815,1105,1181,638,1094,638,1020,1151,967,753,863,915,928,924,939,990,764,918,1198,895,886,1128,638,1144,856,983,972,1106,914,849,1163,638,960,742,835,1276,949,988],num_heads:64,num_heads_kv:1,head_dim:576,head_dim_v:512,causal:0,dtype:bf16.
flash_mla:[D][917,1276]flash_mla,MLA:sparse:decode,is_fp8:1,topk:2048,batch_size:917,seqlen_q:2,seqlen_k:[1237,1020,1112,1276,1253,801,1108,932,940,1022,979,1188,1078,976,1027,1010,1194,924,1006,821,638,1060,1094,838,1276,725,964,927,1200,1190,981,1017,815,642,901,981,1152,1148,895,908,790,731,685,1267,875,887,757,1080,700,923,814,1018,875,769,952,1025,967,1005,856,899,850,899,827,682,985,893,697,1030,812,965,1072,977,1138,760,1020,848,818,864,907,965,771,1100,1031,712,1193,1258,1144,928,786,1124,892,1151,990,1112,1013,1069,958,1240,977,1020,1256,742,754,1111,770,1266,891,838,1262,1192,1253,1101,820,1260,914,1084,1107,932,1054,1103,1016,782,1004,1167,846,933,887,1251,1063,1021,834,1042,849,962,855,1064,1048,923,1019,783,719,1026,983,1057,1276,1107,811,1134,747,883,946,1229,838,825,941,851,1136,785,774,887,877,1263,1107,970,762,1091,797,711,1145,1007,1103,1007,1093,853,792,1065,829,847,884,959,900,738,854,638,1056,702,781,965,839,1202,751,999,950,771,1040,929,1079,1087,1276,1169,898,918,1131,1061,1058,699,953,839,1001,941,1101,1007,1082,882,806,891,954,1017,1276,950,805,901,883,1033,712,967,981,993,862,919,730,878,870,1023,773,1081,1194,638,1024,1064,855,893,935,909,907,690,1140,1128,827,723,1039,865,979,906,1066,1067,841,737,705,1054,767,876,862,948,649,987,1040,971,907,972,1020,638,1267,1019,853,894,1035,938,638,1276,939,1119,846,1201,1002,1053,790,1149,1066,1163,857,880,1276,788,935,1137,972,1049,893,1015,749,1220,938,848,1062,883,744,742,1067,931,935,1128,777,840,895,972,950,911,947,939,842,827,1000,815,772,907,931,1276,844,1106,1075,767,1079,768,638,1053,677,1028,848,1220,1126,884,847,763,886,912,899,981,1048,1012,835,728,1173,847,853,874,663,881,880,1055,1068,957,1105,1011,954,982,926,894,914,777,1001,799,1090,917,964,1035,1059,707,924,1096,687,1018,638,794,963,693,800,722,1219,983,1047,921,900,699,910,835,1093,1138,1190,1092,861,779,1078,1013,675,1013,1086,966,927,828,727,1084,907,919,1232,1065,1015,979,1198,1230,1104,1049,638,976,936,971,1106,638,866,999,882,731,1095,1001,802,1007,1087,957,1084,969,894,772,943,987,1096,938,1029,803,832,939,789,1087,1030,1001,1010,1276,882,638,988,948,874,801,887,985,877,1276,804,830,638,996,638,871,913,844,1233,1115,1166,816,1136,1035,1079,1120,812,889,1094,638,1197,1044,949,992,793,901,1131,1163,1276,945,852,875,795,944,1017,951,1131,919,901,864,697,707,769,1163,1099,1175,745,643,852,984,1036,1123,1002,1234,921,811,689,815,995,815,1105,1181,638,1094,638,1020,1151,967,753,863,915,928,924,939,990,764,918,1198,895,886,1128,638,1144,856,983,972,1106,914,849,1163,638,960,742,835,1276,949,988,673,841,988,1013,1055,958,1040,1029,666,962,1079,1050,899,828,779,936,1137,646,852,775,1081,868,882,922,1027,894,638,1043,1026,922,784,1012,1017,882,922,809,928,710,1023,806,994,733,863,939,692,975,896,679,749,1053,1099,936,1021,992,1009,1161,717,1064,896,921,908,897,762,986,1222,948,956,847,938,1031,898,884,1021,811,997,1087,1173,942,1174,1121,798,763,908,1120,945,861,1203,1002,638,1007,1039,992,1028,946,747,898,806,808,756,1028,972,885,853,953,1128,638,1016,870,657,647,811,991,1019,807,1118,1183,1019,862,1135,1077,1094,852,638,1276,700,951,1276,1009,1107,718,674,872,1130,901,830,988,1129,727,764,831,1131,994,1276,1105,951,1158,990,844,1065,846,910,1168,940,829,883,1119,869,895,875,986,895,702,815,808,1154,1086,1050,876,827,876,789,1276,638,1046,752,940,799,769,775,1236,935,835,1045,958,1071,666,1005,1079,692,1028,1226,954,1087,1063,844,963,707,885,999,1071,960,1071,781,940,960,1251,922,877,960,810,987,898,672,947,906,697,946,1193,1039,1054,743,1032,980,1041,1024,740,950,836,949,814,1165,820,814,968,785,889,825,1181,1081,947,894,1106,1021,1036,952,688,939,872,1059,1117,852,1031,1233,850,1224,821,960,955,958,823,863,850,1008,1009,1276,1174,875,1008,1115,961,945,965,1094,822,905,1031,1006,995,898,1111,1276,1021,926,1077,871,837,962,638,773,901,741,792,887,695,892,871,961,1140,984,960,972,993,795,938,1006,739,1094,1128,856,918,817,1068,788,921,820,965,671,1167,803,966,923,835,815,1105,873,1000,829,854,1032,1104,929,730,1274,820,711,1276,892,724,848,1015,987,821,1246,874,768,1109,1168,827,734,1120,638,761,1110,948],num_heads:64,num_heads_kv:1,head_dim:576,head_dim_v:512,causal:0,dtype:bf16.
flash_mla:[D][1492,1276]flash_mla,MLA:sparse:decode,is_fp8:1,topk:2048,batch_size:1492,seqlen_q:2,seqlen_k:[1237,1020,1112,1276,1253,801,1108,932,940,1022,979,1188,1078,976,1027,1010,1194,924,1006,821,638,1060,1094,838,1276,725,964,927,1200,1190,981,1017,815,642,901,981,1152,1148,895,908,790,731,685,1267,875,887,757,1080,700,923,814,1018,875,769,952,1025,967,1005,856,899,850,899,827,682,985,893,697,1030,812,965,1072,977,1138,760,1020,848,818,864,907,965,771,1100,1031,712,1193,1258,1144,928,786,1124,892,1151,990,1112,1013,1069,958,1240,977,1020,1256,742,754,1111,770,1266,891,838,1262,1192,1253,1101,820,1260,914,1084,1107,932,1054,1103,1016,782,1004,1167,846,933,887,1251,1063,1021,834,1042,849,962,855,1064,1048,923,1019,783,719,1026,983,1057,1276,1107,811,1134,747,883,946,1229,838,825,941,851,1136,785,774,887,877,1263,1107,970,762,1091,797,711,1145,1007,1103,1007,1093,853,792,1065,829,847,884,959,900,738,854,638,1056,702,781,965,839,1202,751,999,950,771,1040,929,1079,1087,1276,1169,898,918,1131,1061,1058,699,953,839,1001,941,1101,1007,1082,882,806,891,954,1017,1276,950,805,901,883,1033,712,967,981,993,862,919,730,878,870,1023,773,1081,1194,638,1024,1064,855,893,935,909,907,690,1140,1128,827,723,1039,865,979,906,1066,1067,841,737,705,1054,767,876,862,948,649,987,1040,971,907,972,1020,638,1267,1019,853,894,1035,938,638,1276,939,1119,846,1201,1002,1053,790,1149,1066,1163,857,880,1276,788,935,1137,972,1049,893,1015,749,1220,938,848,1062,883,744,742,1067,931,935,1128,777,840,895,972,950,911,947,939,842,827,1000,815,772,907,931,1276,844,1106,1075,767,1079,768,638,1053,677,1028,848,1220,1126,884,847,763,886,912,899,981,1048,1012,835,728,1173,847,853,874,663,881,880,1055,1068,957,1105,1011,954,982,926,894,914,777,1001,799,1090,917,964,1035,1059,707,924,1096,687,1018,638,794,963,693,800,722,1219,983,1047,921,900,699,910,835,1093,1138,1190,1092,861,779,1078,1013,675,1013,1086,966,927,828,727,1084,907,919,1232,1065,1015,979,1198,1230,1104,1049,638,976,936,971,1106,638,866,999,882,731,1095,1001,802,1007,1087,957,1084,969,894,772,943,987,1096,938,1029,803,832,939,789,1087,1030,1001,1010,1276,882,638,988,948,874,801,887,985,877,1276,804,830,638,996,638,871,913,844,1233,1115,1166,816,1136,1035,1079,1120,812,889,1094,638,1197,1044,949,992,793,901,1131,1163,1276,945,852,875,795,944,1017,951,1131,919,901,864,697,707,769,1163,1099,1175,745,643,852,984,1036,1123,1002,1234,921,811,689,815,995,815,1105,1181,638,1094,638,1020,1151,967,753,863,915,928,924,939,990,764,918,1198,895,886,1128,638,1144,856,983,972,1106,914,849,1163,638,960,742,835,1276,949,988,673,841,988,1013,1055,958,1040,1029,666,962,1079,1050,899,828,779,936,1137,646,852,775,1081,868,882,922,1027,894,638,1043,1026,922,784,1012,1017,882,922,809,928,710,1023,806,994,733,863,939,692,975,896,679,749,1053,1099,936,1021,992,1009,1161,717,1064,896,921,908,897,762,986,1222,948,956,847,938,1031,898,884,1021,811,997,1087,1173,942,1174,1121,798,763,908,1120,945,861,1203,1002,638,1007,1039,992,1028,946,747,898,806,808,756,1028,972,885,853,953,1128,638,1016,870,657,647,811,991,1019,807,1118,1183,1019,862,1135,1077,1094,852,638,1276,700,951,1276,1009,1107,718,674,872,1130,901,830,988,1129,727,764,831,1131,994,1276,1105,951,1158,990,844,1065,846,910,1168,940,829,883,1119,869,895,875,986,895,702,815,808,1154,1086,1050,876,827,876,789,1276,638,1046,752,940,799,769,775,1236,935,835,1045,958,1071,666,1005,1079,692,1028,1226,954,1087,1063,844,963,707,885,999,1071,960,1071,781,940,960,1251,922,877,960,810,987,898,672,947,906,697,946,1193,1039,1054,743,1032,980,1041,1024,740,950,836,949,814,1165,820,814,968,785,889,825,1181,1081,947,894,1106,1021,1036,952,688,939,872,1059,1117,852,1031,1233,850,1224,821,960,955,958,823,863,850,1008,1009,1276,1174,875,1008,1115,961,945,965,1094,822,905,1031,1006,995,898,1111,1276,1021,926,1077,871,837,962,638,773,901,741,792,887,695,892,871,961,1140,984,960,972,993,795,938,1006,739,1094,1128,856,918,817,1068,788,921,820,965,671,1167,803,966,923,835,815,1105,873,1000,829,854,1032,1104,929,730,1274,820,711,1276,892,724,848,1015,987,821,1246,874,768,1109,1168,827,734,1120,638,761,1110,948,915,1013,932,750,1159,1167,989,964,1276,913,915,1014,1190,1210,915,1006,737,907,823,796,1224,831,872,1015,1163,1033,1276,945,998,1000,1185,1037,938,806,995,1179,891,1041,996,1094,829,1276,753,898,1106,1004,1088,878,945,958,1206,1066,1083,852,1111,992,1177,1276,908,892,819,934,896,1014,934,899,1126,807,1025,892,1072,1177,908,1027,985,829,995,1002,1022,925,971,774,900,1045,1098,889,973,993,989,1042,667,949,995,797,1223,982,1205,831,812,992,690,991,972,1118,1068,890,782,1229,831,790,784,1134,874,837,978,924,849,1076,1126,1113,1078,1021,674,1222,1005,1053,1134,1184,1023,1026,861,962,821,842,814,932,1123,1276,987,742,1158,909,851,990,759,992,942,972,1017,967,959,1002,1023,792,729,947,729,970,1106,1053,790,820,1009,893,906,1051,800,893,829,791,820,1064,965,817,920,696,840,1276,942,1073,946,1012,1062,781,952,1208,830,866,908,999,1040,1158,1036,947,1157,1068,719,1276,1238,930,1017,1167,929,1073,1132,795,861,1103,1030,1103,935,911,639,774,964,1088,1041,936,913,991,969,1180,980,721,754,1198,770,1078,914,930,935,1151,926,951,713,989,1041,995,1179,965,1004,1219,710,884,1183,1105,1064,1089,1009,1216,1017,995,982,987,773,1079,936,1246,944,1023,996,857,1114,1259,954,909,900,656,928,996,1124,1109,890,912,1135,929,875,1178,1121,959,862,638,1050,814,644,1208,1060,775,763,1095,817,1163,1055,1042,1021,987,1097,884,970,1076,1046,766,877,997,892,1239,894,931,1079,1009,933,836,1004,1122,1033,833,1233,726,705,1109,992,869,782,1276,975,1041,1007,1026,1042,1073,897,910,680,832,1000,1123,1052,902,756,638,1140,863,885,977,733,901,1276,1037,1014,705,1276,730,1262,638,1180,1214,825,1024,1044,827,726,747,1043,943,867,1110,1037,836,766,1040,871,972,1207,1036,819,982,805,1212,867,989,1005,982,645,727,885,1007,935,804,742,893,882,1038,905,1052,862,916,901,832,1056,827,874,945,750,905,843,895,947,829,922,1165,952,1139,1012,1080,833,973,978,859,826,720,1194,802,1171,882,819,1055,856,1047,904,1033,803,1089,1034,810,1276,1042,1276,1211,926,891,892,666,846,996,1199,834,1097,757,863,884,1016,1029,1110,1079,995,1019,1209,875,1080,669,1022,880,957,1122,983,1097,1191,1018,1143,905,955,873,1122,1022,876,981,1122,950,806,977,642,1079,890,882,1096,739,1266,880,873,1119,1069,1276,923,937,721,904,842,885,679,1221,731,638,768,860,774,1131,935,961,1054,1002,1112,780,869,1062,638,738,1036,880,1105,1085,766,1021,1148,980,801,1096,1058,1043,1070,638,1097,1244,1026,987,1067,1010,1060,957,835,797,798,738,787,1237,1076,857,894,974,852,967,1080,951,1010,1097,913,1002,907,952,905,872,984,1047,980,1036,839,765,1023,1066,964,1171,1101,1276,925,798,839],num_heads:64,num_heads_kv:1,head_dim:576,head_dim_v:512,causal:0,dtype:bf16.
flash_mla:[D][1,3126]flash_mla,MLA:sparse:decode,is_fp8:1,topk:2048,batch_size:1,seqlen_q:2,seqlen_k:[3126],num_heads:64,num_heads_kv:1,head_dim:576,head_dim_v:512,causal:0,dtype:bf16.
flash_mla:[D][2,3126]flash_mla,MLA:sparse:decode,is_fp8:1,topk:2048,batch_size:2,seqlen_q:2,seqlen_k:[3126,2577],num_heads:64,num_heads_kv:1,head_dim:576,head_dim_v:512,causal:0,dtype:bf16.
flash_mla:[D][3,3126]flash_mla,MLA:sparse:decode,is_fp8:1,topk:2048,batch_size:3,seqlen_q:2,seqlen_k:[3126,2577,2810],num_heads:64,num_heads_kv:1,head_dim:576,head_dim_v:512,causal:0,dtype:bf16.
flash_mla:[D][4,3222]flash_mla,MLA:sparse:decode,is_fp8:1,topk:2048,batch_size:4,seqlen_q:2,seqlen_k:[3126,2577,2810,3222],num_heads:64,num_heads_kv:1,head_dim:576,head_dim_v:512,causal:0,dtype:bf16.
flash_mla:[D][7,3222]flash_mla,MLA:sparse:decode,is_fp8:1,topk:2048,batch_size:7,seqlen_q:2,seqlen_k:[3126,2577,2810,3222,3168,2022,2798],num_heads:64,num_heads_kv:1,head_dim:576,head_dim_v:512,causal:0,dtype:bf16.
flash_mla:[D][11,3222]flash_mla,MLA:sparse:decode,is_fp8:1,topk:2048,batch_size:11,seqlen_q:2,seqlen_k:[3126,2577,2810,3222,3168,2022,2798,2355,2374,2581,2474],num_heads:64,num_heads_kv:1,head_dim:576,head_dim_v:512,causal:0,dtype:bf16.
flash_mla:[D][19,3222]flash_mla,MLA:sparse:decode,is_fp8:1,topk:2048,batch_size:19,seqlen_q:2,seqlen_k:[3126,2577,2810,3222,3168,2022,2798,2355,2374,2581,2474,3002,2722,2465,2594,2550,3018,2333,2542],num_heads:64,num_heads_kv:1,head_dim:576,head_dim_v:512,causal:0,dtype:bf16.
flash_mla:[D][30,3222]flash_mla,MLA:sparse:decode,is_fp8:1,topk:2048,batch_size:30,seqlen_q:2,seqlen_k:[3126,2577,2810,3222,3168,2022,2798,2355,2374,2581,2474,3002,2722,2465,2594,2550,3018,2333,2542,2071,1611,2679,2764,2116,3222,1829,2434,2340,3033,3008],num_heads:64,num_heads_kv:1,head_dim:576,head_dim_v:512,causal:0,dtype:bf16.
flash_mla:[D][49,3222]flash_mla,MLA:sparse:decode,is_fp8:1,topk:2048,batch_size:49,seqlen_q:2,seqlen_k:[3126,2577,2810,3222,3168,2022,2798,2355,2374,2581,2474,3002,2722,2465,2594,2550,3018,2333,2542,2071,1611,2679,2764,2116,3222,1829,2434,2340,3033,3008,2478,2568,2058,1617,2275,2479,2911,2900,2259,2294,1993,1843,1728,3202,2210,2239,1911,2729,1765],num_heads:64,num_heads_kv:1,head_dim:576,head_dim_v:512,causal:0,dtype:bf16.
flash_mla:[D][80,3222]flash_mla,MLA:sparse:decode,is_fp8:1,topk:2048,batch_size:80,seqlen_q:2,seqlen_k:[3126,2577,2810,3222,3168,2022,2798,2355,2374,2581,2474,3002,2722,2465,2594,2550,3018,2333,2542,2071,1611,2679,2764,2116,3222,1829,2434,2340,3033,3008,2478,2568,2058,1617,2275,2479,2911,2900,2259,2294,1993,1843,1728,3202,2210,2239,1911,2729,1765,2330,2055,2571,2210,1940,2404,2588,2442,2537,2160,2269,2144,2271,2088,1720,2487,2254,1759,2602,2050,2436,2709,2467,2875,1918,2578,2140,2065,2182,2290,2438],num_heads:64,num_heads_kv:1,head_dim:576,head_dim_v:512,causal:0,dtype:bf16.
flash_mla:[D][131,3222]flash_mla,MLA:sparse:decode,is_fp8:1,topk:2048,batch_size:131,seqlen_q:2,seqlen_k:[3126,2577,2810,3222,3168,2022,2798,2355,2374,2581,2474,3002,2722,2465,2594,2550,3018,2333,2542,2071,1611,2679,2764,2116,3222,1829,2434,2340,3033,3008,2478,2568,2058,1617,2275,2479,2911,2900,2259,2294,1993,1843,1728,3202,2210,2239,1911,2729,1765,2330,2055,2571,2210,1940,2404,2588,2442,2537,2160,2269,2144,2271,2088,1720,2487,2254,1759,2602,2050,2436,2709,2467,2875,1918,2578,2140,2065,2182,2290,2438,1946,2779,2603,1796,3015,3180,2891,2343,1984,2840,2253,2908,2499,2809,2559,2700,2420,3135,2467,2578,3174,1872,1903,2806,1943,3199,2249,2114,3190,3012,3168,2781,2068,3185,2307,2739,2797,2353,2663,2787,2567,1972,2536,2950,2136,2355,2240,3161,2686,2580,2105],num_heads:64,num_heads_kv:1,head_dim:576,head_dim_v:512,causal:0,dtype:bf16.
flash_mla:[D][213,3222]flash_mla,MLA:sparse:decode,is_fp8:1,topk:2048,batch_size:213,seqlen_q:2,seqlen_k:[3126,2577,2810,3222,3168,2022,2798,2355,2374,2581,2474,3002,2722,2465,2594,2550,3018,2333,2542,2071,1611,2679,2764,2116,3222,1829,2434,2340,3033,3008,2478,2568,2058,1617,2275,2479,2911,2900,2259,2294,1993,1843,1728,3202,2210,2239,1911,2729,1765,2330,2055,2571,2210,1940,2404,2588,2442,2537,2160,2269,2144,2271,2088,1720,2487,2254,1759,2602,2050,2436,2709,2467,2875,1918,2578,2140,2065,2182,2290,2438,1946,2779,2603,1796,3015,3180,2891,2343,1984,2840,2253,2908,2499,2809,2559,2700,2420,3135,2467,2578,3174,1872,1903,2806,1943,3199,2249,2114,3190,3012,3168,2781,2068,3185,2307,2739,2797,2353,2663,2787,2567,1972,2536,2950,2136,2355,2240,3161,2686,2580,2105,2633,2144,2428,2159,2688,2648,2332,2575,1975,1815,2593,2483,2671,3222,2796,2048,2866,1885,2229,2388,3106,2115,2082,2376,2148,2870,1980,1953,2239,2215,3193,2798,2451,1922,2756,2012,1793,2894,2543,2787,2544,2761,2153,1999,2690,2092,2138,2232,2423,2273,1861,2156,1611,2667,1770,1970,2437,2117,3037,1894,2523,2400,1945,2626,2346,2727,2747,3222,2954,2267,2319,2859,2680,2673,1764,2406,2118,2528,2376,2782,2543,2732],num_heads:64,num_heads_kv:1,head_dim:576,head_dim_v:512,causal:0,dtype:bf16.
flash_mla:[D][346,3222]flash_mla,MLA:sparse:decode,is_fp8:1,topk:2048,batch_size:346,seqlen_q:2,seqlen_k:[3126,2577,2810,3222,3168,2022,2798,2355,2374,2581,2474,3002,2722,2465,2594,2550,3018,2333,2542,2071,1611,2679,2764,2116,3222,1829,2434,2340,3033,3008,2478,2568,2058,1617,2275,2479,2911,2900,2259,2294,1993,1843,1728,3202,2210,2239,1911,2729,1765,2330,2055,2571,2210,1940,2404,2588,2442,2537,2160,2269,2144,2271,2088,1720,2487,2254,1759,2602,2050,2436,2709,2467,2875,1918,2578,2140,2065,2182,2290,2438,1946,2779,2603,1796,3015,3180,2891,2343,1984,2840,2253,2908,2499,2809,2559,2700,2420,3135,2467,2578,3174,1872,1903,2806,1943,3199,2249,2114,3190,3012,3168,2781,2068,3185,2307,2739,2797,2353,2663,2787,2567,1972,2536,2950,2136,2355,2240,3161,2686,2580,2105,2633,2144,2428,2159,2688,2648,2332,2575,1975,1815,2593,2483,2671,3222,2796,2048,2866,1885,2229,2388,3106,2115,2082,2376,2148,2870,1980,1953,2239,2215,3193,2798,2451,1922,2756,2012,1793,2894,2543,2787,2544,2761,2153,1999,2690,2092,2138,2232,2423,2273,1861,2156,1611,2667,1770,1970,2437,2117,3037,1894,2523,2400,1945,2626,2346,2727,2747,3222,2954,2267,2319,2859,2680,2673,1764,2406,2118,2528,2376,2782,2543,2732,2228,2035,2250,2409,2568,3222,2398,2030,2276,2229,2610,1795,2441,2479,2509,2175,2320,1842,2217,2197,2583,1950,2730,3018,1611,2587,2688,2159,2255,2362,2295,2291,1740,2880,2851,2088,1825,2625,2183,2473,2287,2694,2695,2123,1858,1778,2661,1936,2211,2175,2394,1635,2492,2627,2451,2290,2455,2576,1611,3204,2573,2153,2258,2614,2369,1611,3222,2371,2827,2137,3035,2531,2661,1994,2904,2693,2940,2162,2222,3222,1988,2361,2874,2455,2650,2255,2565,1889,3084,2368,2141,2684,2230,1878,1873,2695,2351,2362,2850,1961,2121,2260,2454,2399,2300,2391,2372,2125,2088,2526,2056,1949,2290,2352,3222,2132,2796,2717,1936,2727,1938,1611,2660,1708,2597,2140,3084,2846,2233,2138,1926,2238,2303],num_heads:64,num_heads_kv:1,head_dim:576,head_dim_v:512,causal:0,dtype:bf16.
flash_mla:[D][563,3222]flash_mla,MLA:sparse:decode,is_fp8:1,topk:2048,batch_size:563,seqlen_q:2,seqlen_k:[3126,2577,2810,3222,3168,2022,2798,2355,2374,2581,2474,3002,2722,2465,2594,2550,3018,2333,2542,2071,1611,2679,2764,2116,3222,1829,2434,2340,3033,3008,2478,2568,2058,1617,2275,2479,2911,2900,2259,2294,1993,1843,1728,3202,2210,2239,1911,2729,1765,2330,2055,2571,2210,1940,2404,2588,2442,2537,2160,2269,2144,2271,2088,1720,2487,2254,1759,2602,2050,2436,2709,2467,2875,1918,2578,2140,2065,2182,2290,2438,1946,2779,2603,1796,3015,3180,2891,2343,1984,2840,2253,2908,2499,2809,2559,2700,2420,3135,2467,2578,3174,1872,1903,2806,1943,3199,2249,2114,3190,3012,3168,2781,2068,3185,2307,2739,2797,2353,2663,2787,2567,1972,2536,2950,2136,2355,2240,3161,2686,2580,2105,2633,2144,2428,2159,2688,2648,2332,2575,1975,1815,2593,2483,2671,3222,2796,2048,2866,1885,2229,2388,3106,2115,2082,2376,2148,2870,1980,1953,2239,2215,3193,2798,2451,1922,2756,2012,1793,2894,2543,2787,2544,2761,2153,1999,2690,2092,2138,2232,2423,2273,1861,2156,1611,2667,1770,1970,2437,2117,3037,1894,2523,2400,1945,2626,2346,2727,2747,3222,2954,2267,2319,2859,2680,2673,1764,2406,2118,2528,2376,2782,2543,2732,2228,2035,2250,2409,2568,3222,2398,2030,2276,2229,2610,1795,2441,2479,2509,2175,2320,1842,2217,2197,2583,1950,2730,3018,1611,2587,2688,2159,2255,2362,2295,2291,1740,2880,2851,2088,1825,2625,2183,2473,2287,2694,2695,2123,1858,1778,2661,1936,2211,2175,2394,1635,2492,2627,2451,2290,2455,2576,1611,3204,2573,2153,2258,2614,2369,1611,3222,2371,2827,2137,3035,2531,2661,1994,2904,2693,2940,2162,2222,3222,1988,2361,2874,2455,2650,2255,2565,1889,3084,2368,2141,2684,2230,1878,1873,2695,2351,2362,2850,1961,2121,2260,2454,2399,2300,2391,2372,2125,2088,2526,2056,1949,2290,2352,3222,2132,2796,2717,1936,2727,1938,1611,2660,1708,2597,2140,3084,2846,2233,2138,1926,2238,2303,2269,2479,2649,2556,2108,1836,2965,2138,2153,2205,1673,2223,2222,2666,2697,2417,2791,2553,2409,2480,2339,2256,2308,1961,2529,2015,2755,2315,2435,2615,2675,1783,2332,2770,1731,2572,1611,2003,2431,1748,2018,1822,3080,2482,2644,2326,2273,1764,2298,2109,2761,2875,3007,2759,2174,1966,2724,2559,1703,2559,2744,2439,2341,2090,1833,2738,2291,2321,3114,2691,2565,2473,3028,3108,2790,2650,1611,2465,2363,2453,2796,1611,2186,2524,2227,1844,2766,2527,2024,2542,2747,2418,2738,2447,2256,1948,2381,2494,2768,2369,2600,2027,2100,2371,1990,2746,2602,2528,2552,3222,2227,1611,2496,2395,2207,2021,2239,2489,2213,3222,2028,2096,1611,2517,1611,2198,2304,2129,3116,2816,2947,2060,2870,2615,2726,2830,2049,2244,2763,1611,3025,2638,2397,2504,2000,2274,2859,2939,3222,2386,2150,2208,2005,2384,2570,2402,2857,2321,2275,2181,1758,1784,1940,2940,2776,2970,1879,1622,2149,2486,2616,2838,2530,3118,2326,2048,1738,2057,2513,2057,2793,2985,1611,2764,1611,2577,2909,2442,1900,2180,2310,2342,2334,2371,2502,1928,2318,3027,2260,2237,2850,1611,2892,2161,2482,2454,2795,2308,2142,2939,1611,2424,1872,2109,3222,2398,2494],num_heads:64,num_heads_kv:1,head_dim:576,head_dim_v:512,causal:0,dtype:bf16.
flash_mla:[D][917,3222]flash_mla,MLA:sparse:decode,is_fp8:1,topk:2048,batch_size:917,seqlen_q:2,seqlen_k:[3126,2577,2810,3222,3168,2022,2798,2355,2374,2581,2474,3002,2722,2465,2594,2550,3018,2333,2542,2071,1611,2679,2764,2116,3222,1829,2434,2340,3033,3008,2478,2568,2058,1617,2275,2479,2911,2900,2259,2294,1993,1843,1728,3202,2210,2239,1911,2729,1765,2330,2055,2571,2210,1940,2404,2588,2442,2537,2160,2269,2144,2271,2088,1720,2487,2254,1759,2602,2050,2436,2709,2467,2875,1918,2578,2140,2065,2182,2290,2438,1946,2779,2603,1796,3015,3180,2891,2343,1984,2840,2253,2908,2499,2809,2559,2700,2420,3135,2467,2578,3174,1872,1903,2806,1943,3199,2249,2114,3190,3012,3168,2781,2068,3185,2307,2739,2797,2353,2663,2787,2567,1972,2536,2950,2136,2355,2240,3161,2686,2580,2105,2633,2144,2428,2159,2688,2648,2332,2575,1975,1815,2593,2483,2671,3222,2796,2048,2866,1885,2229,2388,3106,2115,2082,2376,2148,2870,1980,1953,2239,2215,3193,2798,2451,1922,2756,2012,1793,2894,2543,2787,2544,2761,2153,1999,2690,2092,2138,2232,2423,2273,1861,2156,1611,2667,1770,1970,2437,2117,3037,1894,2523,2400,1945,2626,2346,2727,2747,3222,2954,2267,2319,2859,2680,2673,1764,2406,2118,2528,2376,2782,2543,2732,2228,2035,2250,2409,2568,3222,2398,2030,2276,2229,2610,1795,2441,2479,2509,2175,2320,1842,2217,2197,2583,1950,2730,3018,1611,2587,2688,2159,2255,2362,2295,2291,1740,2880,2851,2088,1825,2625,2183,2473,2287,2694,2695,2123,1858,1778,2661,1936,2211,2175,2394,1635,2492,2627,2451,2290,2455,2576,1611,3204,2573,2153,2258,2614,2369,1611,3222,2371,2827,2137,3035,2531,2661,1994,2904,2693,2940,2162,2222,3222,1988,2361,2874,2455,2650,2255,2565,1889,3084,2368,2141,2684,2230,1878,1873,2695,2351,2362,2850,1961,2121,2260,2454,2399,2300,2391,2372,2125,2088,2526,2056,1949,2290,2352,3222,2132,2796,2717,1936,2727,1938,1611,2660,1708,2597,2140,3084,2846,2233,2138,1926,2238,2303,2269,2479,2649,2556,2108,1836,2965,2138,2153,2205,1673,2223,2222,2666,2697,2417,2791,2553,2409,2480,2339,2256,2308,1961,2529,2015,2755,2315,2435,2615,2675,1783,2332,2770,1731,2572,1611,2003,2431,1748,2018,1822,3080,2482,2644,2326,2273,1764,2298,2109,2761,2875,3007,2759,2174,1966,2724,2559,1703,2559,2744,2439,2341,2090,1833,2738,2291,2321,3114,2691,2565,2473,3028,3108,2790,2650,1611,2465,2363,2453,2796,1611,2186,2524,2227,1844,2766,2527,2024,2542,2747,2418,2738,2447,2256,1948,2381,2494,2768,2369,2600,2027,2100,2371,1990,2746,2602,2528,2552,3222,2227,1611,2496,2395,2207,2021,2239,2489,2213,3222,2028,2096,1611,2517,1611,2198,2304,2129,3116,2816,2947,2060,2870,2615,2726,2830,2049,2244,2763,1611,3025,2638,2397,2504,2000,2274,2859,2939,3222,2386,2150,2208,2005,2384,2570,2402,2857,2321,2275,2181,1758,1784,1940,2940,2776,2970,1879,1622,2149,2486,2616,2838,2530,3118,2326,2048,1738,2057,2513,2057,2793,2985,1611,2764,1611,2577,2909,2442,1900,2180,2310,2342,2334,2371,2502,1928,2318,3027,2260,2237,2850,1611,2892,2161,2482,2454,2795,2308,2142,2939,1611,2424,1872,2109,3222,2398,2494,1698,2122,2495,2558,2664,2419,2628,2598,1678,2430,2725,2653,2269,2091,1965,2363,2872,1629,2150,1956,2732,2192,2226,2328,2595,2257,1611,2634,2592,2327,1979,2557,2568,2226,2328,2041,2344,1791,2584,2035,2511,1849,2178,2371,1746,2462,2263,1713,1890,2659,2776,2362,2579,2506,2548,2934,1808,2688,2262,2325,2294,2264,1921,2489,3089,2393,2415,2139,2368,2603,2266,2233,2578,2046,2517,2746,2964,2379,2967,2832,2014,1925,2293,2830,2386,2173,3041,2531,1611,2543,2625,2506,2597,2388,1884,2266,2034,2040,1906,2598,2455,2235,2154,2406,2850,1611,2567,2196,1656,1631,2048,2504,2574,2037,2825,2989,2575,2177,2869,2720,2765,2151,1611,3222,1766,2401,3222,2549,2798,1810,1699,2201,2855,2276,2095,2495,2852,1833,1928,2098,2857,2510,3222,2793,2401,2925,2501,2131,2690,2135,2298,2951,2375,2092,2228,2827,2193,2260,2210,2490,2260,1770,2058,2040,2917,2743,2652,2212,2087,2211,1992,3222,1611,2643,1898,2373,2017,1941,1956,3123,2362,2107,2639,2420,2706,1680,2538,2727,1746,2596,3099,2410,2747,2686,2130,2432,1784,2234,2523,2707,2425,2706,1971,2375,2423,3161,2329,2214,2424,2045,2493,2268,1694,2392,2288,1758,2388,3016,2626,2662,1875,2608,2475,2629,2586,1868,2399,2110,2395,2054,2944,2069,2053,2446,1981,2244,2081,2984,2732,2392,2258,2795,2579,2616,2405,1735,2370,2201,2675,2823,2150,2604,3115,2146,3093,2072,2425,2411,2420,2078,2177,2146,2547,2549,3222,2968,2210,2546,2817,2428,2387,2436,2765,2074,2284,2605,2541,2512,2266,2807,3222,2579,2338,2720,2198,2113,2429,1611,1950,2275,1870,1999,2239,1753,2252,2200,2426,2881,2485,2424,2456,2507,2006,2369,2540,1863,2764,2851,2161,2318,2062,2697,1988,2326,2069,2436,1692,2950,2027,2440,2330,2108,2058,2793,2204,2525,2092,2155,2606,2790,2345,1842,3221,2070,1794,3222,2253,1826,2140,2564,2492,2072,3150,2205,1938,2803,2951,2086,1851,2831,1611,1921,2805,2393],num_heads:64,num_heads_kv:1,head_dim:576,head_dim_v:512,causal:0,dtype:bf16.
flash_mla:[D][1492,3222]flash_mla,MLA:sparse:decode,is_fp8:1,topk:2048,batch_size:1492,seqlen_q:2,seqlen_k:[3126,2577,2810,3222,3168,2022,2798,2355,2374,2581,2474,3002,2722,2465,2594,2550,3018,2333,2542,2071,1611,2679,2764,2116,3222,1829,2434,2340,3033,3008,2478,2568,2058,1617,2275,2479,2911,2900,2259,2294,1993,1843,1728,3202,2210,2239,1911,2729,1765,2330,2055,2571,2210,1940,2404,2588,2442,2537,2160,2269,2144,2271,2088,1720,2487,2254,1759,2602,2050,2436,2709,2467,2875,1918,2578,2140,2065,2182,2290,2438,1946,2779,2603,1796,3015,3180,2891,2343,1984,2840,2253,2908,2499,2809,2559,2700,2420,3135,2467,2578,3174,1872,1903,2806,1943,3199,2249,2114,3190,3012,3168,2781,2068,3185,2307,2739,2797,2353,2663,2787,2567,1972,2536,2950,2136,2355,2240,3161,2686,2580,2105,2633,2144,2428,2159,2688,2648,2332,2575,1975,1815,2593,2483,2671,3222,2796,2048,2866,1885,2229,2388,3106,2115,2082,2376,2148,2870,1980,1953,2239,2215,3193,2798,2451,1922,2756,2012,1793,2894,2543,2787,2544,2761,2153,1999,2690,2092,2138,2232,2423,2273,1861,2156,1611,2667,1770,1970,2437,2117,3037,1894,2523,2400,1945,2626,2346,2727,2747,3222,2954,2267,2319,2859,2680,2673,1764,2406,2118,2528,2376,2782,2543,2732,2228,2035,2250,2409,2568,3222,2398,2030,2276,2229,2610,1795,2441,2479,2509,2175,2320,1842,2217,2197,2583,1950,2730,3018,1611,2587,2688,2159,2255,2362,2295,2291,1740,2880,2851,2088,1825,2625,2183,2473,2287,2694,2695,2123,1858,1778,2661,1936,2211,2175,2394,1635,2492,2627,2451,2290,2455,2576,1611,3204,2573,2153,2258,2614,2369,1611,3222,2371,2827,2137,3035,2531,2661,1994,2904,2693,2940,2162,2222,3222,1988,2361,2874,2455,2650,2255,2565,1889,3084,2368,2141,2684,2230,1878,1873,2695,2351,2362,2850,1961,2121,2260,2454,2399,2300,2391,2372,2125,2088,2526,2056,1949,2290,2352,3222,2132,2796,2717,1936,2727,1938,1611,2660,1708,2597,2140,3084,2846,2233,2138,1926,2238,2303,2269,2479,2649,2556,2108,1836,2965,2138,2153,2205,1673,2223,2222,2666,2697,2417,2791,2553,2409,2480,2339,2256,2308,1961,2529,2015,2755,2315,2435,2615,2675,1783,2332,2770,1731,2572,1611,2003,2431,1748,2018,1822,3080,2482,2644,2326,2273,1764,2298,2109,2761,2875,3007,2759,2174,1966,2724,2559,1703,2559,2744,2439,2341,2090,1833,2738,2291,2321,3114,2691,2565,2473,3028,3108,2790,2650,1611,2465,2363,2453,2796,1611,2186,2524,2227,1844,2766,2527,2024,2542,2747,2418,2738,2447,2256,1948,2381,2494,2768,2369,2600,2027,2100,2371,1990,2746,2602,2528,2552,3222,2227,1611,2496,2395,2207,2021,2239,2489,2213,3222,2028,2096,1611,2517,1611,2198,2304,2129,3116,2816,2947,2060,2870,2615,2726,2830,2049,2244,2763,1611,3025,2638,2397,2504,2000,2274,2859,2939,3222,2386,2150,2208,2005,2384,2570,2402,2857,2321,2275,2181,1758,1784,1940,2940,2776,2970,1879,1622,2149,2486,2616,2838,2530,3118,2326,2048,1738,2057,2513,2057,2793,2985,1611,2764,1611,2577,2909,2442,1900,2180,2310,2342,2334,2371,2502,1928,2318,3027,2260,2237,2850,1611,2892,2161,2482,2454,2795,2308,2142,2939,1611,2424,1872,2109,3222,2398,2494,1698,2122,2495,2558,2664,2419,2628,2598,1678,2430,2725,2653,2269,2091,1965,2363,2872,1629,2150,1956,2732,2192,2226,2328,2595,2257,1611,2634,2592,2327,1979,2557,2568,2226,2328,2041,2344,1791,2584,2035,2511,1849,2178,2371,1746,2462,2263,1713,1890,2659,2776,2362,2579,2506,2548,2934,1808,2688,2262,2325,2294,2264,1921,2489,3089,2393,2415,2139,2368,2603,2266,2233,2578,2046,2517,2746,2964,2379,2967,2832,2014,1925,2293,2830,2386,2173,3041,2531,1611,2543,2625,2506,2597,2388,1884,2266,2034,2040,1906,2598,2455,2235,2154,2406,2850,1611,2567,2196,1656,1631,2048,2504,2574,2037,2825,2989,2575,2177,2869,2720,2765,2151,1611,3222,1766,2401,3222,2549,2798,1810,1699,2201,2855,2276,2095,2495,2852,1833,1928,2098,2857,2510,3222,2793,2401,2925,2501,2131,2690,2135,2298,2951,2375,2092,2228,2827,2193,2260,2210,2490,2260,1770,2058,2040,2917,2743,2652,2212,2087,2211,1992,3222,1611,2643,1898,2373,2017,1941,1956,3123,2362,2107,2639,2420,2706,1680,2538,2727,1746,2596,3099,2410,2747,2686,2130,2432,1784,2234,2523,2707,2425,2706,1971,2375,2423,3161,2329,2214,2424,2045,2493,2268,1694,2392,2288,1758,2388,3016,2626,2662,1875,2608,2475,2629,2586,1868,2399,2110,2395,2054,2944,2069,2053,2446,1981,2244,2081,2984,2732,2392,2258,2795,2579,2616,2405,1735,2370,2201,2675,2823,2150,2604,3115,2146,3093,2072,2425,2411,2420,2078,2177,2146,2547,2549,3222,2968,2210,2546,2817,2428,2387,2436,2765,2074,2284,2605,2541,2512,2266,2807,3222,2579,2338,2720,2198,2113,2429,1611,1950,2275,1870,1999,2239,1753,2252,2200,2426,2881,2485,2424,2456,2507,2006,2369,2540,1863,2764,2851,2161,2318,2062,2697,1988,2326,2069,2436,1692,2950,2027,2440,2330,2108,2058,2793,2204,2525,2092,2155,2606,2790,2345,1842,3221,2070,1794,3222,2253,1826,2140,2564,2492,2072,3150,2205,1938,2803,2951,2086,1851,2831,1611,1921,2805,2393,2309,2558,2354,1892,2930,2949,2498,2434,3222,2304,2311,2562,3008,3057,2311,2540,1860,2290,2077,2010,3093,2096,2201,2563,2939,2609,3222,2385,2520,2527,2994,2620,2369,2034,2514,2980,2250,2629,2515,2763,2091,3222,1900,2268,2794,2535,2750,2216,2385,2420,3048,2694,2737,2150,2806,2506,2975,3222,2292,2252,2067,2358,2262,2560,2357,2270,2845,2038,2590,2252,2707,2974,2293,2593,2488,2093,2513,2532,2582,2336,2453,1953,2271,2640,2775,2245,2458,2507,2497,2633,1683,2396,2512,2012,3090,2481,3046,2097,2050,2506,1739,2502,2455,2825,2698,2247,1973,3106,2096,1994,1978,2866,2206,2112,2471,2332,2142,2719,2845,2813,2725,2578,1700,3088,2537,2661,2865,2993,2584,2591,2174,2429,2071,2125,2055,2353,2838,3222,2492,1872,2925,2294,2149,2500,1916,2505,2380,2455,2569,2443,2422,2530,2583,2000,1839,2391,1838,2451,2794,2660,1993,2069,2548,2254,2288,2656,2018,2254,2093,1995,2070,2689,2436,2061,2322,1755,2120,3222,2379,2710,2389,2556,2683,1970,2403,3052,2095,2187,2292,2524,2627,2926,2617,2390,2923,2699,1813,3222,3129,2348,2568,2949,2346,2710,2861,2007,2173,2787,2601,2788,2362,2299,1611,1954,2434,2748,2630,2364,2306,2503,2447,2982,2475,1819,1903,3028,1944,2724,2307,2347,2361,2908,2338,2402,1799,2499,2630,2512,2979,2438,2536,3080,1791,2232,2990,2793,2689,2751,2547,3073,2568,2512,2480,2493,1949,2726,2363,3150,2385,2585,2515,2163,2815,3183,2410,2294,2272,1653,2344,2517,2841,2802,2248,2304,2868,2346,2210,2977,2834,2423,2176,1611,2653,2054,1625,3054,2677,1956,1926,2766,2062,2938,2664,2632,2579,2493,2770,2233,2450,2719,2642,1934,2214,2517,2251,3131,2257,2350,2726,2549,2357,2111,2537,2834,2609,2102,3115,1833,1778,2803,2507,2194,1973,3222,2463,2631,2544,2591,2633,2711,2264,2298,1714,2101,2525,2837,2657,2278,1906,1611,2880,2178,2235,2469,1849,2275,3222,2619,2560,1778,3222,1842,3190,1611,2982,3068,2083,2586,2636,2088,1832,1884,2634,2381,2188,2805,2620,2111,1931,2626,2199,2455,3051,2618,2068,2480,2032,3064,2189,2499,2540,2480,1626,1833,2233,2544,2360,2030,1872,2254,2227,2622,2284,2658,2176,2312,2275,2100,2667,2088,2205,2386,1893,2285,2129,2259,2391,2093,2327,2943,2405,2877,2555,2727,2103,2458,2469,2169,2084,1815,3018,2024,2958,2227,2068,2666,2161,2645,2281,2609,2025,2751,2612,2045,3222,2633,3222,3060,2339,2249,2253,1678,2135,2515,3030,2104,2771,1911,2179,2231,2565,2600,2803,2726,2513,2573,3056,2210,2728,1687,2581,2221,2417,2835,2482,2772,3009,2572,2887,2284,2412,2205,2836,2582,2211,2478,2835,2400,2033,2469,1617,2725,2246,2226,2768,1865,3200,2222,2205,2827,2701,3222,2330,2367,1819,2282,2125,2235,1713,3085,1845,1611,1937,2172,1952,2858,2360,2426,2661,2531,2810,1968,2195,2684,1611,1861,2617,2222,2793,2742,1933,2579,2900,2475,2022,2770,2672,2634,2704,1611,2771,3144,2591,2493,2696,2552,2678,2416,2107,2011,2013,1862,1985,3125,2719,2164,2258,2461,2151,2443,2729,2401,2551,2773,2306,2530,2291,2404,2285,2202,2486,2644,2474,2616,2118,1930,2584,2693,2436,2959,2781,3222,2335,2013,2117],num_heads:64,num_heads_kv:1,head_dim:576,head_dim_v:512,causal:0,dtype:bf16.
flash_mla:[D][1,7896]flash_mla,MLA:sparse:decode,is_fp8:1,topk:2048,batch_size:1,seqlen_q:2,seqlen_k:[7896],num_heads:64,num_heads_kv:1,head_dim:576,head_dim_v:512,causal:0,dtype:bf16.
flash_mla:[D][2,7896]flash_mla,MLA:sparse:decode,is_fp8:1,topk:2048,batch_size:2,seqlen_q:2,seqlen_k:[7896,6508],num_heads:64,num_heads_kv:1,head_dim:576,head_dim_v:512,causal:0,dtype:bf16.
flash_mla:[D][4,8137]flash_mla,MLA:sparse:decode,is_fp8:1,topk:2048,batch_size:4,seqlen_q:2,seqlen_k:[7896,6508,7097,8137],num_heads:64,num_heads_kv:1,head_dim:576,head_dim_v:512,causal:0,dtype:bf16.
flash_mla:[D][6,8137]flash_mla,MLA:sparse:decode,is_fp8:1,topk:2048,batch_size:6,seqlen_q:2,seqlen_k:[7896,6508,7097,8137,8001,5108],num_heads:64,num_heads_kv:1,head_dim:576,head_dim_v:512,causal:0,dtype:bf16.
flash_mla:[D][9,8137]flash_mla,MLA:sparse:decode,is_fp8:1,topk:2048,batch_size:9,seqlen_q:2,seqlen_k:[7896,6508,7097,8137,8001,5108,7068,5948,5997],num_heads:64,num_heads_kv:1,head_dim:576,head_dim_v:512,causal:0,dtype:bf16.
flash_mla:[D][14,8137]flash_mla,MLA:sparse:decode,is_fp8:1,topk:2048,batch_size:14,seqlen_q:2,seqlen_k:[7896,6508,7097,8137,8001,5108,7068,5948,5997,6519,6248,7580,6875,6225],num_heads:64,num_heads_kv:1,head_dim:576,head_dim_v:512,causal:0,dtype:bf16.
flash_mla:[D][22,8137]flash_mla,MLA:sparse:decode,is_fp8:1,topk:2048,batch_size:22,seqlen_q:2,seqlen_k:[7896,6508,7097,8137,8001,5108,7068,5948,5997,6519,6248,7580,6875,6225,6553,6441,7621,5893,6420,5233,4068,6766],num_heads:64,num_heads_kv:1,head_dim:576,head_dim_v:512,causal:0,dtype:bf16.
flash_mla:[D][34,8137]flash_mla,MLA:sparse:decode,is_fp8:1,topk:2048,batch_size:34,seqlen_q:2,seqlen_k:[7896,6508,7097,8137,8001,5108,7068,5948,5997,6519,6248,7580,6875,6225,6553,6441,7621,5893,6420,5233,4068,6766,6981,5347,8137,4622,6148,5911,7660,7596,6259,6486,5199,4087],num_heads:64,num_heads_kv:1,head_dim:576,head_dim_v:512,causal:0,dtype:bf16.
flash_mla:[D][53,8137]flash_mla,MLA:sparse:decode,is_fp8:1,topk:2048,batch_size:53,seqlen_q:2,seqlen_k:[7896,6508,7097,8137,8001,5108,7068,5948,5997,6519,6248,7580,6875,6225,6553,6441,7621,5893,6420,5233,4068,6766,6981,5347,8137,4622,6148,5911,7660,7596,6259,6486,5199,4087,5748,6261,7353,7324,5708,5794,5035,4657,4366,8085,5583,5656,4827,6892,4460,5885,5191,6495,5582],num_heads:64,num_heads_kv:1,head_dim:576,head_dim_v:512,causal:0,dtype:bf16.
flash_mla:[D][82,8137]flash_mla,MLA:sparse:decode,is_fp8:1,topk:2048,batch_size:82,seqlen_q:2,seqlen_k:[7896,6508,7097,8137,8001,5108,7068,5948,5997,6519,6248,7580,6875,6225,6553,6441,7621,5893,6420,5233,4068,6766,6981,5347,8137,4622,6148,5911,7660,7596,6259,6486,5199,4087,5748,6261,7353,7324,5708,5794,5035,4657,4366,8085,5583,5656,4827,6892,4460,5885,5191,6495,5582,4901,6073,6537,6169,6409,5456,5733,5418,5736,5275,4346,6282,5693,4444,6572,5179,6154,6843,6233,7260,4846,6511,5405,5216,5513,5785,6159,4917,7018],num_heads:64,num_heads_kv:1,head_dim:576,head_dim_v:512,causal:0,dtype:bf16.
flash_mla:[D][128,8137]flash_mla,MLA:sparse:decode,is_fp8:1,topk:2048,batch_size:128,seqlen_q:2,seqlen_k:[7896,6508,7097,8137,8001,5108,7068,5948,5997,6519,6248,7580,6875,6225,6553,6441,7621,5893,6420,5233,4068,6766,6981,5347,8137,4622,6148,5911,7660,7596,6259,6486,5199,4087,5748,6261,7353,7324,5708,5794,5035,4657,4366,8085,5583,5656,4827,6892,4460,5885,5191,6495,5582,4901,6073,6537,6169,6409,5456,5733,5418,5736,5275,4346,6282,5693,4444,6572,5179,6154,6843,6233,7260,4846,6511,5405,5216,5513,5785,6159,4917,7018,6575,4539,7615,8030,7300,5919,5013,7174,5691,7345,6313,7095,6464,6820,6112,7918,6231,6510,8017,4731,4809,7087,4908,8078,5681,5341,8057,7607,8001,7023,5226,8044,5829,6918,7065,5944,6726,7039,6484,4983,6405,7450,5395,5949,5659,7982],num_heads:64,num_heads_kv:1,head_dim:576,head_dim_v:512,causal:0,dtype:bf16.
flash_mla:[D][199,8137]flash_mla,MLA:sparse:decode,is_fp8:1,topk:2048,batch_size:199,seqlen_q:2,seqlen_k:[7896,6508,7097,8137,8001,5108,7068,5948,5997,6519,6248,7580,6875,6225,6553,6441,7621,5893,6420,5233,4068,6766,6981,5347,8137,4622,6148,5911,7660,7596,6259,6486,5199,4087,5748,6261,7353,7324,5708,5794,5035,4657,4366,8085,5583,5656,4827,6892,4460,5885,5191,6495,5582,4901,6073,6537,6169,6409,5456,5733,5418,5736,5275,4346,6282,5693,4444,6572,5179,6154,6843,6233,7260,4846,6511,5405,5216,5513,5785,6159,4917,7018,6575,4539,7615,8030,7300,5919,5013,7174,5691,7345,6313,7095,6464,6820,6112,7918,6231,6510,8017,4731,4809,7087,4908,8078,5681,5341,8057,7607,8001,7023,5226,8044,5829,6918,7065,5944,6726,7039,6484,4983,6405,7450,5395,5949,5659,7982,6785,6516,5318,6650,5416,6134,5455,6789,6688,5890,6504,4990,4585,6548,6271,6747,8137,7062,5173,7238,4763,5632,6032,7844,5344,5261,6001,5427,7247,5003,4935,5656,5595,8064,7067,6191,4855,6960,5084,4530,7310,6424,7038,6426,6973,5439,5050,6795,5284,5400,5638,6119,5741,4703,5447,4068,6737,4472,4978,6155,5349,7671,4787,6373,6062,4914,6634,5927,6886,6939,8137],num_heads:64,num_heads_kv:1,head_dim:576,head_dim_v:512,causal:0,dtype:bf16.
flash_mla:[D][309,8137]flash_mla,MLA:sparse:decode,is_fp8:1,topk:2048,batch_size:309,seqlen_q:2,seqlen_k:[7896,6508,7097,8137,8001,5108,7068,5948,5997,6519,6248,7580,6875,6225,6553,6441,7621,5893,6420,5233,4068,6766,6981,5347,8137,4622,6148,5911,7660,7596,6259,6486,5199,4087,5748,6261,7353,7324,5708,5794,5035,4657,4366,8085,5583,5656,4827,6892,4460,5885,5191,6495,5582,4901,6073,6537,6169,6409,5456,5733,5418,5736,5275,4346,6282,5693,4444,6572,5179,6154,6843,6233,7260,4846,6511,5405,5216,5513,5785,6159,4917,7018,6575,4539,7615,8030,7300,5919,5013,7174,5691,7345,6313,7095,6464,6820,6112,7918,6231,6510,8017,4731,4809,7087,4908,8078,5681,5341,8057,7607,8001,7023,5226,8044,5829,6918,7065,5944,6726,7039,6484,4983,6405,7450,5395,5949,5659,7982,6785,6516,5318,6650,5416,6134,5455,6789,6688,5890,6504,4990,4585,6548,6271,6747,8137,7062,5173,7238,4763,5632,6032,7844,5344,5261,6001,5427,7247,5003,4935,5656,5595,8064,7067,6191,4855,6960,5084,4530,7310,6424,7038,6426,6973,5439,5050,6795,5284,5400,5638,6119,5741,4703,5447,4068,6737,4472,4978,6155,5349,7671,4787,6373,6062,4914,6634,5927,6886,6939,8137,7461,5726,5858,7220,6768,6753,4457,6077,5351,6386,6002,7027,6424,6901,5627,5141,5684,6084,6487,8137,6059,5129,5750,5630,6591,4535,6166,6261,6338,5494,5860,4653,5600,5549,6525,4926,6896,7621,4068,6535,6790,5453,5697,5966,5799,5787,4397,7273,7199,5274,4610,6631,5516,6246,5777,6805,6808,5364,4695,4492,6722,4892,5586,5495,6048,4132,6293,6634,6191,5785,6201,6507,4068,8091,6498,5438,5704,6604,5983,4068,8137,5989,7139,5398,7664,6393,6721,5038,7333,6803,7425,5463,5612,8137,5023,5963,7258,6201,6694,5695,6478,4773,7788,5981,5410,6779,5633,4745,4732,6807],num_heads:64,num_heads_kv:1,head_dim:576,head_dim_v:512,causal:0,dtype:bf16.
flash_mla:[D][480,8137]flash_mla,MLA:sparse:decode,is_fp8:1,topk:2048,batch_size:480,seqlen_q:2,seqlen_k:[7896,6508,7097,8137,8001,5108,7068,5948,5997,6519,6248,7580,6875,6225,6553,6441,7621,5893,6420,5233,4068,6766,6981,5347,8137,4622,6148,5911,7660,7596,6259,6486,5199,4087,5748,6261,7353,7324,5708,5794,5035,4657,4366,8085,5583,5656,4827,6892,4460,5885,5191,6495,5582,4901,6073,6537,6169,6409,5456,5733,5418,5736,5275,4346,6282,5693,4444,6572,5179,6154,6843,6233,7260,4846,6511,5405,5216,5513,5785,6159,4917,7018,6575,4539,7615,8030,7300,5919,5013,7174,5691,7345,6313,7095,6464,6820,6112,7918,6231,6510,8017,4731,4809,7087,4908,8078,5681,5341,8057,7607,8001,7023,5226,8044,5829,6918,7065,5944,6726,7039,6484,4983,6405,7450,5395,5949,5659,7982,6785,6516,5318,6650,5416,6134,5455,6789,6688,5890,6504,4990,4585,6548,6271,6747,8137,7062,5173,7238,4763,5632,6032,7844,5344,5261,6001,5427,7247,5003,4935,5656,5595,8064,7067,6191,4855,6960,5084,4530,7310,6424,7038,6426,6973,5439,5050,6795,5284,5400,5638,6119,5741,4703,5447,4068,6737,4472,4978,6155,5349,7671,4787,6373,6062,4914,6634,5927,6886,6939,8137,7461,5726,5858,7220,6768,6753,4457,6077,5351,6386,6002,7027,6424,6901,5627,5141,5684,6084,6487,8137,6059,5129,5750,5630,6591,4535,6166,6261,6338,5494,5860,4653,5600,5549,6525,4926,6896,7621,4068,6535,6790,5453,5697,5966,5799,5787,4397,7273,7199,5274,4610,6631,5516,6246,5777,6805,6808,5364,4695,4492,6722,4892,5586,5495,6048,4132,6293,6634,6191,5785,6201,6507,4068,8091,6498,5438,5704,6604,5983,4068,8137,5989,7139,5398,7664,6393,6721,5038,7333,6803,7425,5463,5612,8137,5023,5963,7258,6201,6694,5695,6478,4773,7788,5981,5410,6779,5633,4745,4732,6807,5939,5966,7198,4956,5358,5710,6197,6059,5810,6039,5992,5370,5275,6381,5195,4924,5784,5941,8137,5385,7061,6861,4892,6888,4897,4068,6718,4316,6560,5406,7789,7188,5640,5402,4867,5653,5816,5731,6261,6690,6457,5324,4639,7489,5400,5438,5571,4227,5615,5614,6732,6812,6105,7049,6447,6086,6265,5908,5700,5829,4954,6387,5091,6957,5848,6152,6604,6756,4504,5891,6997,4375,6495,4068,5062,6141,4417,5099,4605,7778,6269,6678,5875,5742,4458,5805,5327,6974,7262,7593,6969,5493,4967,6881,6464,4303,6463,6930,6161,5913,5280,4630,6915,5787,5864,7864,6798,6479,6246,7647,7850,7047,6694,4068,6227,5969,6197,7061,4068,5523,6376,5627,4661,6985,6383,5114,6422,6937,6107,6916,6181,5700,4922,6014,6299,6992,5984,6567,5120,5306,5989,5029,6936,6573,6385,6446,8137,5625,4068,6304,6050,5575,5106,5655,6286,5590,8137,5125,5295,4068,6357,4068,5553,5821,5380,7870,7113,7443,5204,7249,6606],num_heads:64,num_heads_kv:1,head_dim:576,head_dim_v:512,causal:0,dtype:bf16.
flash_mla:[D][746,8137]flash_mla,MLA:sparse:decode,is_fp8:1,topk:2048,batch_size:746,seqlen_q:2,seqlen_k:[7896,6508,7097,8137,8001,5108,7068,5948,5997,6519,6248,7580,6875,6225,6553,6441,7621,5893,6420,5233,4068,6766,6981,5347,8137,4622,6148,5911,7660,7596,6259,6486,5199,4087,5748,6261,7353,7324,5708,5794,5035,4657,4366,8085,5583,5656,4827,6892,4460,5885,5191,6495,5582,4901,6073,6537,6169,6409,5456,5733,5418,5736,5275,4346,6282,5693,4444,6572,5179,6154,6843,6233,7260,4846,6511,5405,5216,5513,5785,6159,4917,7018,6575,4539,7615,8030,7300,5919,5013,7174,5691,7345,6313,7095,6464,6820,6112,7918,6231,6510,8017,4731,4809,7087,4908,8078,5681,5341,8057,7607,8001,7023,5226,8044,5829,6918,7065,5944,6726,7039,6484,4983,6405,7450,5395,5949,5659,7982,6785,6516,5318,6650,5416,6134,5455,6789,6688,5890,6504,4990,4585,6548,6271,6747,8137,7062,5173,7238,4763,5632,6032,7844,5344,5261,6001,5427,7247,5003,4935,5656,5595,8064,7067,6191,4855,6960,5084,4530,7310,6424,7038,6426,6973,5439,5050,6795,5284,5400,5638,6119,5741,4703,5447,4068,6737,4472,4978,6155,5349,7671,4787,6373,6062,4914,6634,5927,6886,6939,8137,7461,5726,5858,7220,6768,6753,4457,6077,5351,6386,6002,7027,6424,6901,5627,5141,5684,6084,6487,8137,6059,5129,5750,5630,6591,4535,6166,6261,6338,5494,5860,4653,5600,5549,6525,4926,6896,7621,4068,6535,6790,5453,5697,5966,5799,5787,4397,7273,7199,5274,4610,6631,5516,6246,5777,6805,6808,5364,4695,4492,6722,4892,5586,5495,6048,4132,6293,6634,6191,5785,6201,6507,4068,8091,6498,5438,5704,6604,5983,4068,8137,5989,7139,5398,7664,6393,6721,5038,7333,6803,7425,5463,5612,8137,5023,5963,7258,6201,6694,5695,6478,4773,7788,5981,5410,6779,5633,4745,4732,6807,5939,5966,7198,4956,5358,5710,6197,6059,5810,6039,5992,5370,5275,6381,5195,4924,5784,5941,8137,5385,7061,6861,4892,6888,4897,4068,6718,4316,6560,5406,7789,7188,5640,5402,4867,5653,5816,5731,6261,6690,6457,5324,4639,7489,5400,5438,5571,4227,5615,5614,6732,6812,6105,7049,6447,6086,6265,5908,5700,5829,4954,6387,5091,6957,5848,6152,6604,6756,4504,5891,6997,4375,6495,4068,5062,6141,4417,5099,4605,7778,6269,6678,5875,5742,4458,5805,5327,6974,7262,7593,6969,5493,4967,6881,6464,4303,6463,6930,6161,5913,5280,4630,6915,5787,5864,7864,6798,6479,6246,7647,7850,7047,6694,4068,6227,5969,6197,7061,4068,5523,6376,5627,4661,6985,6383,5114,6422,6937,6107,6916,6181,5700,4922,6014,6299,6992,5984,6567,5120,5306,5989,5029,6936,6573,6385,6446,8137,5625,4068,6304,6050,5575,5106,5655,6286,5590,8137,5125,5295,4068,6357,4068,5553,5821,5380,7870,7113,7443,5204,7249,6606,6886,7148,5177,5670,6979,4068,7641,6664,6055,6326,5054,5746,7220,7422,8137,6026,5432,5579,5066,6022,6491,6067,7216,5863,5748,5510,4441,4507,4902,7425,7012,7500,4747,4099,5430,6280,6609,7167,6391,7874,5875,5173,4392,5197,6348,5198,7054,7538,4068,6980,4068,6510,7347,6167,4800,5506,5835,5916,5895,5990,6319,4872,5855,7646,5710,5650,7198,4068,7303,5459,6268,6199,7060,5829,5412,7421,4068,6122,4731,5327,8137,6056,6300,4290,5360,6301,6462,6729,6110,6637,6563,4241,6139,6882,6701,5731,5282,4964,5968,7254,4117,5430,4942,6900,5538,5623,5881,6554,5702,4068,6654,6548,5878,4999,6459,6487,5623,5881,5156,5920,4525,6526,5141,6344,4672,5501,5989,4413,6219,5716,4330,4776,6717,7012,5967,6513,6329,6437,7409,4569,6789,5713,5873,5794,5720,4854,6288,7801,6044,6100,5403,5982,6576,5725,5640,6512,5168,6358,6936,7485,6010,7492,7153,5088,4863,5791,7148,6028,5491,7680,6393,4068,6424,6630,6331,6559,6033,4761,5724,5140,5153,4817,6562,6201,5646,5441,6078,7199,4068,6485,5547,4185,4123,5173,6325,6501,5147,7136,7549,6504,5500,7245,6870,6984,5434,4068,8137,4463,6065,8137,6438,7067,4574,4294,5560,7211,5749,5293,6303,7202,4632,4870,5299,7215,6340,8137,7054,6066,7388,6317,5385,6793,5393,5806,7452,5998,5285,5629,7141,5540,5708,5583,6289,5709,4472,5199,5153,7366,6928,6699,5588,5272,5585,5032,8137,4068,6675,4795,5995,5097,4904,4942,7886,5966,5323,6667],num_heads:64,num_heads_kv:1,head_dim:576,head_dim_v:512,causal:0,dtype:bf16.
flash_mla:[D][1,19943]flash_mla,MLA:sparse:decode,is_fp8:1,topk:2048,batch_size:1,seqlen_q:2,seqlen_k:[19943],num_heads:64,num_heads_kv:1,head_dim:576,head_dim_v:512,causal:0,dtype:bf16.
flash_mla:[D][2,19943]flash_mla,MLA:sparse:decode,is_fp8:1,topk:2048,batch_size:2,seqlen_q:2,seqlen_k:[19943,16440],num_heads:64,num_heads_kv:1,head_dim:576,head_dim_v:512,causal:0,dtype:bf16.
flash_mla:[D][3,19943]flash_mla,MLA:sparse:decode,is_fp8:1,topk:2048,batch_size:3,seqlen_q:2,seqlen_k:[19943,16440,17926],num_heads:64,num_heads_kv:1,head_dim:576,head_dim_v:512,causal:0,dtype:bf16.
flash_mla:[D][5,20550]flash_mla,MLA:sparse:decode,is_fp8:1,topk:2048,batch_size:5,seqlen_q:2,seqlen_k:[19943,16440,17926,20550,20209],num_heads:64,num_heads_kv:1,head_dim:576,head_dim_v:512,causal:0,dtype:bf16.
flash_mla:[D][7,20550]flash_mla,MLA:sparse:decode,is_fp8:1,topk:2048,batch_size:7,seqlen_q:2,seqlen_k:[19943,16440,17926,20550,20209,12901,17852],num_heads:64,num_heads_kv:1,head_dim:576,head_dim_v:512,causal:0,dtype:bf16.
flash_mla:[D][10,20550]flash_mla,MLA:sparse:decode,is_fp8:1,topk:2048,batch_size:10,seqlen_q:2,seqlen_k:[19943,16440,17926,20550,20209,12901,17852,15023,15146,16466],num_heads:64,num_heads_kv:1,head_dim:576,head_dim_v:512,causal:0,dtype:bf16.
flash_mla:[D][14,20550]flash_mla,MLA:sparse:decode,is_fp8:1,topk:2048,batch_size:14,seqlen_q:2,seqlen_k:[19943,16440,17926,20550,20209,12901,17852,15023,15146,16466,15782,19148,17367,15724],num_heads:64,num_heads_kv:1,head_dim:576,head_dim_v:512,causal:0,dtype:bf16.
flash_mla:[D][21,20550]flash_mla,MLA:sparse:decode,is_fp8:1,topk:2048,batch_size:21,seqlen_q:2,seqlen_k:[19943,16440,17926,20550,20209,12901,17852,15023,15146,16466,15782,19148,17367,15724,16552,16269,19250,14884,16216,13217,10275],num_heads:64,num_heads_kv:1,head_dim:576,head_dim_v:512,causal:0,dtype:bf16.
flash_mla:[D][30,20550]flash_mla,MLA:sparse:decode,is_fp8:1,topk:2048,batch_size:30,seqlen_q:2,seqlen_k:[19943,16440,17926,20550,20209,12901,17852,15023,15146,16466,15782,19148,17367,15724,16552,16269,19250,14884,16216,13217,10275,17091,17632,13505,20550,11675,15529,14931,19349,19186],num_heads:64,num_heads_kv:1,head_dim:576,head_dim_v:512,causal:0,dtype:bf16.
flash_mla:[D][44,20550]flash_mla,MLA:sparse:decode,is_fp8:1,topk:2048,batch_size:44,seqlen_q:2,seqlen_k:[19943,16440,17926,20550,20209,12901,17852,15023,15146,16466,15782,19148,17367,15724,16552,16269,19250,14884,16216,13217,10275,17091,17632,13505,20550,11675,15529,14931,19349,19186,15810,16383,13131,10323,14518,15813,18572,18500,14416,14635,12718,11763,11028,20423],num_heads:64,num_heads_kv:1,head_dim:576,head_dim_v:512,causal:0,dtype:bf16.
flash_mla:[D][65,20550]flash_mla,MLA:sparse:decode,is_fp8:1,topk:2048,batch_size:65,seqlen_q:2,seqlen_k:[19943,16440,17926,20550,20209,12901,17852,15023,15146,16466,15782,19148,17367,15724,16552,16269,19250,14884,16216,13217,10275,17091,17632,13505,20550,11675,15529,14931,19349,19186,15810,16383,13131,10323,14518,15813,18572,18500,14416,14635,12718,11763,11028,20423,14102,14286,12193,17409,11265,14865,13111,16405,14099,12378,15339,16512,15582,16189,13782,14480,13684,14488,13323,10977,15867],num_heads:64,num_heads_kv:1,head_dim:576,head_dim_v:512,causal:0,dtype:bf16.
flash_mla:[D][95,20550]flash_mla,MLA:sparse:decode,is_fp8:1,topk:2048,batch_size:95,seqlen_q:2,seqlen_k:[19943,16440,17926,20550,20209,12901,17852,15023,15146,16466,15782,19148,17367,15724,16552,16269,19250,14884,16216,13217,10275,17091,17632,13505,20550,11675,15529,14931,19349,19186,15810,16383,13131,10323,14518,15813,18572,18500,14416,14635,12718,11763,11028,20423,14102,14286,12193,17409,11265,14865,13111,16405,14099,12378,15339,16512,15582,16189,13782,14480,13684,14488,13323,10977,15867,14379,11224,16600,13081,15545,17285,15743,18339,12239,16445,13652,13174,13924,14611,15556,12418,17726,16608,11465,19235,20282,18440,14949,12661,18120,14376,18552,15947,17920,16327],num_heads:64,num_heads_kv:1,head_dim:576,head_dim_v:512,causal:0,dtype:bf16.
flash_mla:[D][139,20550]flash_mla,MLA:sparse:decode,is_fp8:1,topk:2048,batch_size:139,seqlen_q:2,seqlen_k:[19943,16440,17926,20550,20209,12901,17852,15023,15146,16466,15782,19148,17367,15724,16552,16269,19250,14884,16216,13217,10275,17091,17632,13505,20550,11675,15529,14931,19349,19186,15810,16383,13131,10323,14518,15813,18572,18500,14416,14635,12718,11763,11028,20423,14102,14286,12193,17409,11265,14865,13111,16405,14099,12378,15339,16512,15582,16189,13782,14480,13684,14488,13323,10977,15867,14379,11224,16600,13081,15545,17285,15743,18339,12239,16445,13652,13174,13924,14611,15556,12418,17726,16608,11465,19235,20282,18440,14949,12661,18120,14376,18552,15947,17920,16327,17227,15438,19999,15738,16444,20249,11949,12148,17902,12398,20405,14349,13491,20352,19215,20209,17739,13199,20318,14723,17473,17845,15013,16989,17781,16379,12587,16178,18819,13627,15027,14294,20162,17139,16458,13434,16797,13679,15493,13778,17149,16893,14876,16429],num_heads:64,num_heads_kv:1,head_dim:576,head_dim_v:512,causal:0,dtype:bf16.
flash_mla:[D][203,20550]flash_mla,MLA:sparse:decode,is_fp8:1,topk:2048,batch_size:203,seqlen_q:2,seqlen_k:[19943,16440,17926,20550,20209,12901,17852,15023,15146,16466,15782,19148,17367,15724,16552,16269,19250,14884,16216,13217,10275,17091,17632,13505,20550,11675,15529,14931,19349,19186,15810,16383,13131,10323,14518,15813,18572,18500,14416,14635,12718,11763,11028,20423,14102,14286,12193,17409,11265,14865,13111,16405,14099,12378,15339,16512,15582,16189,13782,14480,13684,14488,13323,10977,15867,14379,11224,16600,13081,15545,17285,15743,18339,12239,16445,13652,13174,13924,14611,15556,12418,17726,16608,11465,19235,20282,18440,14949,12661,18120,14376,18552,15947,17920,16327,17227,15438,19999,15738,16444,20249,11949,12148,17902,12398,20405,14349,13491,20352,19215,20209,17739,13199,20318,14723,17473,17845,15013,16989,17781,16379,12587,16178,18819,13627,15027,14294,20162,17139,16458,13434,16797,13679,15493,13778,17149,16893,14876,16429,12603,11580,16540,15840,17043,20550,17838,13066,18281,12031,14226,15236,19813,13498,13288,15159,13707,18306,12637,12464,14287,14132,20368,17851,15636,12263,17581,12842,11443,18464,16226,17777,16230,17613,13739,12755,17163,13348,13640,14241,15456,14502,11879,13758,10275,17018,11296,12574,15546,13512,19376,12090,16098,15311,12411,16756,14971,17394,17527,20550,18845,14463,14797,18237],num_heads:64,num_heads_kv:1,head_dim:576,head_dim_v:512,causal:0,dtype:bf16.
flash_mla:[D][296,20550]flash_mla,MLA:sparse:decode,is_fp8:1,topk:2048,batch_size:296,seqlen_q:2,seqlen_k:[19943,16440,17926,20550,20209,12901,17852,15023,15146,16466,15782,19148,17367,15724,16552,16269,19250,14884,16216,13217,10275,17091,17632,13505,20550,11675,15529,14931,19349,19186,15810,16383,13131,10323,14518,15813,18572,18500,14416,14635,12718,11763,11028,20423,14102,14286,12193,17409,11265,14865,13111,16405,14099,12378,15339,16512,15582,16189,13782,14480,13684,14488,13323,10977,15867,14379,11224,16600,13081,15545,17285,15743,18339,12239,16445,13652,13174,13924,14611,15556,12418,17726,16608,11465,19235,20282,18440,14949,12661,18120,14376,18552,15947,17920,16327,17227,15438,19999,15738,16444,20249,11949,12148,17902,12398,20405,14349,13491,20352,19215,20209,17739,13199,20318,14723,17473,17845,15013,16989,17781,16379,12587,16178,18819,13627,15027,14294,20162,17139,16458,13434,16797,13679,15493,13778,17149,16893,14876,16429,12603,11580,16540,15840,17043,20550,17838,13066,18281,12031,14226,15236,19813,13498,13288,15159,13707,18306,12637,12464,14287,14132,20368,17851,15636,12263,17581,12842,11443,18464,16226,17777,16230,17613,13739,12755,17163,13348,13640,14241,15456,14502,11879,13758,10275,17018,11296,12574,15546,13512,19376,12090,16098,15311,12411,16756,14971,17394,17527,20550,18845,14463,14797,18237,17095,17056,11258,15349,13515,16131,15159,17750,16226,17432,14213,12985,14358,15368,16386,20550,15303,12956,14523,14221,16648,11453,15574,15814,16008,13877,14800,11753,14144,14017,16480,12441,17418,19251,10275,16507,17150,13774,14391,15070,14646,14618,11106,18372,18185,13322,11644,16750,13932,15776,14591,17188,17196,13547,11858,11345,16980,12357,14109,13880,15276,10437,15896,16757,15639,14613,15662,16437,10275,20436,16414,13735,14407,16680,15113,10275,20550,15128,18032,13634,19358,16147,16976,12726,18523,17184,18756,13798,14176,20550,12688,15062,18332],num_heads:64,num_heads_kv:1,head_dim:576,head_dim_v:512,causal:0,dtype:bf16.
flash_mla:[D][1,50367]flash_mla,MLA:sparse:decode,is_fp8:1,topk:2048,batch_size:1,seqlen_q:2,seqlen_k:[50367],num_heads:64,num_heads_kv:1,head_dim:576,head_dim_v:512,causal:0,dtype:bf16.
flash_mla:[D][2,50367]flash_mla,MLA:sparse:decode,is_fp8:1,topk:2048,batch_size:2,seqlen_q:2,seqlen_k:[50367,41519],num_heads:64,num_heads_kv:1,head_dim:576,head_dim_v:512,causal:0,dtype:bf16.
flash_mla:[D][3,50367]flash_mla,MLA:sparse:decode,is_fp8:1,topk:2048,batch_size:3,seqlen_q:2,seqlen_k:[50367,41519,45273],num_heads:64,num_heads_kv:1,head_dim:576,head_dim_v:512,causal:0,dtype:bf16.
flash_mla:[D][4,51899]flash_mla,MLA:sparse:decode,is_fp8:1,topk:2048,batch_size:4,seqlen_q:2,seqlen_k:[50367,41519,45273,51899],num_heads:64,num_heads_kv:1,head_dim:576,head_dim_v:512,causal:0,dtype:bf16.
flash_mla:[D][5,51899]flash_mla,MLA:sparse:decode,is_fp8:1,topk:2048,batch_size:5,seqlen_q:2,seqlen_k:[50367,41519,45273,51899,51038],num_heads:64,num_heads_kv:1,head_dim:576,head_dim_v:512,causal:0,dtype:bf16.
flash_mla:[D][7,51899]flash_mla,MLA:sparse:decode,is_fp8:1,topk:2048,batch_size:7,seqlen_q:2,seqlen_k:[50367,41519,45273,51899,51038,32584,45087],num_heads:64,num_heads_kv:1,head_dim:576,head_dim_v:512,causal:0,dtype:bf16.
flash_mla:[D][9,51899]flash_mla,MLA:sparse:decode,is_fp8:1,topk:2048,batch_size:9,seqlen_q:2,seqlen_k:[50367,41519,45273,51899,51038,32584,45087,37942,38254],num_heads:64,num_heads_kv:1,head_dim:576,head_dim_v:512,causal:0,dtype:bf16.
flash_mla:[D][13,51899]flash_mla,MLA:sparse:decode,is_fp8:1,topk:2048,batch_size:13,seqlen_q:2,seqlen_k:[50367,41519,45273,51899,51038,32584,45087,37942,38254,41587,39858,48357,43860],num_heads:64,num_heads_kv:1,head_dim:576,head_dim_v:512,causal:0,dtype:bf16.
flash_mla:[D][17,51899]flash_mla,MLA:sparse:decode,is_fp8:1,topk:2048,batch_size:17,seqlen_q:2,seqlen_k:[50367,41519,45273,51899,51038,32584,45087,37942,38254,41587,39858,48357,43860,39713,41803,41088,48616],num_heads:64,num_heads_kv:1,head_dim:576,head_dim_v:512,causal:0,dtype:bf16.
flash_mla:[D][24,51899]flash_mla,MLA:sparse:decode,is_fp8:1,topk:2048,batch_size:24,seqlen_q:2,seqlen_k:[50367,41519,45273,51899,51038,32584,45087,37942,38254,41587,39858,48357,43860,39713,41803,41088,48616,37593,40954,33383,25949,43164,44531,34109],num_heads:64,num_heads_kv:1,head_dim:576,head_dim_v:512,causal:0,dtype:bf16.
flash_mla:[D][33,51899]flash_mla,MLA:sparse:decode,is_fp8:1,topk:2048,batch_size:33,seqlen_q:2,seqlen_k:[50367,41519,45273,51899,51038,32584,45087,37942,38254,41587,39858,48357,43860,39713,41803,41088,48616,37593,40954,33383,25949,43164,44531,34109,51899,29489,39220,37709,48867,48455,39929,41377,33164],num_heads:64,num_heads_kv:1,head_dim:576,head_dim_v:512,causal:0,dtype:bf16.
flash_mla:[D][45,51899]flash_mla,MLA:sparse:decode,is_fp8:1,topk:2048,batch_size:45,seqlen_q:2,seqlen_k:[50367,41519,45273,51899,51038,32584,45087,37942,38254,41587,39858,48357,43860,39713,41803,41088,48616,37593,40954,33383,25949,43164,44531,34109,51899,29489,39220,37709,48867,48455,39929,41377,33164,26074,36667,39938,46904,46723,36411,36962,32122,29712,27855,51578,35617],num_heads:64,num_heads_kv:1,head_dim:576,head_dim_v:512,causal:0,dtype:bf16.
flash_mla:[D][62,51899]flash_mla,MLA:sparse:decode,is_fp8:1,topk:2048,batch_size:62,seqlen_q:2,seqlen_k:[50367,41519,45273,51899,51038,32584,45087,37942,38254,41587,39858,48357,43860,39713,41803,41088,48616,37593,40954,33383,25949,43164,44531,34109,51899,29489,39220,37709,48867,48455,39929,41377,33164,26074,36667,39938,46904,46723,36411,36962,32122,29712,27855,51578,35617,36082,30797,43967,28454,37543,33115,41433,35610,31265,38741,41702,39355,40886,34809,36570,34561,36591],num_heads:64,num_heads_kv:1,head_dim:576,head_dim_v:512,causal:0,dtype:bf16.
flash_mla:[D][85,51899]flash_mla,MLA:sparse:decode,is_fp8:1,topk:2048,batch_size:85,seqlen_q:2,seqlen_k:[50367,41519,45273,51899,51038,32584,45087,37942,38254,41587,39858,48357,43860,39713,41803,41088,48616,37593,40954,33383,25949,43164,44531,34109,51899,29489,39220,37709,48867,48455,39929,41377,33164,26074,36667,39938,46904,46723,36411,36962,32122,29712,27855,51578,35617,36082,30797,43967,28454,37543,33115,41433,35610,31265,38741,41702,39355,40886,34809,36570,34561,36591,33649,27725,40074,36317,28348,41926,33038,39260,43653,39760,46315,30913,41533,34481,33275,35169,36902,39288,31365,44767,41944,28958,48578],num_heads:64,num_heads_kv:1,head_dim:576,head_dim_v:512,causal:0,dtype:bf16.
flash_mla:[D][117,51899]flash_mla,MLA:sparse:decode,is_fp8:1,topk:2048,batch_size:117,seqlen_q:2,seqlen_k:[50367,41519,45273,51899,51038,32584,45087,37942,38254,41587,39858,48357,43860,39713,41803,41088,48616,37593,40954,33383,25949,43164,44531,34109,51899,29489,39220,37709,48867,48455,39929,41377,33164,26074,36667,39938,46904,46723,36411,36962,32122,29712,27855,51578,35617,36082,30797,43967,28454,37543,33115,41433,35610,31265,38741,41702,39355,40886,34809,36570,34561,36591,33649,27725,40074,36317,28348,41926,33038,39260,43653,39760,46315,30913,41533,34481,33275,35169,36902,39288,31365,44767,41944,28958,48578,51222,46570,37756,31978,45764,36308,46854,40275,45259,41235,43507,38992,50508,39747,41531,51139,30181,30682,45212,31313,51532,36240,34075,51398,48528,51038,44801,33337,51314,37185,44129,45068],num_heads:64,num_heads_kv:1,head_dim:576,head_dim_v:512,causal:0,dtype:bf16.
flash_mla:[D][1,127206]flash_mla,MLA:sparse:decode,is_fp8:1,topk:2048,batch_size:1,seqlen_q:2,seqlen_k:[127206],num_heads:64,num_heads_kv:1,head_dim:576,head_dim_v:512,causal:0,dtype:bf16.
flash_mla:[D][2,127206]flash_mla,MLA:sparse:decode,is_fp8:1,topk:2048,batch_size:2,seqlen_q:2,seqlen_k:[127206,104860],num_heads:64,num_heads_kv:1,head_dim:576,head_dim_v:512,causal:0,dtype:bf16.
flash_mla:[D][3,127206]flash_mla,MLA:sparse:decode,is_fp8:1,topk:2048,batch_size:3,seqlen_q:2,seqlen_k:[127206,104860,114339],num_heads:64,num_heads_kv:1,head_dim:576,head_dim_v:512,causal:0,dtype:bf16.
flash_mla:[D][4,131072]flash_mla,MLA:sparse:decode,is_fp8:1,topk:2048,batch_size:4,seqlen_q:2,seqlen_k:[127206,104860,114339,131072],num_heads:64,num_heads_kv:1,head_dim:576,head_dim_v:512,causal:0,dtype:bf16.
flash_mla:[D][5,131072]flash_mla,MLA:sparse:decode,is_fp8:1,topk:2048,batch_size:5,seqlen_q:2,seqlen_k:[127206,104860,114339,131072,128902],num_heads:64,num_heads_kv:1,head_dim:576,head_dim_v:512,causal:0,dtype:bf16.
flash_mla:[D][6,131072]flash_mla,MLA:sparse:decode,is_fp8:1,topk:2048,batch_size:6,seqlen_q:2,seqlen_k:[127206,104860,114339,131072,128902,82292],num_heads:64,num_heads_kv:1,head_dim:576,head_dim_v:512,causal:0,dtype:bf16.
flash_mla:[D][8,131072]flash_mla,MLA:sparse:decode,is_fp8:1,topk:2048,batch_size:8,seqlen_q:2,seqlen_k:[127206,104860,114339,131072,128902,82292,113870,95824],num_heads:64,num_heads_kv:1,head_dim:576,head_dim_v:512,causal:0,dtype:bf16.
flash_mla:[D][10,131072]flash_mla,MLA:sparse:decode,is_fp8:1,topk:2048,batch_size:10,seqlen_q:2,seqlen_k:[127206,104860,114339,131072,128902,82292,113870,95824,96612,105031],num_heads:64,num_heads_kv:1,head_dim:576,head_dim_v:512,causal:0,dtype:bf16.
flash_mla:[D][13,131072]flash_mla,MLA:sparse:decode,is_fp8:1,topk:2048,batch_size:13,seqlen_q:2,seqlen_k:[127206,104860,114339,131072,128902,82292,113870,95824,96612,105031,100664,122130,110772],num_heads:64,num_heads_kv:1,head_dim:576,head_dim_v:512,causal:0,dtype:bf16.
flash_mla:[D][17,131072]flash_mla,MLA:sparse:decode,is_fp8:1,topk:2048,batch_size:17,seqlen_q:2,seqlen_k:[127206,104860,114339,131072,128902,82292,113870,95824,96612,105031,100664,122130,110772,100297,105576,103770,122782],num_heads:64,num_heads_kv:1,head_dim:576,head_dim_v:512,causal:0,dtype:bf16.
flash_mla:[D][21,131072]flash_mla,MLA:sparse:decode,is_fp8:1,topk:2048,batch_size:21,seqlen_q:2,seqlen_k:[127206,104860,114339,131072,128902,82292,113870,95824,96612,105031,100664,122130,110772,100297,105576,103770,122782,94942,103433,84310,65536],num_heads:64,num_heads_kv:1,head_dim:576,head_dim_v:512,causal:0,dtype:bf16.
flash_mla:[D][28,131072]flash_mla,MLA:sparse:decode,is_fp8:1,topk:2048,batch_size:28,seqlen_q:2,seqlen_k:[127206,104860,114339,131072,128902,82292,113870,95824,96612,105031,100664,122130,110772,100297,105576,103770,122782,94942,103433,84310,65536,109012,112466,86144,131072,74475,99053,95237],num_heads:64,num_heads_kv:1,head_dim:576,head_dim_v:512,causal:0,dtype:bf16.
flash_mla:[D][36,131072]flash_mla,MLA:sparse:decode,is_fp8:1,topk:2048,batch_size:36,seqlen_q:2,seqlen_k:[127206,104860,114339,131072,128902,82292,113870,95824,96612,105031,100664,122130,110772,100297,105576,103770,122782,94942,103433,84310,65536,109012,112466,86144,131072,74475,99053,95237,123417,122377,100842,104499,83758,65850,92603,100865],num_heads:64,num_heads_kv:1,head_dim:576,head_dim_v:512,causal:0,dtype:bf16.
flash_mla:[D][46,131072]flash_mla,MLA:sparse:decode,is_fp8:1,topk:2048,batch_size:46,seqlen_q:2,seqlen_k:[127206,104860,114339,131072,128902,82292,113870,95824,96612,105031,100664,122130,110772,100297,105576,103770,122782,94942,103433,84310,65536,109012,112466,86144,131072,74475,99053,95237,123417,122377,100842,104499,83758,65850,92603,100865,118461,118003,91958,93351,81124,75038,70348,130265,89953,91126],num_heads:64,num_heads_kv:1,head_dim:576,head_dim_v:512,causal:0,dtype:bf16.
flash_mla:[D][1,194]flash_mla,MLA:sparse:decode,is_fp8:1,topk:2048,batch_size:1,seqlen_q:4,seqlen_k:[194],num_heads:64,num_heads_kv:1,head_dim:576,head_dim_v:512,causal:0,dtype:bf16.
flash_mla:[D][2,194]flash_mla,MLA:sparse:decode,is_fp8:1,topk:2048,batch_size:2,seqlen_q:4,seqlen_k:[194,160],num_heads:64,num_heads_kv:1,head_dim:576,head_dim_v:512,causal:0,dtype:bf16.
flash_mla:[D][3,194]flash_mla,MLA:sparse:decode,is_fp8:1,topk:2048,batch_size:3,seqlen_q:4,seqlen_k:[194,160,174],num_heads:64,num_heads_kv:1,head_dim:576,head_dim_v:512,causal:0,dtype:bf16.
flash_mla:[D][4,200]flash_mla,MLA:sparse:decode,is_fp8:1,topk:2048,batch_size:4,seqlen_q:4,seqlen_k:[194,160,174,200],num_heads:64,num_heads_kv:1,head_dim:576,head_dim_v:512,causal:0,dtype:bf16.
flash_mla:[D][7,200]flash_mla,MLA:sparse:decode,is_fp8:1,topk:2048,batch_size:7,seqlen_q:4,seqlen_k:[194,160,174,200,196,125,173],num_heads:64,num_heads_kv:1,head_dim:576,head_dim_v:512,causal:0,dtype:bf16.
flash_mla:[D][11,200]flash_mla,MLA:sparse:decode,is_fp8:1,topk:2048,batch_size:11,seqlen_q:4,seqlen_k:[194,160,174,200,196,125,173,146,147,160,153],num_heads:64,num_heads_kv:1,head_dim:576,head_dim_v:512,causal:0,dtype:bf16.
flash_mla:[D][19,200]flash_mla,MLA:sparse:decode,is_fp8:1,topk:2048,batch_size:19,seqlen_q:4,seqlen_k:[194,160,174,200,196,125,173,146,147,160,153,186,169,153,161,158,187,144,157],num_heads:64,num_heads_kv:1,head_dim:576,head_dim_v:512,causal:0,dtype:bf16.
flash_mla:[D][30,200]flash_mla,MLA:sparse:decode,is_fp8:1,topk:2048,batch_size:30,seqlen_q:4,seqlen_k:[194,160,174,200,196,125,173,146,147,160,153,186,169,153,161,158,187,144,157,128,100,166,171,131,200,113,151,145,188,186],num_heads:64,num_heads_kv:1,head_dim:576,head_dim_v:512,causal:0,dtype:bf16.
flash_mla:[D][49,200]flash_mla,MLA:sparse:decode,is_fp8:1,topk:2048,batch_size:49,seqlen_q:4,seqlen_k:[194,160,174,200,196,125,173,146,147,160,153,186,169,153,161,158,187,144,157,128,100,166,171,131,200,113,151,145,188,186,153,159,127,100,141,153,180,180,140,142,123,114,107,198,137,139,118,169,109],num_heads:64,num_heads_kv:1,head_dim:576,head_dim_v:512,causal:0,dtype:bf16.
flash_mla:[D][80,200]flash_mla,MLA:sparse:decode,is_fp8:1,topk:2048,batch_size:80,seqlen_q:4,seqlen_k:[194,160,174,200,196,125,173,146,147,160,153,186,169,153,161,158,187,144,157,128,100,166,171,131,200,113,151,145,188,186,153,159,127,100,141,153,180,180,140,142,123,114,107,198,137,139,118,169,109,144,127,159,137,120,149,160,151,157,134,140,133,141,129,106,154,139,109,161,127,151,168,153,178,119,160,132,128,135,142,151],num_heads:64,num_heads_kv:1,head_dim:576,head_dim_v:512,causal:0,dtype:bf16.
flash_mla:[D][131,200]flash_mla,MLA:sparse:decode,is_fp8:1,topk:2048,batch_size:131,seqlen_q:4,seqlen_k:[194,160,174,200,196,125,173,146,147,160,153,186,169,153,161,158,187,144,157,128,100,166,171,131,200,113,151,145,188,186,153,159,127,100,141,153,180,180,140,142,123,114,107,198,137,139,118,169,109,144,127,159,137,120,149,160,151,157,134,140,133,141,129,106,154,139,109,161,127,151,168,153,178,119,160,132,128,135,142,151,120,172,161,111,187,197,179,145,123,176,139,180,155,174,158,167,150,194,153,160,197,116,118,174,120,198,139,131,198,187,196,172,128,197,143,170,173,146,165,173,159,122,157,183,132,146,139,196,166,160,130],num_heads:64,num_heads_kv:1,head_dim:576,head_dim_v:512,causal:0,dtype:bf16.
flash_mla:[D][213,200]flash_mla,MLA:sparse:decode,is_fp8:1,topk:2048,batch_size:213,seqlen_q:4,seqlen_k:[194,160,174,200,196,125,173,146,147,160,153,186,169,153,161,158,187,144,157,128,100,166,171,131,200,113,151,145,188,186,153,159,127,100,141,153,180,180,140,142,123,114,107,198,137,139,118,169,109,144,127,159,137,120,149,160,151,157,134,140,133,141,129,106,154,139,109,161,127,151,168,153,178,119,160,132,128,135,142,151,120,172,161,111,187,197,179,145,123,176,139,180,155,174,158,167,150,194,153,160,197,116,118,174,120,198,139,131,198,187,196,172,128,197,143,170,173,146,165,173,159,122,157,183,132,146,139,196,166,160,130,163,133,150,134,166,164,144,159,122,112,160,154,165,200,173,127,177,117,138,148,192,131,129,147,133,178,123,121,139,137,198,173,152,119,171,124,111,179,157,173,157,171,133,124,167,129,132,138,150,141,115,133,100,165,109,122,151,131,188,117,156,149,120,163,145,169,170,200,183,140,144,177,166,166,109,149,131,156,147,172,157,169],num_heads:64,num_heads_kv:1,head_dim:576,head_dim_v:512,causal:0,dtype:bf16.
flash_mla:[D][346,200]flash_mla,MLA:sparse:decode,is_fp8:1,topk:2048,batch_size:346,seqlen_q:4,seqlen_k:[194,160,174,200,196,125,173,146,147,160,153,186,169,153,161,158,187,144,157,128,100,166,171,131,200,113,151,145,188,186,153,159,127,100,141,153,180,180,140,142,123,114,107,198,137,139,118,169,109,144,127,159,137,120,149,160,151,157,134,140,133,141,129,106,154,139,109,161,127,151,168,153,178,119,160,132,128,135,142,151,120,172,161,111,187,197,179,145,123,176,139,180,155,174,158,167,150,194,153,160,197,116,118,174,120,198,139,131,198,187,196,172,128,197,143,170,173,146,165,173,159,122,157,183,132,146,139,196,166,160,130,163,133,150,134,166,164,144,159,122,112,160,154,165,200,173,127,177,117,138,148,192,131,129,147,133,178,123,121,139,137,198,173,152,119,171,124,111,179,157,173,157,171,133,124,167,129,132,138,150,141,115,133,100,165,109,122,151,131,188,117,156,149,120,163,145,169,170,200,183,140,144,177,166,166,109,149,131,156,147,172,157,169,138,126,139,149,159,200,148,126,141,138,162,111,151,153,155,135,144,114,137,136,160,121,169,187,100,160,166,134,140,146,142,142,108,178,176,129,113,163,135,153,142,167,167,131,115,110,165,120,137,135,148,101,154,163,152,142,152,159,100,198,159,133,140,162,147,100,200,147,175,132,188,157,165,123,180,167,182,134,137,200,123,146,178,152,164,140,159,117,191,147,132,166,138,116,116,167,146,146,176,121,131,140,152,148,142,148,147,132,129,156,127,121,142,146,200,132,173,168,120,169,120,100,165,106,161,132,191,176,138,132,119,138,142],num_heads:64,num_heads_kv:1,head_dim:576,head_dim_v:512,causal:0,dtype:bf16.
flash_mla:[D][563,200]flash_mla,MLA:sparse:decode,is_fp8:1,topk:2048,batch_size:563,seqlen_q:4,seqlen_k:[194,160,174,200,196,125,173,146,147,160,153,186,169,153,161,158,187,144,157,128,100,166,171,131,200,113,151,145,188,186,153,159,127,100,141,153,180,180,140,142,123,114,107,198,137,139,118,169,109,144,127,159,137,120,149,160,151,157,134,140,133,141,129,106,154,139,109,161,127,151,168,153,178,119,160,132,128,135,142,151,120,172,161,111,187,197,179,145,123,176,139,180,155,174,158,167,150,194,153,160,197,116,118,174,120,198,139,131,198,187,196,172,128,197,143,170,173,146,165,173,159,122,157,183,132,146,139,196,166,160,130,163,133,150,134,166,164,144,159,122,112,160,154,165,200,173,127,177,117,138,148,192,131,129,147,133,178,123,121,139,137,198,173,152,119,171,124,111,179,157,173,157,171,133,124,167,129,132,138,150,141,115,133,100,165,109,122,151,131,188,117,156,149,120,163,145,169,170,200,183,140,144,177,166,166,109,149,131,156,147,172,157,169,138,126,139,149,159,200,148,126,141,138,162,111,151,153,155,135,144,114,137,136,160,121,169,187,100,160,166,134,140,146,142,142,108,178,176,129,113,163,135,153,142,167,167,131,115,110,165,120,137,135,148,101,154,163,152,142,152,159,100,198,159,133,140,162,147,100,200,147,175,132,188,157,165,123,180,167,182,134,137,200,123,146,178,152,164,140,159,117,191,147,132,166,138,116,116,167,146,146,176,121,131,140,152,148,142,148,147,132,129,156,127,121,142,146,200,132,173,168,120,169,120,100,165,106,161,132,191,176,138,132,119,138,142,140,153,164,158,130,114,184,132,133,136,103,138,138,165,167,150,173,158,149,154,145,140,143,121,157,125,171,143,151,162,166,110,144,172,107,159,100,124,150,108,125,113,191,154,164,144,141,109,142,130,171,178,186,171,135,122,169,158,105,158,170,151,145,129,113,170,142,144,193,167,159,153,187,192,173,164,100,153,146,152,173,100,135,156,138,114,171,156,125,157,170,150,170,151,140,121,147,154,171,147,161,125,130,147,123,170,161,156,158,200,138,100,154,148,137,125,139,154,137,200,125,130,100,156,100,136,143,132,193,174,182,127,178,162,169,175,127,139,171,100,187,163,148,155,124,141,177,182,200,148,133,137,124,148,159,149,177,144,141,135,109,110,120,182,172,184,116,100,133,154,162,176,157,193,144,127,107,127,156,127,173,185,100,171,100,160,180,151,118,135,143,145,144,147,155,119,143,187,140,138,176,100,179,134,154,152,173,143,133,182,100,150,116,130,200,148,154],num_heads:64,num_heads_kv:1,head_dim:576,head_dim_v:512,causal:0,dtype:bf16.
flash_mla:[D][917,200]flash_mla,MLA:sparse:decode,is_fp8:1,topk:2048,batch_size:917,seqlen_q:4,seqlen_k:[194,160,174,200,196,125,173,146,147,160,153,186,169,153,161,158,187,144,157,128,100,166,171,131,200,113,151,145,188,186,153,159,127,100,141,153,180,180,140,142,123,114,107,198,137,139,118,169,109,144,127,159,137,120,149,160,151,157,134,140,133,141,129,106,154,139,109,161,127,151,168,153,178,119,160,132,128,135,142,151,120,172,161,111,187,197,179,145,123,176,139,180,155,174,158,167,150,194,153,160,197,116,118,174,120,198,139,131,198,187,196,172,128,197,143,170,173,146,165,173,159,122,157,183,132,146,139,196,166,160,130,163,133,150,134,166,164,144,159,122,112,160,154,165,200,173,127,177,117,138,148,192,131,129,147,133,178,123,121,139,137,198,173,152,119,171,124,111,179,157,173,157,171,133,124,167,129,132,138,150,141,115,133,100,165,109,122,151,131,188,117,156,149,120,163,145,169,170,200,183,140,144,177,166,166,109,149,131,156,147,172,157,169,138,126,139,149,159,200,148,126,141,138,162,111,151,153,155,135,144,114,137,136,160,121,169,187,100,160,166,134,140,146,142,142,108,178,176,129,113,163,135,153,142,167,167,131,115,110,165,120,137,135,148,101,154,163,152,142,152,159,100,198,159,133,140,162,147,100,200,147,175,132,188,157,165,123,180,167,182,134,137,200,123,146,178,152,164,140,159,117,191,147,132,166,138,116,116,167,146,146,176,121,131,140,152,148,142,148,147,132,129,156,127,121,142,146,200,132,173,168,120,169,120,100,165,106,161,132,191,176,138,132,119,138,142,140,153,164,158,130,114,184,132,133,136,103,138,138,165,167,150,173,158,149,154,145,140,143,121,157,125,171,143,151,162,166,110,144,172,107,159,100,124,150,108,125,113,191,154,164,144,141,109,142,130,171,178,186,171,135,122,169,158,105,158,170,151,145,129,113,170,142,144,193,167,159,153,187,192,173,164,100,153,146,152,173,100,135,156,138,114,171,156,125,157,170,150,170,151,140,121,147,154,171,147,161,125,130,147,123,170,161,156,158,200,138,100,154,148,137,125,139,154,137,200,125,130,100,156,100,136,143,132,193,174,182,127,178,162,169,175,127,139,171,100,187,163,148,155,124,141,177,182,200,148,133,137,124,148,159,149,177,144,141,135,109,110,120,182,172,184,116,100,133,154,162,176,157,193,144,127,107,127,156,127,173,185,100,171,100,160,180,151,118,135,143,145,144,147,155,119,143,187,140,138,176,100,179,134,154,152,173,143,133,182,100,150,116,130,200,148,154,105,131,154,158,165,150,163,161,104,150,169,164,140,129,122,146,178,101,133,121,169,136,138,144,161,140,100,163,160,144,122,158,159,138,144,126,145,111,160,126,155,114,135,147,108,152,140,106,117,165,172,146,160,155,158,182,112,166,140,144,142,140,119,154,191,148,149,132,147,161,140,138,160,127,156,170,183,147,184,175,125,119,142,175,148,134,188,157,100,157,163,155,161,148,117,140,126,126,118,161,152,138,133,149,176,100,159,136,102,101,127,155,159,126,175,185,159,135,178,168,171,133,100,200,109,149,200,158,173,112,105,136,177,141,130,154,177,113,119,130,177,155,200,173,149,181,155,132,166,132,142,183,147,129,138,175,136,140,137,154,140,109,127,126,181,170,164,137,129,137,123,200,100,164,117,147,125,120,121,193,146,130,163,150,168,104,157,169,108,161,192,149,170,166,132,150,110,138,156,168,150,167,122,147,150,196,144,137,150,127,154,140,105,148,142,109,148,187,163,165,116,161,153,163,160,116,148,131,148,127,182,128,127,151,123,139,129,185,169,148,140,173,160,162,149,107,147,136,166,175,133,161,193,133,192,128,150,149,150,129,135,133,158,158,200,184,137,158,174,150,148,151,171,128,141,161,157,155,140,174,200,160,145,168,136,131,150,100,121,141,116,124,139,108,139,136,150,178,154,150,152,155,124,147,157,115,171,177,134,143,128,167,123,144,128,151,105,183,125,151,144,130,127,173,136,156,129,133,161,173,145,114,199,128,111,200,139,113,132,159,154,128,195,136,120,174,183,129,114,175,100,119,174,148],num_heads:64,num_heads_kv:1,head_dim:576,head_dim_v:512,causal:0,dtype:bf16.
flash_mla:[D][1492,200]flash_mla,MLA:sparse:decode,is_fp8:1,topk:2048,batch_size:1492,seqlen_q:4,seqlen_k:[194,160,174,200,196,125,173,146,147,160,153,186,169,153,161,158,187,144,157,128,100,166,171,131,200,113,151,145,188,186,153,159,127,100,141,153,180,180,140,142,123,114,107,198,137,139,118,169,109,144,127,159,137,120,149,160,151,157,134,140,133,141,129,106,154,139,109,161,127,151,168,153,178,119,160,132,128,135,142,151,120,172,161,111,187,197,179,145,123,176,139,180,155,174,158,167,150,194,153,160,197,116,118,174,120,198,139,131,198,187,196,172,128,197,143,170,173,146,165,173,159,122,157,183,132,146,139,196,166,160,130,163,133,150,134,166,164,144,159,122,112,160,154,165,200,173,127,177,117,138,148,192,131,129,147,133,178,123,121,139,137,198,173,152,119,171,124,111,179,157,173,157,171,133,124,167,129,132,138,150,141,115,133,100,165,109,122,151,131,188,117,156,149,120,163,145,169,170,200,183,140,144,177,166,166,109,149,131,156,147,172,157,169,138,126,139,149,159,200,148,126,141,138,162,111,151,153,155,135,144,114,137,136,160,121,169,187,100,160,166,134,140,146,142,142,108,178,176,129,113,163,135,153,142,167,167,131,115,110,165,120,137,135,148,101,154,163,152,142,152,159,100,198,159,133,140,162,147,100,200,147,175,132,188,157,165,123,180,167,182,134,137,200,123,146,178,152,164,140,159,117,191,147,132,166,138,116,116,167,146,146,176,121,131,140,152,148,142,148,147,132,129,156,127,121,142,146,200,132,173,168,120,169,120,100,165,106,161,132,191,176,138,132,119,138,142,140,153,164,158,130,114,184,132,133,136,103,138,138,165,167,150,173,158,149,154,145,140,143,121,157,125,171,143,151,162,166,110,144,172,107,159,100,124,150,108,125,113,191,154,164,144,141,109,142,130,171,178,186,171,135,122,169,158,105,158,170,151,145,129,113,170,142,144,193,167,159,153,187,192,173,164,100,153,146,152,173,100,135,156,138,114,171,156,125,157,170,150,170,151,140,121,147,154,171,147,161,125,130,147,123,170,161,156,158,200,138,100,154,148,137,125,139,154,137,200,125,130,100,156,100,136,143,132,193,174,182,127,178,162,169,175,127,139,171,100,187,163,148,155,124,141,177,182,200,148,133,137,124,148,159,149,177,144,141,135,109,110,120,182,172,184,116,100,133,154,162,176,157,193,144,127,107,127,156,127,173,185,100,171,100,160,180,151,118,135,143,145,144,147,155,119,143,187,140,138,176,100,179,134,154,152,173,143,133,182,100,150,116,130,200,148,154,105,131,154,158,165,150,163,161,104,150,169,164,140,129,122,146,178,101,133,121,169,136,138,144,161,140,100,163,160,144,122,158,159,138,144,126,145,111,160,126,155,114,135,147,108,152,140,106,117,165,172,146,160,155,158,182,112,166,140,144,142,140,119,154,191,148,149,132,147,161,140,138,160,127,156,170,183,147,184,175,125,119,142,175,148,134,188,157,100,157,163,155,161,148,117,140,126,126,118,161,152,138,133,149,176,100,159,136,102,101,127,155,159,126,175,185,159,135,178,168,171,133,100,200,109,149,200,158,173,112,105,136,177,141,130,154,177,113,119,130,177,155,200,173,149,181,155,132,166,132,142,183,147,129,138,175,136,140,137,154,140,109,127,126,181,170,164,137,129,137,123,200,100,164,117,147,125,120,121,193,146,130,163,150,168,104,157,169,108,161,192,149,170,166,132,150,110,138,156,168,150,167,122,147,150,196,144,137,150,127,154,140,105,148,142,109,148,187,163,165,116,161,153,163,160,116,148,131,148,127,182,128,127,151,123,139,129,185,169,148,140,173,160,162,149,107,147,136,166,175,133,161,193,133,192,128,150,149,150,129,135,133,158,158,200,184,137,158,174,150,148,151,171,128,141,161,157,155,140,174,200,160,145,168,136,131,150,100,121,141,116,124,139,108,139,136,150,178,154,150,152,155,124,147,157,115,171,177,134,143,128,167,123,144,128,151,105,183,125,151,144,130,127,173,136,156,129,133,161,173,145,114,199,128,111,200,139,113,132,159,154,128,195,136,120,174,183,129,114,175,100,119,174,148,143,158,146,117,181,183,155,151,200,143,143,159,186,189,143,157,115,142,128,124,192,130,136,159,182,162,200,148,156,156,185,162,147,126,156,185,139,163,156,171,129,200,118,140,173,157,170,137,148,150,189,167,169,133,174,155,184,200,142,139,128,146,140,158,146,140,176,126,160,139,168,184,142,161,154,130,156,157,160,145,152,121,141,163,172,139,152,155,155,163,104,148,155,124,191,154,189,130,127,155,108,155,152,175,167,139,122,192,130,123,122,177,137,131,153,144,133,168,176,174,169,160,105,191,157,165,177,185,160,160,135,150,128,132,127,146,176,200,154,116,181,142,133,155,118,155,147,152,159,151,150,157,160,124,114,148,114,152,173,165,123,128,158,139,142,164,125,139,129,123,128,166,151,128,144,109,131,200,147,168,148,158,166,122,149,189,130,135,142,156,163,181,162,148,181,167,112,200,194,145,159,183,145,168,177,124,134,173,161,173,146,142,100,121,151,170,163,146,143,155,151,185,153,112,118,187,120,169,143,145,146,180,145,149,111,155,163,155,184,151,157,191,111,138,185,173,166,170,158,190,159,155,153,154,121,169,146,195,148,160,156,134,174,197,149,142,141,102,145,156,176,174,139,143,178,145,137,184,175,150,135,100,164,127,100,189,166,121,119,171,128,182,165,163,160,154,172,138,152,168,164,120,137,156,139,194,140,145,169,158,146,131,157,175,161,130,193,113,110,174,155,136,122,200,152,163,157,160,163,168,140,142,106,130,156,176,164,141,118,100,178,135,138,153,114,141,200,162,158,110,200,114,198,100,185,190,129,160,163,129,113,117,163,147,135,174,162,131,119,163,136,152,189,162,128,154,126,190,135,155,157,153,101,113,138,157,146,126,116,139,138,162,141,165,135,143,141,130,165,129,136,148,117,141,132,140,148,130,144,182,149,178,158,169,130,152,153,134,129,112,187,125,183,138,128,165,134,164,141,162,125,170,162,127,200,163,200,190,145,139,139,104,132,156,188,130,172,118,135,138,159,161,174,169,156,159,189,137,169,104,160,137,150,176,154,172,186,159,179,141,149,136,176,160,137,153,176,149,126,153,100,169,139,138,171,115,198,137,136,175,167,200,144,146,113,141,131,138,106,191,114,100,120,134,121,177,146,150,165,157,174,122,136,166,100,115,162,137,173,170,120,160,180,153,125,171,165,163,167,100,172,195,160,154,167,158,166,150,130,124,125,115,123,194,168,134,140,152,133,151,169,149,158,172,143,157,142,149,141,136,154,164,153,162,131,119,160,167,151,183,172,200,144,125,131],num_heads:64,num_heads_kv:1,head_dim:576,head_dim_v:512,causal:0,dtype:bf16.
flash_mla:[D][1,489]flash_mla,MLA:sparse:decode,is_fp8:1,topk:2048,batch_size:1,seqlen_q:4,seqlen_k:[489],num_heads:64,num_heads_kv:1,head_dim:576,head_dim_v:512,causal:0,dtype:bf16.
flash_mla:[D][2,489]flash_mla,MLA:sparse:decode,is_fp8:1,topk:2048,batch_size:2,seqlen_q:4,seqlen_k:[489,403],num_heads:64,num_heads_kv:1,head_dim:576,head_dim_v:512,causal:0,dtype:bf16.
flash_mla:[D][3,489]flash_mla,MLA:sparse:decode,is_fp8:1,topk:2048,batch_size:3,seqlen_q:4,seqlen_k:[489,403,439],num_heads:64,num_heads_kv:1,head_dim:576,head_dim_v:512,causal:0,dtype:bf16.
flash_mla:[D][4,505]flash_mla,MLA:sparse:decode,is_fp8:1,topk:2048,batch_size:4,seqlen_q:4,seqlen_k:[489,403,439,505],num_heads:64,num_heads_kv:1,head_dim:576,head_dim_v:512,causal:0,dtype:bf16.
flash_mla:[D][7,505]flash_mla,MLA:sparse:decode,is_fp8:1,topk:2048,batch_size:7,seqlen_q:4,seqlen_k:[489,403,439,505,495,316,437],num_heads:64,num_heads_kv:1,head_dim:576,head_dim_v:512,causal:0,dtype:bf16.
flash_mla:[D][11,505]flash_mla,MLA:sparse:decode,is_fp8:1,topk:2048,batch_size:11,seqlen_q:4,seqlen_k:[489,403,439,505,495,316,437,368,371,403,387],num_heads:64,num_heads_kv:1,head_dim:576,head_dim_v:512,causal:0,dtype:bf16.
flash_mla:[D][19,505]flash_mla,MLA:sparse:decode,is_fp8:1,topk:2048,batch_size:19,seqlen_q:4,seqlen_k:[489,403,439,505,495,316,437,368,371,403,387,469,425,385,405,399,472,365,397],num_heads:64,num_heads_kv:1,head_dim:576,head_dim_v:512,causal:0,dtype:bf16.
flash_mla:[D][30,505]flash_mla,MLA:sparse:decode,is_fp8:1,topk:2048,batch_size:30,seqlen_q:4,seqlen_k:[489,403,439,505,495,316,437,368,371,403,387,469,425,385,405,399,472,365,397,324,252,419,432,331,505,286,380,366,474,470],num_heads:64,num_heads_kv:1,head_dim:576,head_dim_v:512,causal:0,dtype:bf16.
flash_mla:[D][49,505]flash_mla,MLA:sparse:decode,is_fp8:1,topk:2048,batch_size:49,seqlen_q:4,seqlen_k:[489,403,439,505,495,316,437,368,371,403,387,469,425,385,405,399,472,365,397,324,252,419,432,331,505,286,380,366,474,470,387,401,322,253,356,387,455,453,353,358,311,288,270,500,345,350,299,426,276],num_heads:64,num_heads_kv:1,head_dim:576,head_dim_v:512,causal:0,dtype:bf16.
flash_mla:[D][80,505]flash_mla,MLA:sparse:decode,is_fp8:1,topk:2048,batch_size:80,seqlen_q:4,seqlen_k:[489,403,439,505,495,316,437,368,371,403,387,469,425,385,405,399,472,365,397,324,252,419,432,331,505,286,380,366,474,470,387,401,322,253,356,387,455,453,353,358,311,288,270,500,345,350,299,426,276,364,321,402,345,303,376,404,382,397,338,355,335,355,326,269,389,352,275,407,320,381,423,386,449,300,403,334,323,341,358,381],num_heads:64,num_heads_kv:1,head_dim:576,head_dim_v:512,causal:0,dtype:bf16.
flash_mla:[D][131,505]flash_mla,MLA:sparse:decode,is_fp8:1,topk:2048,batch_size:131,seqlen_q:4,seqlen_k:[489,403,439,505,495,316,437,368,371,403,387,469,425,385,405,399,472,365,397,324,252,419,432,331,505,286,380,366,474,470,387,401,322,253,356,387,455,453,353,358,311,288,270,500,345,350,299,426,276,364,321,402,345,303,376,404,382,397,338,355,335,355,326,269,389,352,275,407,320,381,423,386,449,300,403,334,323,341,358,381,304,434,407,281,471,497,452,366,310,444,352,455,391,439,400,422,378,490,385,403,496,293,297,439,304,500,351,330,499,471,495,435,323,498,361,428,437,368,416,436,401,308,396,461,334,368,350,494,420,403,329],num_heads:64,num_heads_kv:1,head_dim:576,head_dim_v:512,causal:0,dtype:bf16.
flash_mla:[D][213,505]flash_mla,MLA:sparse:decode,is_fp8:1,topk:2048,batch_size:213,seqlen_q:4,seqlen_k:[489,403,439,505,495,316,437,368,371,403,387,469,425,385,405,399,472,365,397,324,252,419,432,331,505,286,380,366,474,470,387,401,322,253,356,387,455,453,353,358,311,288,270,500,345,350,299,426,276,364,321,402,345,303,376,404,382,397,338,355,335,355,326,269,389,352,275,407,320,381,423,386,449,300,403,334,323,341,358,381,304,434,407,281,471,497,452,366,310,444,352,455,391,439,400,422,378,490,385,403,496,293,297,439,304,500,351,330,499,471,495,435,323,498,361,428,437,368,416,436,401,308,396,461,334,368,350,494,420,403,329,411,335,380,337,420,414,364,402,309,284,405,388,418,505,437,320,448,295,348,373,485,331,325,371,336,448,309,305,350,346,499,437,383,300,431,314,280,452,397,436,398,431,336,312,420,327,334,349,379,355,291,337,252,417,277,308,381,331,475,296,394,375,304,410,367,426,429,505,462,354,362,447,419,418,276,376,331,395,371,435,397,427],num_heads:64,num_heads_kv:1,head_dim:576,head_dim_v:512,causal:0,dtype:bf16.
flash_mla:[D][346,505]flash_mla,MLA:sparse:decode,is_fp8:1,topk:2048,batch_size:346,seqlen_q:4,seqlen_k:[489,403,439,505,495,316,437,368,371,403,387,469,425,385,405,399,472,365,397,324,252,419,432,331,505,286,380,366,474,470,387,401,322,253,356,387,455,453,353,358,311,288,270,500,345,350,299,426,276,364,321,402,345,303,376,404,382,397,338,355,335,355,326,269,389,352,275,407,320,381,423,386,449,300,403,334,323,341,358,381,304,434,407,281,471,497,452,366,310,444,352,455,391,439,400,422,378,490,385,403,496,293,297,439,304,500,351,330,499,471,495,435,323,498,361,428,437,368,416,436,401,308,396,461,334,368,350,494,420,403,329,411,335,380,337,420,414,364,402,309,284,405,388,418,505,437,320,448,295,348,373,485,331,325,371,336,448,309,305,350,346,499,437,383,300,431,314,280,452,397,436,398,431,336,312,420,327,334,349,379,355,291,337,252,417,277,308,381,331,475,296,394,375,304,410,367,426,429,505,462,354,362,447,419,418,276,376,331,395,371,435,397,427,348,318,352,376,401,505,375,317,356,348,408,280,381,387,392,340,363,288,346,343,404,305,427,472,252,404,420,337,352,369,359,358,272,450,446,326,285,410,341,386,357,421,421,332,290,278,416,303,346,340,374,256,389,411,383,358,384,403,252,501,402,336,353,409,370,252,505,371,442,334,474,396,416,312,454,421,460,338,347,505,311,369,449,384,414,352,401,295,482,370,335,419,348,293,293,421,367,369,445,307,331,353,383,375,359,374,371,332,326,395,321,305,358,368,505,333,437,425,303,426,303,252,416,267,406,334,482,445,349,334,301,350,360],num_heads:64,num_heads_kv:1,head_dim:576,head_dim_v:512,causal:0,dtype:bf16.
flash_mla:[D][563,505]flash_mla,MLA:sparse:decode,is_fp8:1,topk:2048,batch_size:563,seqlen_q:4,seqlen_k:[489,403,439,505,495,316,437,368,371,403,387,469,425,385,405,399,472,365,397,324,252,419,432,331,505,286,380,366,474,470,387,401,322,253,356,387,455,453,353,358,311,288,270,500,345,350,299,426,276,364,321,402,345,303,376,404,382,397,338,355,335,355,326,269,389,352,275,407,320,381,423,386,449,300,403,334,323,341,358,381,304,434,407,281,471,497,452,366,310,444,352,455,391,439,400,422,378,490,385,403,496,293,297,439,304,500,351,330,499,471,495,435,323,498,361,428,437,368,416,436,401,308,396,461,334,368,350,494,420,403,329,411,335,380,337,420,414,364,402,309,284,405,388,418,505,437,320,448,295,348,373,485,331,325,371,336,448,309,305,350,346,499,437,383,300,431,314,280,452,397,436,398,431,336,312,420,327,334,349,379,355,291,337,252,417,277,308,381,331,475,296,394,375,304,410,367,426,429,505,462,354,362,447,419,418,276,376,331,395,371,435,397,427,348,318,352,376,401,505,375,317,356,348,408,280,381,387,392,340,363,288,346,343,404,305,427,472,252,404,420,337,352,369,359,358,272,450,446,326,285,410,341,386,357,421,421,332,290,278,416,303,346,340,374,256,389,411,383,358,384,403,252,501,402,336,353,409,370,252,505,371,442,334,474,396,416,312,454,421,460,338,347,505,311,369,449,384,414,352,401,295,482,370,335,419,348,293,293,421,367,369,445,307,331,353,383,375,359,374,371,332,326,395,321,305,358,368,505,333,437,425,303,426,303,252,416,267,406,334,482,445,349,334,301,350,360,355,387,414,400,329,287,463,334,336,345,261,347,347,417,422,378,436,399,377,388,365,353,361,306,395,315,431,362,381,409,418,279,364,433,271,402,252,313,380,273,315,285,481,388,413,363,355,276,359,330,432,449,470,431,340,307,426,400,266,400,429,381,366,327,286,428,358,363,487,421,401,386,473,486,436,414,252,385,369,383,437,252,342,395,348,288,432,395,316,397,429,378,428,382,353,304,372,390,433,370,406,317,328,371,311,429,407,395,399,505,348,252,390,374,345,316,350,389,346,505,317,328,252,393,252,344,360,333,487,440,461,322,449,409,426,442,320,351,432,252,473,412,375,391,313,355,447,459,505,373,336,345,313,373,402,375,447,363,356,341,275,279,303,459,434,464,294,253,336,389,409,444,395,487,363,320,272,321,393,322,437,466,252,432,252,403,455,382,297,341,361,366,365,371,391,301,362,473,353,350,445,252,452,338,388,384,437,361,335,459,252,379,293,330,504,375,390],num_heads:64,num_heads_kv:1,head_dim:576,head_dim_v:512,causal:0,dtype:bf16.
flash_mla:[D][917,505]flash_mla,MLA:sparse:decode,is_fp8:1,topk:2048,batch_size:917,seqlen_q:4,seqlen_k:[489,403,439,505,495,316,437,368,371,403,387,469,425,385,405,399,472,365,397,324,252,419,432,331,505,286,380,366,474,470,387,401,322,253,356,387,455,453,353,358,311,288,270,500,345,350,299,426,276,364,321,402,345,303,376,404,382,397,338,355,335,355,326,269,389,352,275,407,320,381,423,386,449,300,403,334,323,341,358,381,304,434,407,281,471,497,452,366,310,444,352,455,391,439,400,422,378,490,385,403,496,293,297,439,304,500,351,330,499,471,495,435,323,498,361,428,437,368,416,436,401,308,396,461,334,368,350,494,420,403,329,411,335,380,337,420,414,364,402,309,284,405,388,418,505,437,320,448,295,348,373,485,331,325,371,336,448,309,305,350,346,499,437,383,300,431,314,280,452,397,436,398,431,336,312,420,327,334,349,379,355,291,337,252,417,277,308,381,331,475,296,394,375,304,410,367,426,429,505,462,354,362,447,419,418,276,376,331,395,371,435,397,427,348,318,352,376,401,505,375,317,356,348,408,280,381,387,392,340,363,288,346,343,404,305,427,472,252,404,420,337,352,369,359,358,272,450,446,326,285,410,341,386,357,421,421,332,290,278,416,303,346,340,374,256,389,411,383,358,384,403,252,501,402,336,353,409,370,252,505,371,442,334,474,396,416,312,454,421,460,338,347,505,311,369,449,384,414,352,401,295,482,370,335,419,348,293,293,421,367,369,445,307,331,353,383,375,359,374,371,332,326,395,321,305,358,368,505,333,437,425,303,426,303,252,416,267,406,334,482,445,349,334,301,350,360,355,387,414,400,329,287,463,334,336,345,261,347,347,417,422,378,436,399,377,388,365,353,361,306,395,315,431,362,381,409,418,279,364,433,271,402,252,313,380,273,315,285,481,388,413,363,355,276,359,330,432,449,470,431,340,307,426,400,266,400,429,381,366,327,286,428,358,363,487,421,401,386,473,486,436,414,252,385,369,383,437,252,342,395,348,288,432,395,316,397,429,378,428,382,353,304,372,390,433,370,406,317,328,371,311,429,407,395,399,505,348,252,390,374,345,316,350,389,346,505,317,328,252,393,252,344,360,333,487,440,461,322,449,409,426,442,320,351,432,252,473,412,375,391,313,355,447,459,505,373,336,345,313,373,402,375,447,363,356,341,275,279,303,459,434,464,294,253,336,389,409,444,395,487,363,320,272,321,393,322,437,466,252,432,252,403,455,382,297,341,361,366,365,371,391,301,362,473,353,350,445,252,452,338,388,384,437,361,335,459,252,379,293,330,504,375,390,265,332,390,400,416,378,411,406,262,380,426,415,355,327,307,369,449,255,336,306,427,343,348,364,406,353,252,412,405,364,309,400,401,348,364,319,366,280,404,318,393,289,340,371,273,385,354,268,295,416,434,369,403,392,398,459,283,420,353,363,358,354,300,389,483,374,377,334,370,407,354,349,403,320,393,429,463,372,464,443,315,301,358,442,373,340,475,396,252,397,410,392,406,373,294,354,318,319,298,406,384,349,337,376,445,252,401,343,259,255,320,391,402,318,442,467,402,340,448,425,432,336,252,505,276,375,505,398,437,283,266,344,446,356,327,390,446,286,301,328,446,392,505,436,375,457,391,333,420,334,359,461,371,327,348,442,343,353,345,389,353,277,322,319,456,429,414,346,326,346,311,505,252,413,297,371,315,303,306,488,369,329,413,378,423,263,397,426,273,406,484,377,429,420,333,380,279,349,394,423,379,423,308,371,379,494,364,346,379,320,390,355,265,374,357,275,373,471,410,416,293,408,387,411,404,292,375,330,374,321,460,323,321,382,310,351,325,466,427,374,353,437,403,409,376,271,370,344,418,441,336,407,487,335,483,324,379,377,378,325,340,335,398,398,505,464,345,398,440,379,373,381,432,324,357,407,397,393,354,439,505,403,365,425,344,330,380,252,305,356,292,312,350,274,352,344,379,450,388,379,384,392,313,370,397,291,432,446,338,362,322,422,311,363,323,381,264,461,317,381,364,329,322,436,344,395,327,337,407,436,366,288,503,324,280,505,352,285,334,401,389,324,492,345,303,438,461,326,289,442,252,300,438,374],num_heads:64,num_heads_kv:1,head_dim:576,head_dim_v:512,causal:0,dtype:bf16.
flash_mla:[D][1492,505]flash_mla,MLA:sparse:decode,is_fp8:1,topk:2048,batch_size:1492,seqlen_q:4,seqlen_k:[489,403,439,505,495,316,437,368,371,403,387,469,425,385,405,399,472,365,397,324,252,419,432,331,505,286,380,366,474,470,387,401,322,253,356,387,455,453,353,358,311,288,270,500,345,350,299,426,276,364,321,402,345,303,376,404,382,397,338,355,335,355,326,269,389,352,275,407,320,381,423,386,449,300,403,334,323,341,358,381,304,434,407,281,471,497,452,366,310,444,352,455,391,439,400,422,378,490,385,403,496,293,297,439,304,500,351,330,499,471,495,435,323,498,361,428,437,368,416,436,401,308,396,461,334,368,350,494,420,403,329,411,335,380,337,420,414,364,402,309,284,405,388,418,505,437,320,448,295,348,373,485,331,325,371,336,448,309,305,350,346,499,437,383,300,431,314,280,452,397,436,398,431,336,312,420,327,334,349,379,355,291,337,252,417,277,308,381,331,475,296,394,375,304,410,367,426,429,505,462,354,362,447,419,418,276,376,331,395,371,435,397,427,348,318,352,376,401,505,375,317,356,348,408,280,381,387,392,340,363,288,346,343,404,305,427,472,252,404,420,337,352,369,359,358,272,450,446,326,285,410,341,386,357,421,421,332,290,278,416,303,346,340,374,256,389,411,383,358,384,403,252,501,402,336,353,409,370,252,505,371,442,334,474,396,416,312,454,421,460,338,347,505,311,369,449,384,414,352,401,295,482,370,335,419,348,293,293,421,367,369,445,307,331,353,383,375,359,374,371,332,326,395,321,305,358,368,505,333,437,425,303,426,303,252,416,267,406,334,482,445,349,334,301,350,360,355,387,414,400,329,287,463,334,336,345,261,347,347,417,422,378,436,399,377,388,365,353,361,306,395,315,431,362,381,409,418,279,364,433,271,402,252,313,380,273,315,285,481,388,413,363,355,276,359,330,432,449,470,431,340,307,426,400,266,400,429,381,366,327,286,428,358,363,487,421,401,386,473,486,436,414,252,385,369,383,437,252,342,395,348,288,432,395,316,397,429,378,428,382,353,304,372,390,433,370,406,317,328,371,311,429,407,395,399,505,348,252,390,374,345,316,350,389,346,505,317,328,252,393,252,344,360,333,487,440,461,322,449,409,426,442,320,351,432,252,473,412,375,391,313,355,447,459,505,373,336,345,313,373,402,375,447,363,356,341,275,279,303,459,434,464,294,253,336,389,409,444,395,487,363,320,272,321,393,322,437,466,252,432,252,403,455,382,297,341,361,366,365,371,391,301,362,473,353,350,445,252,452,338,388,384,437,361,335,459,252,379,293,330,504,375,390,265,332,390,400,416,378,411,406,262,380,426,415,355,327,307,369,449,255,336,306,427,343,348,364,406,353,252,412,405,364,309,400,401,348,364,319,366,280,404,318,393,289,340,371,273,385,354,268,295,416,434,369,403,392,398,459,283,420,353,363,358,354,300,389,483,374,377,334,370,407,354,349,403,320,393,429,463,372,464,443,315,301,358,442,373,340,475,396,252,397,410,392,406,373,294,354,318,319,298,406,384,349,337,376,445,252,401,343,259,255,320,391,402,318,442,467,402,340,448,425,432,336,252,505,276,375,505,398,437,283,266,344,446,356,327,390,446,286,301,328,446,392,505,436,375,457,391,333,420,334,359,461,371,327,348,442,343,353,345,389,353,277,322,319,456,429,414,346,326,346,311,505,252,413,297,371,315,303,306,488,369,329,413,378,423,263,397,426,273,406,484,377,429,420,333,380,279,349,394,423,379,423,308,371,379,494,364,346,379,320,390,355,265,374,357,275,373,471,410,416,293,408,387,411,404,292,375,330,374,321,460,323,321,382,310,351,325,466,427,374,353,437,403,409,376,271,370,344,418,441,336,407,487,335,483,324,379,377,378,325,340,335,398,398,505,464,345,398,440,379,373,381,432,324,357,407,397,393,354,439,505,403,365,425,344,330,380,252,305,356,292,312,350,274,352,344,379,450,388,379,384,392,313,370,397,291,432,446,338,362,322,422,311,363,323,381,264,461,317,381,364,329,322,436,344,395,327,337,407,436,366,288,503,324,280,505,352,285,334,401,389,324,492,345,303,438,461,326,289,442,252,300,438,374,361,400,368,296,458,461,390,380,505,360,361,400,470,478,361,397,291,358,325,314,483,328,344,401,459,408,505,373,394,395,468,409,370,318,393,466,352,411,393,432,327,505,297,354,437,396,430,346,373,378,476,421,428,336,439,392,465,504,358,352,323,368,353,400,368,355,445,318,405,352,423,465,358,405,389,327,393,396,404,365,383,305,355,413,434,351,384,392,390,412,263,374,393,314,483,388,476,328,320,392,272,391,384,441,422,351,308,485,328,312,309,448,345,330,386,364,335,425,445,440,426,403,266,483,397,416,448,468,404,405,340,380,324,332,321,368,444,505,389,293,457,359,336,391,299,392,372,384,402,382,379,395,404,313,287,374,287,383,437,416,311,323,398,352,358,415,315,352,327,312,324,420,381,322,363,274,331,505,372,424,373,399,419,308,376,477,327,342,358,394,411,457,409,374,457,422,283,505,489,367,401,461,367,424,447,314,340,436,407,436,369,359,252,305,380,429,411,369,360,391,382,466,387,284,297,473,304,426,361,367,369,454,365,375,281,391,411,393,466,381,396,481,280,349,467,436,420,430,398,480,401,393,388,390,305,426,369,492,373,404,393,338,440,498,377,359,355,258,366,393,444,438,351,360,448,367,345,465,443,379,340,252,415,321,254,477,418,306,301,432,322,459,416,411,403,390,433,349,383,425,413,302,346,393,352,489,353,367,426,398,368,330,396,443,408,328,487,286,278,438,392,343,308,505,385,411,398,405,412,424,354,359,268,328,395,443,415,356,298,252,450,340,349,386,289,355,505,409,400,278,505,288,499,252,466,479,326,404,412,326,286,294,412,372,342,438,410,330,302,410,344,384,477,409,323,388,317,479,342,391,397,388,254,286,349,398,369,317,293,352,348,410,357,415,340,361,356,328,417,326,345,373,296,357,333,353,374,327,364,460,376,450,399,426,329,384,386,339,326,284,472,316,462,348,323,417,338,413,357,408,317,430,408,320,505,412,505,478,366,352,352,262,334,393,474,329,433,299,341,349,401,406,438,426,393,402,478,345,426,264,403,347,378,443,388,433,470,402,451,357,377,345,443,404,346,387,443,375,318,386,253,426,351,348,433,291,500,347,345,442,422,505,364,370,284,357,332,349,268,482,288,252,303,339,305,447,369,379,416,396,439,308,343,419,252,291,409,347,436,428,302,403,453,387,316,433,418,412,423,252,433,491,405,390,421,399,419,378,329,314,315,291,310,488,425,338,353,385,336,382,426,375,399,433,360,395,358,376,357,344,388,413,387,409,331,302,404,421,381,462,435,505,365,315,331],num_heads:64,num_heads_kv:1,head_dim:576,head_dim_v:512,causal:0,dtype:bf16.
flash_mla:[D][1,1237]flash_mla,MLA:sparse:decode,is_fp8:1,topk:2048,batch_size:1,seqlen_q:4,seqlen_k:[1237],num_heads:64,num_heads_kv:1,head_dim:576,head_dim_v:512,causal:0,dtype:bf16.
flash_mla:[D][2,1237]flash_mla,MLA:sparse:decode,is_fp8:1,topk:2048,batch_size:2,seqlen_q:4,seqlen_k:[1237,1020],num_heads:64,num_heads_kv:1,head_dim:576,head_dim_v:512,causal:0,dtype:bf16.
flash_mla:[D][3,1237]flash_mla,MLA:sparse:decode,is_fp8:1,topk:2048,batch_size:3,seqlen_q:4,seqlen_k:[1237,1020,1112],num_heads:64,num_heads_kv:1,head_dim:576,head_dim_v:512,causal:0,dtype:bf16.
flash_mla:[D][4,1276]flash_mla,MLA:sparse:decode,is_fp8:1,topk:2048,batch_size:4,seqlen_q:4,seqlen_k:[1237,1020,1112,1276],num_heads:64,num_heads_kv:1,head_dim:576,head_dim_v:512,causal:0,dtype:bf16.
flash_mla:[D][7,1276]flash_mla,MLA:sparse:decode,is_fp8:1,topk:2048,batch_size:7,seqlen_q:4,seqlen_k:[1237,1020,1112,1276,1253,801,1108],num_heads:64,num_heads_kv:1,head_dim:576,head_dim_v:512,causal:0,dtype:bf16.
flash_mla:[D][11,1276]flash_mla,MLA:sparse:decode,is_fp8:1,topk:2048,batch_size:11,seqlen_q:4,seqlen_k:[1237,1020,1112,1276,1253,801,1108,932,940,1022,979],num_heads:64,num_heads_kv:1,head_dim:576,head_dim_v:512,causal:0,dtype:bf16.
flash_mla:[D][19,1276]flash_mla,MLA:sparse:decode,is_fp8:1,topk:2048,batch_size:19,seqlen_q:4,seqlen_k:[1237,1020,1112,1276,1253,801,1108,932,940,1022,979,1188,1078,976,1027,1010,1194,924,1006],num_heads:64,num_heads_kv:1,head_dim:576,head_dim_v:512,causal:0,dtype:bf16.
flash_mla:[D][30,1276]flash_mla,MLA:sparse:decode,is_fp8:1,topk:2048,batch_size:30,seqlen_q:4,seqlen_k:[1237,1020,1112,1276,1253,801,1108,932,940,1022,979,1188,1078,976,1027,1010,1194,924,1006,821,638,1060,1094,838,1276,725,964,927,1200,1190],num_heads:64,num_heads_kv:1,head_dim:576,head_dim_v:512,causal:0,dtype:bf16.
flash_mla:[D][49,1276]flash_mla,MLA:sparse:decode,is_fp8:1,topk:2048,batch_size:49,seqlen_q:4,seqlen_k:[1237,1020,1112,1276,1253,801,1108,932,940,1022,979,1188,1078,976,1027,1010,1194,924,1006,821,638,1060,1094,838,1276,725,964,927,1200,1190,981,1017,815,642,901,981,1152,1148,895,908,790,731,685,1267,875,887,757,1080,700],num_heads:64,num_heads_kv:1,head_dim:576,head_dim_v:512,causal:0,dtype:bf16.
flash_mla:[D][80,1276]flash_mla,MLA:sparse:decode,is_fp8:1,topk:2048,batch_size:80,seqlen_q:4,seqlen_k:[1237,1020,1112,1276,1253,801,1108,932,940,1022,979,1188,1078,976,1027,1010,1194,924,1006,821,638,1060,1094,838,1276,725,964,927,1200,1190,981,1017,815,642,901,981,1152,1148,895,908,790,731,685,1267,875,887,757,1080,700,923,814,1018,875,769,952,1025,967,1005,856,899,850,899,827,682,985,893,697,1030,812,965,1072,977,1138,760,1020,848,818,864,907,965],num_heads:64,num_heads_kv:1,head_dim:576,head_dim_v:512,causal:0,dtype:bf16.
flash_mla:[D][131,1276]flash_mla,MLA:sparse:decode,is_fp8:1,topk:2048,batch_size:131,seqlen_q:4,seqlen_k:[1237,1020,1112,1276,1253,801,1108,932,940,1022,979,1188,1078,976,1027,1010,1194,924,1006,821,638,1060,1094,838,1276,725,964,927,1200,1190,981,1017,815,642,901,981,1152,1148,895,908,790,731,685,1267,875,887,757,1080,700,923,814,1018,875,769,952,1025,967,1005,856,899,850,899,827,682,985,893,697,1030,812,965,1072,977,1138,760,1020,848,818,864,907,965,771,1100,1031,712,1193,1258,1144,928,786,1124,892,1151,990,1112,1013,1069,958,1240,977,1020,1256,742,754,1111,770,1266,891,838,1262,1192,1253,1101,820,1260,914,1084,1107,932,1054,1103,1016,782,1004,1167,846,933,887,1251,1063,1021,834],num_heads:64,num_heads_kv:1,head_dim:576,head_dim_v:512,causal:0,dtype:bf16.
flash_mla:[D][213,1276]flash_mla,MLA:sparse:decode,is_fp8:1,topk:2048,batch_size:213,seqlen_q:4,seqlen_k:[1237,1020,1112,1276,1253,801,1108,932,940,1022,979,1188,1078,976,1027,1010,1194,924,1006,821,638,1060,1094,838,1276,725,964,927,1200,1190,981,1017,815,642,901,981,1152,1148,895,908,790,731,685,1267,875,887,757,1080,700,923,814,1018,875,769,952,1025,967,1005,856,899,850,899,827,682,985,893,697,1030,812,965,1072,977,1138,760,1020,848,818,864,907,965,771,1100,1031,712,1193,1258,1144,928,786,1124,892,1151,990,1112,1013,1069,958,1240,977,1020,1256,742,754,1111,770,1266,891,838,1262,1192,1253,1101,820,1260,914,1084,1107,932,1054,1103,1016,782,1004,1167,846,933,887,1251,1063,1021,834,1042,849,962,855,1064,1048,923,1019,783,719,1026,983,1057,1276,1107,811,1134,747,883,946,1229,838,825,941,851,1136,785,774,887,877,1263,1107,970,762,1091,797,711,1145,1007,1103,1007,1093,853,792,1065,829,847,884,959,900,738,854,638,1056,702,781,965,839,1202,751,999,950,771,1040,929,1079,1087,1276,1169,898,918,1131,1061,1058,699,953,839,1001,941,1101,1007,1082],num_heads:64,num_heads_kv:1,head_dim:576,head_dim_v:512,causal:0,dtype:bf16.
flash_mla:[D][346,1276]flash_mla,MLA:sparse:decode,is_fp8:1,topk:2048,batch_size:346,seqlen_q:4,seqlen_k:[1237,1020,1112,1276,1253,801,1108,932,940,1022,979,1188,1078,976,1027,1010,1194,924,1006,821,638,1060,1094,838,1276,725,964,927,1200,1190,981,1017,815,642,901,981,1152,1148,895,908,790,731,685,1267,875,887,757,1080,700,923,814,1018,875,769,952,1025,967,1005,856,899,850,899,827,682,985,893,697,1030,812,965,1072,977,1138,760,1020,848,818,864,907,965,771,1100,1031,712,1193,1258,1144,928,786,1124,892,1151,990,1112,1013,1069,958,1240,977,1020,1256,742,754,1111,770,1266,891,838,1262,1192,1253,1101,820,1260,914,1084,1107,932,1054,1103,1016,782,1004,1167,846,933,887,1251,1063,1021,834,1042,849,962,855,1064,1048,923,1019,783,719,1026,983,1057,1276,1107,811,1134,747,883,946,1229,838,825,941,851,1136,785,774,887,877,1263,1107,970,762,1091,797,711,1145,1007,1103,1007,1093,853,792,1065,829,847,884,959,900,738,854,638,1056,702,781,965,839,1202,751,999,950,771,1040,929,1079,1087,1276,1169,898,918,1131,1061,1058,699,953,839,1001,941,1101,1007,1082,882,806,891,954,1017,1276,950,805,901,883,1033,712,967,981,993,862,919,730,878,870,1023,773,1081,1194,638,1024,1064,855,893,935,909,907,690,1140,1128,827,723,1039,865,979,906,1066,1067,841,737,705,1054,767,876,862,948,649,987,1040,971,907,972,1020,638,1267,1019,853,894,1035,938,638,1276,939,1119,846,1201,1002,1053,790,1149,1066,1163,857,880,1276,788,935,1137,972,1049,893,1015,749,1220,938,848,1062,883,744,742,1067,931,935,1128,777,840,895,972,950,911,947,939,842,827,1000,815,772,907,931,1276,844,1106,1075,767,1079,768,638,1053,677,1028,848,1220,1126,884,847,763,886,912],num_heads:64,num_heads_kv:1,head_dim:576,head_dim_v:512,causal:0,dtype:bf16.
flash_mla:[D][563,1276]flash_mla,MLA:sparse:decode,is_fp8:1,topk:2048,batch_size:563,seqlen_q:4,seqlen_k:[1237,1020,1112,1276,1253,801,1108,932,940,1022,979,1188,1078,976,1027,1010,1194,924,1006,821,638,1060,1094,838,1276,725,964,927,1200,1190,981,1017,815,642,901,981,1152,1148,895,908,790,731,685,1267,875,887,757,1080,700,923,814,1018,875,769,952,1025,967,1005,856,899,850,899,827,682,985,893,697,1030,812,965,1072,977,1138,760,1020,848,818,864,907,965,771,1100,1031,712,1193,1258,1144,928,786,1124,892,1151,990,1112,1013,1069,958,1240,977,1020,1256,742,754,1111,770,1266,891,838,1262,1192,1253,1101,820,1260,914,1084,1107,932,1054,1103,1016,782,1004,1167,846,933,887,1251,1063,1021,834,1042,849,962,855,1064,1048,923,1019,783,719,1026,983,1057,1276,1107,811,1134,747,883,946,1229,838,825,941,851,1136,785,774,887,877,1263,1107,970,762,1091,797,711,1145,1007,1103,1007,1093,853,792,1065,829,847,884,959,900,738,854,638,1056,702,781,965,839,1202,751,999,950,771,1040,929,1079,1087,1276,1169,898,918,1131,1061,1058,699,953,839,1001,941,1101,1007,1082,882,806,891,954,1017,1276,950,805,901,883,1033,712,967,981,993,862,919,730,878,870,1023,773,1081,1194,638,1024,1064,855,893,935,909,907,690,1140,1128,827,723,1039,865,979,906,1066,1067,841,737,705,1054,767,876,862,948,649,987,1040,971,907,972,1020,638,1267,1019,853,894,1035,938,638,1276,939,1119,846,1201,1002,1053,790,1149,1066,1163,857,880,1276,788,935,1137,972,1049,893,1015,749,1220,938,848,1062,883,744,742,1067,931,935,1128,777,840,895,972,950,911,947,939,842,827,1000,815,772,907,931,1276,844,1106,1075,767,1079,768,638,1053,677,1028,848,1220,1126,884,847,763,886,912,899,981,1048,1012,835,728,1173,847,853,874,663,881,880,1055,1068,957,1105,1011,954,982,926,894,914,777,1001,799,1090,917,964,1035,1059,707,924,1096,687,1018,638,794,963,693,800,722,1219,983,1047,921,900,699,910,835,1093,1138,1190,1092,861,779,1078,1013,675,1013,1086,966,927,828,727,1084,907,919,1232,1065,1015,979,1198,1230,1104,1049,638,976,936,971,1106,638,866,999,882,731,1095,1001,802,1007,1087,957,1084,969,894,772,943,987,1096,938,1029,803,832,939,789,1087,1030,1001,1010,1276,882,638,988,948,874,801,887,985,877,1276,804,830,638,996,638,871,913,844,1233,1115,1166,816,1136,1035,1079,1120,812,889,1094,638,1197,1044,949,992,793,901,1131,1163,1276,945,852,875,795,944,1017,951,1131,919,901,864,697,707,769,1163,1099,1175,745,643,852,984,1036,1123,1002,1234,921,811,689,815,995,815,1105,1181,638,1094,638,1020,1151,967,753,863,915,928,924,939,990,764,918,1198,895,886,1128,638,1144,856,983,972,1106,914,849,1163,638,960,742,835,1276,949,988],num_heads:64,num_heads_kv:1,head_dim:576,head_dim_v:512,causal:0,dtype:bf16.
flash_mla:[D][917,1276]flash_mla,MLA:sparse:decode,is_fp8:1,topk:2048,batch_size:917,seqlen_q:4,seqlen_k:[1237,1020,1112,1276,1253,801,1108,932,940,1022,979,1188,1078,976,1027,1010,1194,924,1006,821,638,1060,1094,838,1276,725,964,927,1200,1190,981,1017,815,642,901,981,1152,1148,895,908,790,731,685,1267,875,887,757,1080,700,923,814,1018,875,769,952,1025,967,1005,856,899,850,899,827,682,985,893,697,1030,812,965,1072,977,1138,760,1020,848,818,864,907,965,771,1100,1031,712,1193,1258,1144,928,786,1124,892,1151,990,1112,1013,1069,958,1240,977,1020,1256,742,754,1111,770,1266,891,838,1262,1192,1253,1101,820,1260,914,1084,1107,932,1054,1103,1016,782,1004,1167,846,933,887,1251,1063,1021,834,1042,849,962,855,1064,1048,923,1019,783,719,1026,983,1057,1276,1107,811,1134,747,883,946,1229,838,825,941,851,1136,785,774,887,877,1263,1107,970,762,1091,797,711,1145,1007,1103,1007,1093,853,792,1065,829,847,884,959,900,738,854,638,1056,702,781,965,839,1202,751,999,950,771,1040,929,1079,1087,1276,1169,898,918,1131,1061,1058,699,953,839,1001,941,1101,1007,1082,882,806,891,954,1017,1276,950,805,901,883,1033,712,967,981,993,862,919,730,878,870,1023,773,1081,1194,638,1024,1064,855,893,935,909,907,690,1140,1128,827,723,1039,865,979,906,1066,1067,841,737,705,1054,767,876,862,948,649,987,1040,971,907,972,1020,638,1267,1019,853,894,1035,938,638,1276,939,1119,846,1201,1002,1053,790,1149,1066,1163,857,880,1276,788,935,1137,972,1049,893,1015,749,1220,938,848,1062,883,744,742,1067,931,935,1128,777,840,895,972,950,911,947,939,842,827,1000,815,772,907,931,1276,844,1106,1075,767,1079,768,638,1053,677,1028,848,1220,1126,884,847,763,886,912,899,981,1048,1012,835,728,1173,847,853,874,663,881,880,1055,1068,957,1105,1011,954,982,926,894,914,777,1001,799,1090,917,964,1035,1059,707,924,1096,687,1018,638,794,963,693,800,722,1219,983,1047,921,900,699,910,835,1093,1138,1190,1092,861,779,1078,1013,675,1013,1086,966,927,828,727,1084,907,919,1232,1065,1015,979,1198,1230,1104,1049,638,976,936,971,1106,638,866,999,882,731,1095,1001,802,1007,1087,957,1084,969,894,772,943,987,1096,938,1029,803,832,939,789,1087,1030,1001,1010,1276,882,638,988,948,874,801,887,985,877,1276,804,830,638,996,638,871,913,844,1233,1115,1166,816,1136,1035,1079,1120,812,889,1094,638,1197,1044,949,992,793,901,1131,1163,1276,945,852,875,795,944,1017,951,1131,919,901,864,697,707,769,1163,1099,1175,745,643,852,984,1036,1123,1002,1234,921,811,689,815,995,815,1105,1181,638,1094,638,1020,1151,967,753,863,915,928,924,939,990,764,918,1198,895,886,1128,638,1144,856,983,972,1106,914,849,1163,638,960,742,835,1276,949,988,673,841,988,1013,1055,958,1040,1029,666,962,1079,1050,899,828,779,936,1137,646,852,775,1081,868,882,922,1027,894,638,1043,1026,922,784,1012,1017,882,922,809,928,710,1023,806,994,733,863,939,692,975,896,679,749,1053,1099,936,1021,992,1009,1161,717,1064,896,921,908,897,762,986,1222,948,956,847,938,1031,898,884,1021,811,997,1087,1173,942,1174,1121,798,763,908,1120,945,861,1203,1002,638,1007,1039,992,1028,946,747,898,806,808,756,1028,972,885,853,953,1128,638,1016,870,657,647,811,991,1019,807,1118,1183,1019,862,1135,1077,1094,852,638,1276,700,951,1276,1009,1107,718,674,872,1130,901,830,988,1129,727,764,831,1131,994,1276,1105,951,1158,990,844,1065,846,910,1168,940,829,883,1119,869,895,875,986,895,702,815,808,1154,1086,1050,876,827,876,789,1276,638,1046,752,940,799,769,775,1236,935,835,1045,958,1071,666,1005,1079,692,1028,1226,954,1087,1063,844,963,707,885,999,1071,960,1071,781,940,960,1251,922,877,960,810,987,898,672,947,906,697,946,1193,1039,1054,743,1032,980,1041,1024,740,950,836,949,814,1165,820,814,968,785,889,825,1181,1081,947,894,1106,1021,1036,952,688,939,872,1059,1117,852,1031,1233,850,1224,821,960,955,958,823,863,850,1008,1009,1276,1174,875,1008,1115,961,945,965,1094,822,905,1031,1006,995,898,1111,1276,1021,926,1077,871,837,962,638,773,901,741,792,887,695,892,871,961,1140,984,960,972,993,795,938,1006,739,1094,1128,856,918,817,1068,788,921,820,965,671,1167,803,966,923,835,815,1105,873,1000,829,854,1032,1104,929,730,1274,820,711,1276,892,724,848,1015,987,821,1246,874,768,1109,1168,827,734,1120,638,761,1110,948],num_heads:64,num_heads_kv:1,head_dim:576,head_dim_v:512,causal:0,dtype:bf16.
flash_mla:[D][1492,1276]flash_mla,MLA:sparse:decode,is_fp8:1,topk:2048,batch_size:1492,seqlen_q:4,seqlen_k:[1237,1020,1112,1276,1253,801,1108,932,940,1022,979,1188,1078,976,1027,1010,1194,924,1006,821,638,1060,1094,838,1276,725,964,927,1200,1190,981,1017,815,642,901,981,1152,1148,895,908,790,731,685,1267,875,887,757,1080,700,923,814,1018,875,769,952,1025,967,1005,856,899,850,899,827,682,985,893,697,1030,812,965,1072,977,1138,760,1020,848,818,864,907,965,771,1100,1031,712,1193,1258,1144,928,786,1124,892,1151,990,1112,1013,1069,958,1240,977,1020,1256,742,754,1111,770,1266,891,838,1262,1192,1253,1101,820,1260,914,1084,1107,932,1054,1103,1016,782,1004,1167,846,933,887,1251,1063,1021,834,1042,849,962,855,1064,1048,923,1019,783,719,1026,983,1057,1276,1107,811,1134,747,883,946,1229,838,825,941,851,1136,785,774,887,877,1263,1107,970,762,1091,797,711,1145,1007,1103,1007,1093,853,792,1065,829,847,884,959,900,738,854,638,1056,702,781,965,839,1202,751,999,950,771,1040,929,1079,1087,1276,1169,898,918,1131,1061,1058,699,953,839,1001,941,1101,1007,1082,882,806,891,954,1017,1276,950,805,901,883,1033,712,967,981,993,862,919,730,878,870,1023,773,1081,1194,638,1024,1064,855,893,935,909,907,690,1140,1128,827,723,1039,865,979,906,1066,1067,841,737,705,1054,767,876,862,948,649,987,1040,971,907,972,1020,638,1267,1019,853,894,1035,938,638,1276,939,1119,846,1201,1002,1053,790,1149,1066,1163,857,880,1276,788,935,1137,972,1049,893,1015,749,1220,938,848,1062,883,744,742,1067,931,935,1128,777,840,895,972,950,911,947,939,842,827,1000,815,772,907,931,1276,844,1106,1075,767,1079,768,638,1053,677,1028,848,1220,1126,884,847,763,886,912,899,981,1048,1012,835,728,1173,847,853,874,663,881,880,1055,1068,957,1105,1011,954,982,926,894,914,777,1001,799,1090,917,964,1035,1059,707,924,1096,687,1018,638,794,963,693,800,722,1219,983,1047,921,900,699,910,835,1093,1138,1190,1092,861,779,1078,1013,675,1013,1086,966,927,828,727,1084,907,919,1232,1065,1015,979,1198,1230,1104,1049,638,976,936,971,1106,638,866,999,882,731,1095,1001,802,1007,1087,957,1084,969,894,772,943,987,1096,938,1029,803,832,939,789,1087,1030,1001,1010,1276,882,638,988,948,874,801,887,985,877,1276,804,830,638,996,638,871,913,844,1233,1115,1166,816,1136,1035,1079,1120,812,889,1094,638,1197,1044,949,992,793,901,1131,1163,1276,945,852,875,795,944,1017,951,1131,919,901,864,697,707,769,1163,1099,1175,745,643,852,984,1036,1123,1002,1234,921,811,689,815,995,815,1105,1181,638,1094,638,1020,1151,967,753,863,915,928,924,939,990,764,918,1198,895,886,1128,638,1144,856,983,972,1106,914,849,1163,638,960,742,835,1276,949,988,673,841,988,1013,1055,958,1040,1029,666,962,1079,1050,899,828,779,936,1137,646,852,775,1081,868,882,922,1027,894,638,1043,1026,922,784,1012,1017,882,922,809,928,710,1023,806,994,733,863,939,692,975,896,679,749,1053,1099,936,1021,992,1009,1161,717,1064,896,921,908,897,762,986,1222,948,956,847,938,1031,898,884,1021,811,997,1087,1173,942,1174,1121,798,763,908,1120,945,861,1203,1002,638,1007,1039,992,1028,946,747,898,806,808,756,1028,972,885,853,953,1128,638,1016,870,657,647,811,991,1019,807,1118,1183,1019,862,1135,1077,1094,852,638,1276,700,951,1276,1009,1107,718,674,872,1130,901,830,988,1129,727,764,831,1131,994,1276,1105,951,1158,990,844,1065,846,910,1168,940,829,883,1119,869,895,875,986,895,702,815,808,1154,1086,1050,876,827,876,789,1276,638,1046,752,940,799,769,775,1236,935,835,1045,958,1071,666,1005,1079,692,1028,1226,954,1087,1063,844,963,707,885,999,1071,960,1071,781,940,960,1251,922,877,960,810,987,898,672,947,906,697,946,1193,1039,1054,743,1032,980,1041,1024,740,950,836,949,814,1165,820,814,968,785,889,825,1181,1081,947,894,1106,1021,1036,952,688,939,872,1059,1117,852,1031,1233,850,1224,821,960,955,958,823,863,850,1008,1009,1276,1174,875,1008,1115,961,945,965,1094,822,905,1031,1006,995,898,1111,1276,1021,926,1077,871,837,962,638,773,901,741,792,887,695,892,871,961,1140,984,960,972,993,795,938,1006,739,1094,1128,856,918,817,1068,788,921,820,965,671,1167,803,966,923,835,815,1105,873,1000,829,854,1032,1104,929,730,1274,820,711,1276,892,724,848,1015,987,821,1246,874,768,1109,1168,827,734,1120,638,761,1110,948,915,1013,932,750,1159,1167,989,964,1276,913,915,1014,1190,1210,915,1006,737,907,823,796,1224,831,872,1015,1163,1033,1276,945,998,1000,1185,1037,938,806,995,1179,891,1041,996,1094,829,1276,753,898,1106,1004,1088,878,945,958,1206,1066,1083,852,1111,992,1177,1276,908,892,819,934,896,1014,934,899,1126,807,1025,892,1072,1177,908,1027,985,829,995,1002,1022,925,971,774,900,1045,1098,889,973,993,989,1042,667,949,995,797,1223,982,1205,831,812,992,690,991,972,1118,1068,890,782,1229,831,790,784,1134,874,837,978,924,849,1076,1126,1113,1078,1021,674,1222,1005,1053,1134,1184,1023,1026,861,962,821,842,814,932,1123,1276,987,742,1158,909,851,990,759,992,942,972,1017,967,959,1002,1023,792,729,947,729,970,1106,1053,790,820,1009,893,906,1051,800,893,829,791,820,1064,965,817,920,696,840,1276,942,1073,946,1012,1062,781,952,1208,830,866,908,999,1040,1158,1036,947,1157,1068,719,1276,1238,930,1017,1167,929,1073,1132,795,861,1103,1030,1103,935,911,639,774,964,1088,1041,936,913,991,969,1180,980,721,754,1198,770,1078,914,930,935,1151,926,951,713,989,1041,995,1179,965,1004,1219,710,884,1183,1105,1064,1089,1009,1216,1017,995,982,987,773,1079,936,1246,944,1023,996,857,1114,1259,954,909,900,656,928,996,1124,1109,890,912,1135,929,875,1178,1121,959,862,638,1050,814,644,1208,1060,775,763,1095,817,1163,1055,1042,1021,987,1097,884,970,1076,1046,766,877,997,892,1239,894,931,1079,1009,933,836,1004,1122,1033,833,1233,726,705,1109,992,869,782,1276,975,1041,1007,1026,1042,1073,897,910,680,832,1000,1123,1052,902,756,638,1140,863,885,977,733,901,1276,1037,1014,705,1276,730,1262,638,1180,1214,825,1024,1044,827,726,747,1043,943,867,1110,1037,836,766,1040,871,972,1207,1036,819,982,805,1212,867,989,1005,982,645,727,885,1007,935,804,742,893,882,1038,905,1052,862,916,901,832,1056,827,874,945,750,905,843,895,947,829,922,1165,952,1139,1012,1080,833,973,978,859,826,720,1194,802,1171,882,819,1055,856,1047,904,1033,803,1089,1034,810,1276,1042,1276,1211,926,891,892,666,846,996,1199,834,1097,757,863,884,1016,1029,1110,1079,995,1019,1209,875,1080,669,1022,880,957,1122,983,1097,1191,1018,1143,905,955,873,1122,1022,876,981,1122,950,806,977,642,1079,890,882,1096,739,1266,880,873,1119,1069,1276,923,937,721,904,842,885,679,1221,731,638,768,860,774,1131,935,961,1054,1002,1112,780,869,1062,638,738,1036,880,1105,1085,766,1021,1148,980,801,1096,1058,1043,1070,638,1097,1244,1026,987,1067,1010,1060,957,835,797,798,738,787,1237,1076,857,894,974,852,967,1080,951,1010,1097,913,1002,907,952,905,872,984,1047,980,1036,839,765,1023,1066,964,1171,1101,1276,925,798,839],num_heads:64,num_heads_kv:1,head_dim:576,head_dim_v:512,causal:0,dtype:bf16.
flash_mla:[D][1,3126]flash_mla,MLA:sparse:decode,is_fp8:1,topk:2048,batch_size:1,seqlen_q:4,seqlen_k:[3126],num_heads:64,num_heads_kv:1,head_dim:576,head_dim_v:512,causal:0,dtype:bf16.
flash_mla:[D][2,3126]flash_mla,MLA:sparse:decode,is_fp8:1,topk:2048,batch_size:2,seqlen_q:4,seqlen_k:[3126,2577],num_heads:64,num_heads_kv:1,head_dim:576,head_dim_v:512,causal:0,dtype:bf16.
flash_mla:[D][3,3126]flash_mla,MLA:sparse:decode,is_fp8:1,topk:2048,batch_size:3,seqlen_q:4,seqlen_k:[3126,2577,2810],num_heads:64,num_heads_kv:1,head_dim:576,head_dim_v:512,causal:0,dtype:bf16.
flash_mla:[D][4,3222]flash_mla,MLA:sparse:decode,is_fp8:1,topk:2048,batch_size:4,seqlen_q:4,seqlen_k:[3126,2577,2810,3222],num_heads:64,num_heads_kv:1,head_dim:576,head_dim_v:512,causal:0,dtype:bf16.
flash_mla:[D][7,3222]flash_mla,MLA:sparse:decode,is_fp8:1,topk:2048,batch_size:7,seqlen_q:4,seqlen_k:[3126,2577,2810,3222,3168,2022,2798],num_heads:64,num_heads_kv:1,head_dim:576,head_dim_v:512,causal:0,dtype:bf16.
flash_mla:[D][11,3222]flash_mla,MLA:sparse:decode,is_fp8:1,topk:2048,batch_size:11,seqlen_q:4,seqlen_k:[3126,2577,2810,3222,3168,2022,2798,2355,2374,2581,2474],num_heads:64,num_heads_kv:1,head_dim:576,head_dim_v:512,causal:0,dtype:bf16.
flash_mla:[D][19,3222]flash_mla,MLA:sparse:decode,is_fp8:1,topk:2048,batch_size:19,seqlen_q:4,seqlen_k:[3126,2577,2810,3222,3168,2022,2798,2355,2374,2581,2474,3002,2722,2465,2594,2550,3018,2333,2542],num_heads:64,num_heads_kv:1,head_dim:576,head_dim_v:512,causal:0,dtype:bf16.
flash_mla:[D][30,3222]flash_mla,MLA:sparse:decode,is_fp8:1,topk:2048,batch_size:30,seqlen_q:4,seqlen_k:[3126,2577,2810,3222,3168,2022,2798,2355,2374,2581,2474,3002,2722,2465,2594,2550,3018,2333,2542,2071,1611,2679,2764,2116,3222,1829,2434,2340,3033,3008],num_heads:64,num_heads_kv:1,head_dim:576,head_dim_v:512,causal:0,dtype:bf16.
flash_mla:[D][49,3222]flash_mla,MLA:sparse:decode,is_fp8:1,topk:2048,batch_size:49,seqlen_q:4,seqlen_k:[3126,2577,2810,3222,3168,2022,2798,2355,2374,2581,2474,3002,2722,2465,2594,2550,3018,2333,2542,2071,1611,2679,2764,2116,3222,1829,2434,2340,3033,3008,2478,2568,2058,1617,2275,2479,2911,2900,2259,2294,1993,1843,1728,3202,2210,2239,1911,2729,1765],num_heads:64,num_heads_kv:1,head_dim:576,head_dim_v:512,causal:0,dtype:bf16.
flash_mla:[D][80,3222]flash_mla,MLA:sparse:decode,is_fp8:1,topk:2048,batch_size:80,seqlen_q:4,seqlen_k:[3126,2577,2810,3222,3168,2022,2798,2355,2374,2581,2474,3002,2722,2465,2594,2550,3018,2333,2542,2071,1611,2679,2764,2116,3222,1829,2434,2340,3033,3008,2478,2568,2058,1617,2275,2479,2911,2900,2259,2294,1993,1843,1728,3202,2210,2239,1911,2729,1765,2330,2055,2571,2210,1940,2404,2588,2442,2537,2160,2269,2144,2271,2088,1720,2487,2254,1759,2602,2050,2436,2709,2467,2875,1918,2578,2140,2065,2182,2290,2438],num_heads:64,num_heads_kv:1,head_dim:576,head_dim_v:512,causal:0,dtype:bf16.
flash_mla:[D][131,3222]flash_mla,MLA:sparse:decode,is_fp8:1,topk:2048,batch_size:131,seqlen_q:4,seqlen_k:[3126,2577,2810,3222,3168,2022,2798,2355,2374,2581,2474,3002,2722,2465,2594,2550,3018,2333,2542,2071,1611,2679,2764,2116,3222,1829,2434,2340,3033,3008,2478,2568,2058,1617,2275,2479,2911,2900,2259,2294,1993,1843,1728,3202,2210,2239,1911,2729,1765,2330,2055,2571,2210,1940,2404,2588,2442,2537,2160,2269,2144,2271,2088,1720,2487,2254,1759,2602,2050,2436,2709,2467,2875,1918,2578,2140,2065,2182,2290,2438,1946,2779,2603,1796,3015,3180,2891,2343,1984,2840,2253,2908,2499,2809,2559,2700,2420,3135,2467,2578,3174,1872,1903,2806,1943,3199,2249,2114,3190,3012,3168,2781,2068,3185,2307,2739,2797,2353,2663,2787,2567,1972,2536,2950,2136,2355,2240,3161,2686,2580,2105],num_heads:64,num_heads_kv:1,head_dim:576,head_dim_v:512,causal:0,dtype:bf16.
flash_mla:[D][213,3222]flash_mla,MLA:sparse:decode,is_fp8:1,topk:2048,batch_size:213,seqlen_q:4,seqlen_k:[3126,2577,2810,3222,3168,2022,2798,2355,2374,2581,2474,3002,2722,2465,2594,2550,3018,2333,2542,2071,1611,2679,2764,2116,3222,1829,2434,2340,3033,3008,2478,2568,2058,1617,2275,2479,2911,2900,2259,2294,1993,1843,1728,3202,2210,2239,1911,2729,1765,2330,2055,2571,2210,1940,2404,2588,2442,2537,2160,2269,2144,2271,2088,1720,2487,2254,1759,2602,2050,2436,2709,2467,2875,1918,2578,2140,2065,2182,2290,2438,1946,2779,2603,1796,3015,3180,2891,2343,1984,2840,2253,2908,2499,2809,2559,2700,2420,3135,2467,2578,3174,1872,1903,2806,1943,3199,2249,2114,3190,3012,3168,2781,2068,3185,2307,2739,2797,2353,2663,2787,2567,1972,2536,2950,2136,2355,2240,3161,2686,2580,2105,2633,2144,2428,2159,2688,2648,2332,2575,1975,1815,2593,2483,2671,3222,2796,2048,2866,1885,2229,2388,3106,2115,2082,2376,2148,2870,1980,1953,2239,2215,3193,2798,2451,1922,2756,2012,1793,2894,2543,2787,2544,2761,2153,1999,2690,2092,2138,2232,2423,2273,1861,2156,1611,2667,1770,1970,2437,2117,3037,1894,2523,2400,1945,2626,2346,2727,2747,3222,2954,2267,2319,2859,2680,2673,1764,2406,2118,2528,2376,2782,2543,2732],num_heads:64,num_heads_kv:1,head_dim:576,head_dim_v:512,causal:0,dtype:bf16.
flash_mla:[D][346,3222]flash_mla,MLA:sparse:decode,is_fp8:1,topk:2048,batch_size:346,seqlen_q:4,seqlen_k:[3126,2577,2810,3222,3168,2022,2798,2355,2374,2581,2474,3002,2722,2465,2594,2550,3018,2333,2542,2071,1611,2679,2764,2116,3222,1829,2434,2340,3033,3008,2478,2568,2058,1617,2275,2479,2911,2900,2259,2294,1993,1843,1728,3202,2210,2239,1911,2729,1765,2330,2055,2571,2210,1940,2404,2588,2442,2537,2160,2269,2144,2271,2088,1720,2487,2254,1759,2602,2050,2436,2709,2467,2875,1918,2578,2140,2065,2182,2290,2438,1946,2779,2603,1796,3015,3180,2891,2343,1984,2840,2253,2908,2499,2809,2559,2700,2420,3135,2467,2578,3174,1872,1903,2806,1943,3199,2249,2114,3190,3012,3168,2781,2068,3185,2307,2739,2797,2353,2663,2787,2567,1972,2536,2950,2136,2355,2240,3161,2686,2580,2105,2633,2144,2428,2159,2688,2648,2332,2575,1975,1815,2593,2483,2671,3222,2796,2048,2866,1885,2229,2388,3106,2115,2082,2376,2148,2870,1980,1953,2239,2215,3193,2798,2451,1922,2756,2012,1793,2894,2543,2787,2544,2761,2153,1999,2690,2092,2138,2232,2423,2273,1861,2156,1611,2667,1770,1970,2437,2117,3037,1894,2523,2400,1945,2626,2346,2727,2747,3222,2954,2267,2319,2859,2680,2673,1764,2406,2118,2528,2376,2782,2543,2732,2228,2035,2250,2409,2568,3222,2398,2030,2276,2229,2610,1795,2441,2479,2509,2175,2320,1842,2217,2197,2583,1950,2730,3018,1611,2587,2688,2159,2255,2362,2295,2291,1740,2880,2851,2088,1825,2625,2183,2473,2287,2694,2695,2123,1858,1778,2661,1936,2211,2175,2394,1635,2492,2627,2451,2290,2455,2576,1611,3204,2573,2153,2258,2614,2369,1611,3222,2371,2827,2137,3035,2531,2661,1994,2904,2693,2940,2162,2222,3222,1988,2361,2874,2455,2650,2255,2565,1889,3084,2368,2141,2684,2230,1878,1873,2695,2351,2362,2850,1961,2121,2260,2454,2399,2300,2391,2372,2125,2088,2526,2056,1949,2290,2352,3222,2132,2796,2717,1936,2727,1938,1611,2660,1708,2597,2140,3084,2846,2233,2138,1926,2238,2303],num_heads:64,num_heads_kv:1,head_dim:576,head_dim_v:512,causal:0,dtype:bf16.
flash_mla:[D][563,3222]flash_mla,MLA:sparse:decode,is_fp8:1,topk:2048,batch_size:563,seqlen_q:4,seqlen_k:[3126,2577,2810,3222,3168,2022,2798,2355,2374,2581,2474,3002,2722,2465,2594,2550,3018,2333,2542,2071,1611,2679,2764,2116,3222,1829,2434,2340,3033,3008,2478,2568,2058,1617,2275,2479,2911,2900,2259,2294,1993,1843,1728,3202,2210,2239,1911,2729,1765,2330,2055,2571,2210,1940,2404,2588,2442,2537,2160,2269,2144,2271,2088,1720,2487,2254,1759,2602,2050,2436,2709,2467,2875,1918,2578,2140,2065,2182,2290,2438,1946,2779,2603,1796,3015,3180,2891,2343,1984,2840,2253,2908,2499,2809,2559,2700,2420,3135,2467,2578,3174,1872,1903,2806,1943,3199,2249,2114,3190,3012,3168,2781,2068,3185,2307,2739,2797,2353,2663,2787,2567,1972,2536,2950,2136,2355,2240,3161,2686,2580,2105,2633,2144,2428,2159,2688,2648,2332,2575,1975,1815,2593,2483,2671,3222,2796,2048,2866,1885,2229,2388,3106,2115,2082,2376,2148,2870,1980,1953,2239,2215,3193,2798,2451,1922,2756,2012,1793,2894,2543,2787,2544,2761,2153,1999,2690,2092,2138,2232,2423,2273,1861,2156,1611,2667,1770,1970,2437,2117,3037,1894,2523,2400,1945,2626,2346,2727,2747,3222,2954,2267,2319,2859,2680,2673,1764,2406,2118,2528,2376,2782,2543,2732,2228,2035,2250,2409,2568,3222,2398,2030,2276,2229,2610,1795,2441,2479,2509,2175,2320,1842,2217,2197,2583,1950,2730,3018,1611,2587,2688,2159,2255,2362,2295,2291,1740,2880,2851,2088,1825,2625,2183,2473,2287,2694,2695,2123,1858,1778,2661,1936,2211,2175,2394,1635,2492,2627,2451,2290,2455,2576,1611,3204,2573,2153,2258,2614,2369,1611,3222,2371,2827,2137,3035,2531,2661,1994,2904,2693,2940,2162,2222,3222,1988,2361,2874,2455,2650,2255,2565,1889,3084,2368,2141,2684,2230,1878,1873,2695,2351,2362,2850,1961,2121,2260,2454,2399,2300,2391,2372,2125,2088,2526,2056,1949,2290,2352,3222,2132,2796,2717,1936,2727,1938,1611,2660,1708,2597,2140,3084,2846,2233,2138,1926,2238,2303,2269,2479,2649,2556,2108,1836,2965,2138,2153,2205,1673,2223,2222,2666,2697,2417,2791,2553,2409,2480,2339,2256,2308,1961,2529,2015,2755,2315,2435,2615,2675,1783,2332,2770,1731,2572,1611,2003,2431,1748,2018,1822,3080,2482,2644,2326,2273,1764,2298,2109,2761,2875,3007,2759,2174,1966,2724,2559,1703,2559,2744,2439,2341,2090,1833,2738,2291,2321,3114,2691,2565,2473,3028,3108,2790,2650,1611,2465,2363,2453,2796,1611,2186,2524,2227,1844,2766,2527,2024,2542,2747,2418,2738,2447,2256,1948,2381,2494,2768,2369,2600,2027,2100,2371,1990,2746,2602,2528,2552,3222,2227,1611,2496,2395,2207,2021,2239,2489,2213,3222,2028,2096,1611,2517,1611,2198,2304,2129,3116,2816,2947,2060,2870,2615,2726,2830,2049,2244,2763,1611,3025,2638,2397,2504,2000,2274,2859,2939,3222,2386,2150,2208,2005,2384,2570,2402,2857,2321,2275,2181,1758,1784,1940,2940,2776,2970,1879,1622,2149,2486,2616,2838,2530,3118,2326,2048,1738,2057,2513,2057,2793,2985,1611,2764,1611,2577,2909,2442,1900,2180,2310,2342,2334,2371,2502,1928,2318,3027,2260,2237,2850,1611,2892,2161,2482,2454,2795,2308,2142,2939,1611,2424,1872,2109,3222,2398,2494],num_heads:64,num_heads_kv:1,head_dim:576,head_dim_v:512,causal:0,dtype:bf16.
flash_mla:[D][917,3222]flash_mla,MLA:sparse:decode,is_fp8:1,topk:2048,batch_size:917,seqlen_q:4,seqlen_k:[3126,2577,2810,3222,3168,2022,2798,2355,2374,2581,2474,3002,2722,2465,2594,2550,3018,2333,2542,2071,1611,2679,2764,2116,3222,1829,2434,2340,3033,3008,2478,2568,2058,1617,2275,2479,2911,2900,2259,2294,1993,1843,1728,3202,2210,2239,1911,2729,1765,2330,2055,2571,2210,1940,2404,2588,2442,2537,2160,2269,2144,2271,2088,1720,2487,2254,1759,2602,2050,2436,2709,2467,2875,1918,2578,2140,2065,2182,2290,2438,1946,2779,2603,1796,3015,3180,2891,2343,1984,2840,2253,2908,2499,2809,2559,2700,2420,3135,2467,2578,3174,1872,1903,2806,1943,3199,2249,2114,3190,3012,3168,2781,2068,3185,2307,2739,2797,2353,2663,2787,2567,1972,2536,2950,2136,2355,2240,3161,2686,2580,2105,2633,2144,2428,2159,2688,2648,2332,2575,1975,1815,2593,2483,2671,3222,2796,2048,2866,1885,2229,2388,3106,2115,2082,2376,2148,2870,1980,1953,2239,2215,3193,2798,2451,1922,2756,2012,1793,2894,2543,2787,2544,2761,2153,1999,2690,2092,2138,2232,2423,2273,1861,2156,1611,2667,1770,1970,2437,2117,3037,1894,2523,2400,1945,2626,2346,2727,2747,3222,2954,2267,2319,2859,2680,2673,1764,2406,2118,2528,2376,2782,2543,2732,2228,2035,2250,2409,2568,3222,2398,2030,2276,2229,2610,1795,2441,2479,2509,2175,2320,1842,2217,2197,2583,1950,2730,3018,1611,2587,2688,2159,2255,2362,2295,2291,1740,2880,2851,2088,1825,2625,2183,2473,2287,2694,2695,2123,1858,1778,2661,1936,2211,2175,2394,1635,2492,2627,2451,2290,2455,2576,1611,3204,2573,2153,2258,2614,2369,1611,3222,2371,2827,2137,3035,2531,2661,1994,2904,2693,2940,2162,2222,3222,1988,2361,2874,2455,2650,2255,2565,1889,3084,2368,2141,2684,2230,1878,1873,2695,2351,2362,2850,1961,2121,2260,2454,2399,2300,2391,2372,2125,2088,2526,2056,1949,2290,2352,3222,2132,2796,2717,1936,2727,1938,1611,2660,1708,2597,2140,3084,2846,2233,2138,1926,2238,2303,2269,2479,2649,2556,2108,1836,2965,2138,2153,2205,1673,2223,2222,2666,2697,2417,2791,2553,2409,2480,2339,2256,2308,1961,2529,2015,2755,2315,2435,2615,2675,1783,2332,2770,1731,2572,1611,2003,2431,1748,2018,1822,3080,2482,2644,2326,2273,1764,2298,2109,2761,2875,3007,2759,2174,1966,2724,2559,1703,2559,2744,2439,2341,2090,1833,2738,2291,2321,3114,2691,2565,2473,3028,3108,2790,2650,1611,2465,2363,2453,2796,1611,2186,2524,2227,1844,2766,2527,2024,2542,2747,2418,2738,2447,2256,1948,2381,2494,2768,2369,2600,2027,2100,2371,1990,2746,2602,2528,2552,3222,2227,1611,2496,2395,2207,2021,2239,2489,2213,3222,2028,2096,1611,2517,1611,2198,2304,2129,3116,2816,2947,2060,2870,2615,2726,2830,2049,2244,2763,1611,3025,2638,2397,2504,2000,2274,2859,2939,3222,2386,2150,2208,2005,2384,2570,2402,2857,2321,2275,2181,1758,1784,1940,2940,2776,2970,1879,1622,2149,2486,2616,2838,2530,3118,2326,2048,1738,2057,2513,2057,2793,2985,1611,2764,1611,2577,2909,2442,1900,2180,2310,2342,2334,2371,2502,1928,2318,3027,2260,2237,2850,1611,2892,2161,2482,2454,2795,2308,2142,2939,1611,2424,1872,2109,3222,2398,2494,1698,2122,2495,2558,2664,2419,2628,2598,1678,2430,2725,2653,2269,2091,1965,2363,2872,1629,2150,1956,2732,2192,2226,2328,2595,2257,1611,2634,2592,2327,1979,2557,2568,2226,2328,2041,2344,1791,2584,2035,2511,1849,2178,2371,1746,2462,2263,1713,1890,2659,2776,2362,2579,2506,2548,2934,1808,2688,2262,2325,2294,2264,1921,2489,3089,2393,2415,2139,2368,2603,2266,2233,2578,2046,2517,2746,2964,2379,2967,2832,2014,1925,2293,2830,2386,2173,3041,2531,1611,2543,2625,2506,2597,2388,1884,2266,2034,2040,1906,2598,2455,2235,2154,2406,2850,1611,2567,2196,1656,1631,2048,2504,2574,2037,2825,2989,2575,2177,2869,2720,2765,2151,1611,3222,1766,2401,3222,2549,2798,1810,1699,2201,2855,2276,2095,2495,2852,1833,1928,2098,2857,2510,3222,2793,2401,2925,2501,2131,2690,2135,2298,2951,2375,2092,2228,2827,2193,2260,2210,2490,2260,1770,2058,2040,2917,2743,2652,2212,2087,2211,1992,3222,1611,2643,1898,2373,2017,1941,1956,3123,2362,2107,2639,2420,2706,1680,2538,2727,1746,2596,3099,2410,2747,2686,2130,2432,1784,2234,2523,2707,2425,2706,1971,2375,2423,3161,2329,2214,2424,2045,2493,2268,1694,2392,2288,1758,2388,3016,2626,2662,1875,2608,2475,2629,2586,1868,2399,2110,2395,2054,2944,2069,2053,2446,1981,2244,2081,2984,2732,2392,2258,2795,2579,2616,2405,1735,2370,2201,2675,2823,2150,2604,3115,2146,3093,2072,2425,2411,2420,2078,2177,2146,2547,2549,3222,2968,2210,2546,2817,2428,2387,2436,2765,2074,2284,2605,2541,2512,2266,2807,3222,2579,2338,2720,2198,2113,2429,1611,1950,2275,1870,1999,2239,1753,2252,2200,2426,2881,2485,2424,2456,2507,2006,2369,2540,1863,2764,2851,2161,2318,2062,2697,1988,2326,2069,2436,1692,2950,2027,2440,2330,2108,2058,2793,2204,2525,2092,2155,2606,2790,2345,1842,3221,2070,1794,3222,2253,1826,2140,2564,2492,2072,3150,2205,1938,2803,2951,2086,1851,2831,1611,1921,2805,2393],num_heads:64,num_heads_kv:1,head_dim:576,head_dim_v:512,causal:0,dtype:bf16.
flash_mla:[D][1492,3222]flash_mla,MLA:sparse:decode,is_fp8:1,topk:2048,batch_size:1492,seqlen_q:4,seqlen_k:[3126,2577,2810,3222,3168,2022,2798,2355,2374,2581,2474,3002,2722,2465,2594,2550,3018,2333,2542,2071,1611,2679,2764,2116,3222,1829,2434,2340,3033,3008,2478,2568,2058,1617,2275,2479,2911,2900,2259,2294,1993,1843,1728,3202,2210,2239,1911,2729,1765,2330,2055,2571,2210,1940,2404,2588,2442,2537,2160,2269,2144,2271,2088,1720,2487,2254,1759,2602,2050,2436,2709,2467,2875,1918,2578,2140,2065,2182,2290,2438,1946,2779,2603,1796,3015,3180,2891,2343,1984,2840,2253,2908,2499,2809,2559,2700,2420,3135,2467,2578,3174,1872,1903,2806,1943,3199,2249,2114,3190,3012,3168,2781,2068,3185,2307,2739,2797,2353,2663,2787,2567,1972,2536,2950,2136,2355,2240,3161,2686,2580,2105,2633,2144,2428,2159,2688,2648,2332,2575,1975,1815,2593,2483,2671,3222,2796,2048,2866,1885,2229,2388,3106,2115,2082,2376,2148,2870,1980,1953,2239,2215,3193,2798,2451,1922,2756,2012,1793,2894,2543,2787,2544,2761,2153,1999,2690,2092,2138,2232,2423,2273,1861,2156,1611,2667,1770,1970,2437,2117,3037,1894,2523,2400,1945,2626,2346,2727,2747,3222,2954,2267,2319,2859,2680,2673,1764,2406,2118,2528,2376,2782,2543,2732,2228,2035,2250,2409,2568,3222,2398,2030,2276,2229,2610,1795,2441,2479,2509,2175,2320,1842,2217,2197,2583,1950,2730,3018,1611,2587,2688,2159,2255,2362,2295,2291,1740,2880,2851,2088,1825,2625,2183,2473,2287,2694,2695,2123,1858,1778,2661,1936,2211,2175,2394,1635,2492,2627,2451,2290,2455,2576,1611,3204,2573,2153,2258,2614,2369,1611,3222,2371,2827,2137,3035,2531,2661,1994,2904,2693,2940,2162,2222,3222,1988,2361,2874,2455,2650,2255,2565,1889,3084,2368,2141,2684,2230,1878,1873,2695,2351,2362,2850,1961,2121,2260,2454,2399,2300,2391,2372,2125,2088,2526,2056,1949,2290,2352,3222,2132,2796,2717,1936,2727,1938,1611,2660,1708,2597,2140,3084,2846,2233,2138,1926,2238,2303,2269,2479,2649,2556,2108,1836,2965,2138,2153,2205,1673,2223,2222,2666,2697,2417,2791,2553,2409,2480,2339,2256,2308,1961,2529,2015,2755,2315,2435,2615,2675,1783,2332,2770,1731,2572,1611,2003,2431,1748,2018,1822,3080,2482,2644,2326,2273,1764,2298,2109,2761,2875,3007,2759,2174,1966,2724,2559,1703,2559,2744,2439,2341,2090,1833,2738,2291,2321,3114,2691,2565,2473,3028,3108,2790,2650,1611,2465,2363,2453,2796,1611,2186,2524,2227,1844,2766,2527,2024,2542,2747,2418,2738,2447,2256,1948,2381,2494,2768,2369,2600,2027,2100,2371,1990,2746,2602,2528,2552,3222,2227,1611,2496,2395,2207,2021,2239,2489,2213,3222,2028,2096,1611,2517,1611,2198,2304,2129,3116,2816,2947,2060,2870,2615,2726,2830,2049,2244,2763,1611,3025,2638,2397,2504,2000,2274,2859,2939,3222,2386,2150,2208,2005,2384,2570,2402,2857,2321,2275,2181,1758,1784,1940,2940,2776,2970,1879,1622,2149,2486,2616,2838,2530,3118,2326,2048,1738,2057,2513,2057,2793,2985,1611,2764,1611,2577,2909,2442,1900,2180,2310,2342,2334,2371,2502,1928,2318,3027,2260,2237,2850,1611,2892,2161,2482,2454,2795,2308,2142,2939,1611,2424,1872,2109,3222,2398,2494,1698,2122,2495,2558,2664,2419,2628,2598,1678,2430,2725,2653,2269,2091,1965,2363,2872,1629,2150,1956,2732,2192,2226,2328,2595,2257,1611,2634,2592,2327,1979,2557,2568,2226,2328,2041,2344,1791,2584,2035,2511,1849,2178,2371,1746,2462,2263,1713,1890,2659,2776,2362,2579,2506,2548,2934,1808,2688,2262,2325,2294,2264,1921,2489,3089,2393,2415,2139,2368,2603,2266,2233,2578,2046,2517,2746,2964,2379,2967,2832,2014,1925,2293,2830,2386,2173,3041,2531,1611,2543,2625,2506,2597,2388,1884,2266,2034,2040,1906,2598,2455,2235,2154,2406,2850,1611,2567,2196,1656,1631,2048,2504,2574,2037,2825,2989,2575,2177,2869,2720,2765,2151,1611,3222,1766,2401,3222,2549,2798,1810,1699,2201,2855,2276,2095,2495,2852,1833,1928,2098,2857,2510,3222,2793,2401,2925,2501,2131,2690,2135,2298,2951,2375,2092,2228,2827,2193,2260,2210,2490,2260,1770,2058,2040,2917,2743,2652,2212,2087,2211,1992,3222,1611,2643,1898,2373,2017,1941,1956,3123,2362,2107,2639,2420,2706,1680,2538,2727,1746,2596,3099,2410,2747,2686,2130,2432,1784,2234,2523,2707,2425,2706,1971,2375,2423,3161,2329,2214,2424,2045,2493,2268,1694,2392,2288,1758,2388,3016,2626,2662,1875,2608,2475,2629,2586,1868,2399,2110,2395,2054,2944,2069,2053,2446,1981,2244,2081,2984,2732,2392,2258,2795,2579,2616,2405,1735,2370,2201,2675,2823,2150,2604,3115,2146,3093,2072,2425,2411,2420,2078,2177,2146,2547,2549,3222,2968,2210,2546,2817,2428,2387,2436,2765,2074,2284,2605,2541,2512,2266,2807,3222,2579,2338,2720,2198,2113,2429,1611,1950,2275,1870,1999,2239,1753,2252,2200,2426,2881,2485,2424,2456,2507,2006,2369,2540,1863,2764,2851,2161,2318,2062,2697,1988,2326,2069,2436,1692,2950,2027,2440,2330,2108,2058,2793,2204,2525,2092,2155,2606,2790,2345,1842,3221,2070,1794,3222,2253,1826,2140,2564,2492,2072,3150,2205,1938,2803,2951,2086,1851,2831,1611,1921,2805,2393,2309,2558,2354,1892,2930,2949,2498,2434,3222,2304,2311,2562,3008,3057,2311,2540,1860,2290,2077,2010,3093,2096,2201,2563,2939,2609,3222,2385,2520,2527,2994,2620,2369,2034,2514,2980,2250,2629,2515,2763,2091,3222,1900,2268,2794,2535,2750,2216,2385,2420,3048,2694,2737,2150,2806,2506,2975,3222,2292,2252,2067,2358,2262,2560,2357,2270,2845,2038,2590,2252,2707,2974,2293,2593,2488,2093,2513,2532,2582,2336,2453,1953,2271,2640,2775,2245,2458,2507,2497,2633,1683,2396,2512,2012,3090,2481,3046,2097,2050,2506,1739,2502,2455,2825,2698,2247,1973,3106,2096,1994,1978,2866,2206,2112,2471,2332,2142,2719,2845,2813,2725,2578,1700,3088,2537,2661,2865,2993,2584,2591,2174,2429,2071,2125,2055,2353,2838,3222,2492,1872,2925,2294,2149,2500,1916,2505,2380,2455,2569,2443,2422,2530,2583,2000,1839,2391,1838,2451,2794,2660,1993,2069,2548,2254,2288,2656,2018,2254,2093,1995,2070,2689,2436,2061,2322,1755,2120,3222,2379,2710,2389,2556,2683,1970,2403,3052,2095,2187,2292,2524,2627,2926,2617,2390,2923,2699,1813,3222,3129,2348,2568,2949,2346,2710,2861,2007,2173,2787,2601,2788,2362,2299,1611,1954,2434,2748,2630,2364,2306,2503,2447,2982,2475,1819,1903,3028,1944,2724,2307,2347,2361,2908,2338,2402,1799,2499,2630,2512,2979,2438,2536,3080,1791,2232,2990,2793,2689,2751,2547,3073,2568,2512,2480,2493,1949,2726,2363,3150,2385,2585,2515,2163,2815,3183,2410,2294,2272,1653,2344,2517,2841,2802,2248,2304,2868,2346,2210,2977,2834,2423,2176,1611,2653,2054,1625,3054,2677,1956,1926,2766,2062,2938,2664,2632,2579,2493,2770,2233,2450,2719,2642,1934,2214,2517,2251,3131,2257,2350,2726,2549,2357,2111,2537,2834,2609,2102,3115,1833,1778,2803,2507,2194,1973,3222,2463,2631,2544,2591,2633,2711,2264,2298,1714,2101,2525,2837,2657,2278,1906,1611,2880,2178,2235,2469,1849,2275,3222,2619,2560,1778,3222,1842,3190,1611,2982,3068,2083,2586,2636,2088,1832,1884,2634,2381,2188,2805,2620,2111,1931,2626,2199,2455,3051,2618,2068,2480,2032,3064,2189,2499,2540,2480,1626,1833,2233,2544,2360,2030,1872,2254,2227,2622,2284,2658,2176,2312,2275,2100,2667,2088,2205,2386,1893,2285,2129,2259,2391,2093,2327,2943,2405,2877,2555,2727,2103,2458,2469,2169,2084,1815,3018,2024,2958,2227,2068,2666,2161,2645,2281,2609,2025,2751,2612,2045,3222,2633,3222,3060,2339,2249,2253,1678,2135,2515,3030,2104,2771,1911,2179,2231,2565,2600,2803,2726,2513,2573,3056,2210,2728,1687,2581,2221,2417,2835,2482,2772,3009,2572,2887,2284,2412,2205,2836,2582,2211,2478,2835,2400,2033,2469,1617,2725,2246,2226,2768,1865,3200,2222,2205,2827,2701,3222,2330,2367,1819,2282,2125,2235,1713,3085,1845,1611,1937,2172,1952,2858,2360,2426,2661,2531,2810,1968,2195,2684,1611,1861,2617,2222,2793,2742,1933,2579,2900,2475,2022,2770,2672,2634,2704,1611,2771,3144,2591,2493,2696,2552,2678,2416,2107,2011,2013,1862,1985,3125,2719,2164,2258,2461,2151,2443,2729,2401,2551,2773,2306,2530,2291,2404,2285,2202,2486,2644,2474,2616,2118,1930,2584,2693,2436,2959,2781,3222,2335,2013,2117],num_heads:64,num_heads_kv:1,head_dim:576,head_dim_v:512,causal:0,dtype:bf16.
flash_mla:[D][1,7896]flash_mla,MLA:sparse:decode,is_fp8:1,topk:2048,batch_size:1,seqlen_q:4,seqlen_k:[7896],num_heads:64,num_heads_kv:1,head_dim:576,head_dim_v:512,causal:0,dtype:bf16.
flash_mla:[D][2,7896]flash_mla,MLA:sparse:decode,is_fp8:1,topk:2048,batch_size:2,seqlen_q:4,seqlen_k:[7896,6508],num_heads:64,num_heads_kv:1,head_dim:576,head_dim_v:512,causal:0,dtype:bf16.
flash_mla:[D][4,8137]flash_mla,MLA:sparse:decode,is_fp8:1,topk:2048,batch_size:4,seqlen_q:4,seqlen_k:[7896,6508,7097,8137],num_heads:64,num_heads_kv:1,head_dim:576,head_dim_v:512,causal:0,dtype:bf16.
flash_mla:[D][6,8137]flash_mla,MLA:sparse:decode,is_fp8:1,topk:2048,batch_size:6,seqlen_q:4,seqlen_k:[7896,6508,7097,8137,8001,5108],num_heads:64,num_heads_kv:1,head_dim:576,head_dim_v:512,causal:0,dtype:bf16.
flash_mla:[D][9,8137]flash_mla,MLA:sparse:decode,is_fp8:1,topk:2048,batch_size:9,seqlen_q:4,seqlen_k:[7896,6508,7097,8137,8001,5108,7068,5948,5997],num_heads:64,num_heads_kv:1,head_dim:576,head_dim_v:512,causal:0,dtype:bf16.
flash_mla:[D][14,8137]flash_mla,MLA:sparse:decode,is_fp8:1,topk:2048,batch_size:14,seqlen_q:4,seqlen_k:[7896,6508,7097,8137,8001,5108,7068,5948,5997,6519,6248,7580,6875,6225],num_heads:64,num_heads_kv:1,head_dim:576,head_dim_v:512,causal:0,dtype:bf16.
flash_mla:[D][22,8137]flash_mla,MLA:sparse:decode,is_fp8:1,topk:2048,batch_size:22,seqlen_q:4,seqlen_k:[7896,6508,7097,8137,8001,5108,7068,5948,5997,6519,6248,7580,6875,6225,6553,6441,7621,5893,6420,5233,4068,6766],num_heads:64,num_heads_kv:1,head_dim:576,head_dim_v:512,causal:0,dtype:bf16.
flash_mla:[D][34,8137]flash_mla,MLA:sparse:decode,is_fp8:1,topk:2048,batch_size:34,seqlen_q:4,seqlen_k:[7896,6508,7097,8137,8001,5108,7068,5948,5997,6519,6248,7580,6875,6225,6553,6441,7621,5893,6420,5233,4068,6766,6981,5347,8137,4622,6148,5911,7660,7596,6259,6486,5199,4087],num_heads:64,num_heads_kv:1,head_dim:576,head_dim_v:512,causal:0,dtype:bf16.
flash_mla:[D][53,8137]flash_mla,MLA:sparse:decode,is_fp8:1,topk:2048,batch_size:53,seqlen_q:4,seqlen_k:[7896,6508,7097,8137,8001,5108,7068,5948,5997,6519,6248,7580,6875,6225,6553,6441,7621,5893,6420,5233,4068,6766,6981,5347,8137,4622,6148,5911,7660,7596,6259,6486,5199,4087,5748,6261,7353,7324,5708,5794,5035,4657,4366,8085,5583,5656,4827,6892,4460,5885,5191,6495,5582],num_heads:64,num_heads_kv:1,head_dim:576,head_dim_v:512,causal:0,dtype:bf16.
flash_mla:[D][82,8137]flash_mla,MLA:sparse:decode,is_fp8:1,topk:2048,batch_size:82,seqlen_q:4,seqlen_k:[7896,6508,7097,8137,8001,5108,7068,5948,5997,6519,6248,7580,6875,6225,6553,6441,7621,5893,6420,5233,4068,6766,6981,5347,8137,4622,6148,5911,7660,7596,6259,6486,5199,4087,5748,6261,7353,7324,5708,5794,5035,4657,4366,8085,5583,5656,4827,6892,4460,5885,5191,6495,5582,4901,6073,6537,6169,6409,5456,5733,5418,5736,5275,4346,6282,5693,4444,6572,5179,6154,6843,6233,7260,4846,6511,5405,5216,5513,5785,6159,4917,7018],num_heads:64,num_heads_kv:1,head_dim:576,head_dim_v:512,causal:0,dtype:bf16.
flash_mla:[D][128,8137]flash_mla,MLA:sparse:decode,is_fp8:1,topk:2048,batch_size:128,seqlen_q:4,seqlen_k:[7896,6508,7097,8137,8001,5108,7068,5948,5997,6519,6248,7580,6875,6225,6553,6441,7621,5893,6420,5233,4068,6766,6981,5347,8137,4622,6148,5911,7660,7596,6259,6486,5199,4087,5748,6261,7353,7324,5708,5794,5035,4657,4366,8085,5583,5656,4827,6892,4460,5885,5191,6495,5582,4901,6073,6537,6169,6409,5456,5733,5418,5736,5275,4346,6282,5693,4444,6572,5179,6154,6843,6233,7260,4846,6511,5405,5216,5513,5785,6159,4917,7018,6575,4539,7615,8030,7300,5919,5013,7174,5691,7345,6313,7095,6464,6820,6112,7918,6231,6510,8017,4731,4809,7087,4908,8078,5681,5341,8057,7607,8001,7023,5226,8044,5829,6918,7065,5944,6726,7039,6484,4983,6405,7450,5395,5949,5659,7982],num_heads:64,num_heads_kv:1,head_dim:576,head_dim_v:512,causal:0,dtype:bf16.
flash_mla:[D][199,8137]flash_mla,MLA:sparse:decode,is_fp8:1,topk:2048,batch_size:199,seqlen_q:4,seqlen_k:[7896,6508,7097,8137,8001,5108,7068,5948,5997,6519,6248,7580,6875,6225,6553,6441,7621,5893,6420,5233,4068,6766,6981,5347,8137,4622,6148,5911,7660,7596,6259,6486,5199,4087,5748,6261,7353,7324,5708,5794,5035,4657,4366,8085,5583,5656,4827,6892,4460,5885,5191,6495,5582,4901,6073,6537,6169,6409,5456,5733,5418,5736,5275,4346,6282,5693,4444,6572,5179,6154,6843,6233,7260,4846,6511,5405,5216,5513,5785,6159,4917,7018,6575,4539,7615,8030,7300,5919,5013,7174,5691,7345,6313,7095,6464,6820,6112,7918,6231,6510,8017,4731,4809,7087,4908,8078,5681,5341,8057,7607,8001,7023,5226,8044,5829,6918,7065,5944,6726,7039,6484,4983,6405,7450,5395,5949,5659,7982,6785,6516,5318,6650,5416,6134,5455,6789,6688,5890,6504,4990,4585,6548,6271,6747,8137,7062,5173,7238,4763,5632,6032,7844,5344,5261,6001,5427,7247,5003,4935,5656,5595,8064,7067,6191,4855,6960,5084,4530,7310,6424,7038,6426,6973,5439,5050,6795,5284,5400,5638,6119,5741,4703,5447,4068,6737,4472,4978,6155,5349,7671,4787,6373,6062,4914,6634,5927,6886,6939,8137],num_heads:64,num_heads_kv:1,head_dim:576,head_dim_v:512,causal:0,dtype:bf16.
flash_mla:[D][309,8137]flash_mla,MLA:sparse:decode,is_fp8:1,topk:2048,batch_size:309,seqlen_q:4,seqlen_k:[7896,6508,7097,8137,8001,5108,7068,5948,5997,6519,6248,7580,6875,6225,6553,6441,7621,5893,6420,5233,4068,6766,6981,5347,8137,4622,6148,5911,7660,7596,6259,6486,5199,4087,5748,6261,7353,7324,5708,5794,5035,4657,4366,8085,5583,5656,4827,6892,4460,5885,5191,6495,5582,4901,6073,6537,6169,6409,5456,5733,5418,5736,5275,4346,6282,5693,4444,6572,5179,6154,6843,6233,7260,4846,6511,5405,5216,5513,5785,6159,4917,7018,6575,4539,7615,8030,7300,5919,5013,7174,5691,7345,6313,7095,6464,6820,6112,7918,6231,6510,8017,4731,4809,7087,4908,8078,5681,5341,8057,7607,8001,7023,5226,8044,5829,6918,7065,5944,6726,7039,6484,4983,6405,7450,5395,5949,5659,7982,6785,6516,5318,6650,5416,6134,5455,6789,6688,5890,6504,4990,4585,6548,6271,6747,8137,7062,5173,7238,4763,5632,6032,7844,5344,5261,6001,5427,7247,5003,4935,5656,5595,8064,7067,6191,4855,6960,5084,4530,7310,6424,7038,6426,6973,5439,5050,6795,5284,5400,5638,6119,5741,4703,5447,4068,6737,4472,4978,6155,5349,7671,4787,6373,6062,4914,6634,5927,6886,6939,8137,7461,5726,5858,7220,6768,6753,4457,6077,5351,6386,6002,7027,6424,6901,5627,5141,5684,6084,6487,8137,6059,5129,5750,5630,6591,4535,6166,6261,6338,5494,5860,4653,5600,5549,6525,4926,6896,7621,4068,6535,6790,5453,5697,5966,5799,5787,4397,7273,7199,5274,4610,6631,5516,6246,5777,6805,6808,5364,4695,4492,6722,4892,5586,5495,6048,4132,6293,6634,6191,5785,6201,6507,4068,8091,6498,5438,5704,6604,5983,4068,8137,5989,7139,5398,7664,6393,6721,5038,7333,6803,7425,5463,5612,8137,5023,5963,7258,6201,6694,5695,6478,4773,7788,5981,5410,6779,5633,4745,4732,6807],num_heads:64,num_heads_kv:1,head_dim:576,head_dim_v:512,causal:0,dtype:bf16.
flash_mla:[D][480,8137]flash_mla,MLA:sparse:decode,is_fp8:1,topk:2048,batch_size:480,seqlen_q:4,seqlen_k:[7896,6508,7097,8137,8001,5108,7068,5948,5997,6519,6248,7580,6875,6225,6553,6441,7621,5893,6420,5233,4068,6766,6981,5347,8137,4622,6148,5911,7660,7596,6259,6486,5199,4087,5748,6261,7353,7324,5708,5794,5035,4657,4366,8085,5583,5656,4827,6892,4460,5885,5191,6495,5582,4901,6073,6537,6169,6409,5456,5733,5418,5736,5275,4346,6282,5693,4444,6572,5179,6154,6843,6233,7260,4846,6511,5405,5216,5513,5785,6159,4917,7018,6575,4539,7615,8030,7300,5919,5013,7174,5691,7345,6313,7095,6464,6820,6112,7918,6231,6510,8017,4731,4809,7087,4908,8078,5681,5341,8057,7607,8001,7023,5226,8044,5829,6918,7065,5944,6726,7039,6484,4983,6405,7450,5395,5949,5659,7982,6785,6516,5318,6650,5416,6134,5455,6789,6688,5890,6504,4990,4585,6548,6271,6747,8137,7062,5173,7238,4763,5632,6032,7844,5344,5261,6001,5427,7247,5003,4935,5656,5595,8064,7067,6191,4855,6960,5084,4530,7310,6424,7038,6426,6973,5439,5050,6795,5284,5400,5638,6119,5741,4703,5447,4068,6737,4472,4978,6155,5349,7671,4787,6373,6062,4914,6634,5927,6886,6939,8137,7461,5726,5858,7220,6768,6753,4457,6077,5351,6386,6002,7027,6424,6901,5627,5141,5684,6084,6487,8137,6059,5129,5750,5630,6591,4535,6166,6261,6338,5494,5860,4653,5600,5549,6525,4926,6896,7621,4068,6535,6790,5453,5697,5966,5799,5787,4397,7273,7199,5274,4610,6631,5516,6246,5777,6805,6808,5364,4695,4492,6722,4892,5586,5495,6048,4132,6293,6634,6191,5785,6201,6507,4068,8091,6498,5438,5704,6604,5983,4068,8137,5989,7139,5398,7664,6393,6721,5038,7333,6803,7425,5463,5612,8137,5023,5963,7258,6201,6694,5695,6478,4773,7788,5981,5410,6779,5633,4745,4732,6807,5939,5966,7198,4956,5358,5710,6197,6059,5810,6039,5992,5370,5275,6381,5195,4924,5784,5941,8137,5385,7061,6861,4892,6888,4897,4068,6718,4316,6560,5406,7789,7188,5640,5402,4867,5653,5816,5731,6261,6690,6457,5324,4639,7489,5400,5438,5571,4227,5615,5614,6732,6812,6105,7049,6447,6086,6265,5908,5700,5829,4954,6387,5091,6957,5848,6152,6604,6756,4504,5891,6997,4375,6495,4068,5062,6141,4417,5099,4605,7778,6269,6678,5875,5742,4458,5805,5327,6974,7262,7593,6969,5493,4967,6881,6464,4303,6463,6930,6161,5913,5280,4630,6915,5787,5864,7864,6798,6479,6246,7647,7850,7047,6694,4068,6227,5969,6197,7061,4068,5523,6376,5627,4661,6985,6383,5114,6422,6937,6107,6916,6181,5700,4922,6014,6299,6992,5984,6567,5120,5306,5989,5029,6936,6573,6385,6446,8137,5625,4068,6304,6050,5575,5106,5655,6286,5590,8137,5125,5295,4068,6357,4068,5553,5821,5380,7870,7113,7443,5204,7249,6606],num_heads:64,num_heads_kv:1,head_dim:576,head_dim_v:512,causal:0,dtype:bf16.
flash_mla:[D][746,8137]flash_mla,MLA:sparse:decode,is_fp8:1,topk:2048,batch_size:746,seqlen_q:4,seqlen_k:[7896,6508,7097,8137,8001,5108,7068,5948,5997,6519,6248,7580,6875,6225,6553,6441,7621,5893,6420,5233,4068,6766,6981,5347,8137,4622,6148,5911,7660,7596,6259,6486,5199,4087,5748,6261,7353,7324,5708,5794,5035,4657,4366,8085,5583,5656,4827,6892,4460,5885,5191,6495,5582,4901,6073,6537,6169,6409,5456,5733,5418,5736,5275,4346,6282,5693,4444,6572,5179,6154,6843,6233,7260,4846,6511,5405,5216,5513,5785,6159,4917,7018,6575,4539,7615,8030,7300,5919,5013,7174,5691,7345,6313,7095,6464,6820,6112,7918,6231,6510,8017,4731,4809,7087,4908,8078,5681,5341,8057,7607,8001,7023,5226,8044,5829,6918,7065,5944,6726,7039,6484,4983,6405,7450,5395,5949,5659,7982,6785,6516,5318,6650,5416,6134,5455,6789,6688,5890,6504,4990,4585,6548,6271,6747,8137,7062,5173,7238,4763,5632,6032,7844,5344,5261,6001,5427,7247,5003,4935,5656,5595,8064,7067,6191,4855,6960,5084,4530,7310,6424,7038,6426,6973,5439,5050,6795,5284,5400,5638,6119,5741,4703,5447,4068,6737,4472,4978,6155,5349,7671,4787,6373,6062,4914,6634,5927,6886,6939,8137,7461,5726,5858,7220,6768,6753,4457,6077,5351,6386,6002,7027,6424,6901,5627,5141,5684,6084,6487,8137,6059,5129,5750,5630,6591,4535,6166,6261,6338,5494,5860,4653,5600,5549,6525,4926,6896,7621,4068,6535,6790,5453,5697,5966,5799,5787,4397,7273,7199,5274,4610,6631,5516,6246,5777,6805,6808,5364,4695,4492,6722,4892,5586,5495,6048,4132,6293,6634,6191,5785,6201,6507,4068,8091,6498,5438,5704,6604,5983,4068,8137,5989,7139,5398,7664,6393,6721,5038,7333,6803,7425,5463,5612,8137,5023,5963,7258,6201,6694,5695,6478,4773,7788,5981,5410,6779,5633,4745,4732,6807,5939,5966,7198,4956,5358,5710,6197,6059,5810,6039,5992,5370,5275,6381,5195,4924,5784,5941,8137,5385,7061,6861,4892,6888,4897,4068,6718,4316,6560,5406,7789,7188,5640,5402,4867,5653,5816,5731,6261,6690,6457,5324,4639,7489,5400,5438,5571,4227,5615,5614,6732,6812,6105,7049,6447,6086,6265,5908,5700,5829,4954,6387,5091,6957,5848,6152,6604,6756,4504,5891,6997,4375,6495,4068,5062,6141,4417,5099,4605,7778,6269,6678,5875,5742,4458,5805,5327,6974,7262,7593,6969,5493,4967,6881,6464,4303,6463,6930,6161,5913,5280,4630,6915,5787,5864,7864,6798,6479,6246,7647,7850,7047,6694,4068,6227,5969,6197,7061,4068,5523,6376,5627,4661,6985,6383,5114,6422,6937,6107,6916,6181,5700,4922,6014,6299,6992,5984,6567,5120,5306,5989,5029,6936,6573,6385,6446,8137,5625,4068,6304,6050,5575,5106,5655,6286,5590,8137,5125,5295,4068,6357,4068,5553,5821,5380,7870,7113,7443,5204,7249,6606,6886,7148,5177,5670,6979,4068,7641,6664,6055,6326,5054,5746,7220,7422,8137,6026,5432,5579,5066,6022,6491,6067,7216,5863,5748,5510,4441,4507,4902,7425,7012,7500,4747,4099,5430,6280,6609,7167,6391,7874,5875,5173,4392,5197,6348,5198,7054,7538,4068,6980,4068,6510,7347,6167,4800,5506,5835,5916,5895,5990,6319,4872,5855,7646,5710,5650,7198,4068,7303,5459,6268,6199,7060,5829,5412,7421,4068,6122,4731,5327,8137,6056,6300,4290,5360,6301,6462,6729,6110,6637,6563,4241,6139,6882,6701,5731,5282,4964,5968,7254,4117,5430,4942,6900,5538,5623,5881,6554,5702,4068,6654,6548,5878,4999,6459,6487,5623,5881,5156,5920,4525,6526,5141,6344,4672,5501,5989,4413,6219,5716,4330,4776,6717,7012,5967,6513,6329,6437,7409,4569,6789,5713,5873,5794,5720,4854,6288,7801,6044,6100,5403,5982,6576,5725,5640,6512,5168,6358,6936,7485,6010,7492,7153,5088,4863,5791,7148,6028,5491,7680,6393,4068,6424,6630,6331,6559,6033,4761,5724,5140,5153,4817,6562,6201,5646,5441,6078,7199,4068,6485,5547,4185,4123,5173,6325,6501,5147,7136,7549,6504,5500,7245,6870,6984,5434,4068,8137,4463,6065,8137,6438,7067,4574,4294,5560,7211,5749,5293,6303,7202,4632,4870,5299,7215,6340,8137,7054,6066,7388,6317,5385,6793,5393,5806,7452,5998,5285,5629,7141,5540,5708,5583,6289,5709,4472,5199,5153,7366,6928,6699,5588,5272,5585,5032,8137,4068,6675,4795,5995,5097,4904,4942,7886,5966,5323,6667],num_heads:64,num_heads_kv:1,head_dim:576,head_dim_v:512,causal:0,dtype:bf16.
flash_mla:[D][1,19943]flash_mla,MLA:sparse:decode,is_fp8:1,topk:2048,batch_size:1,seqlen_q:4,seqlen_k:[19943],num_heads:64,num_heads_kv:1,head_dim:576,head_dim_v:512,causal:0,dtype:bf16.
flash_mla:[D][2,19943]flash_mla,MLA:sparse:decode,is_fp8:1,topk:2048,batch_size:2,seqlen_q:4,seqlen_k:[19943,16440],num_heads:64,num_heads_kv:1,head_dim:576,head_dim_v:512,causal:0,dtype:bf16.
flash_mla:[D][3,19943]flash_mla,MLA:sparse:decode,is_fp8:1,topk:2048,batch_size:3,seqlen_q:4,seqlen_k:[19943,16440,17926],num_heads:64,num_heads_kv:1,head_dim:576,head_dim_v:512,causal:0,dtype:bf16.
flash_mla:[D][5,20550]flash_mla,MLA:sparse:decode,is_fp8:1,topk:2048,batch_size:5,seqlen_q:4,seqlen_k:[19943,16440,17926,20550,20209],num_heads:64,num_heads_kv:1,head_dim:576,head_dim_v:512,causal:0,dtype:bf16.
flash_mla:[D][7,20550]flash_mla,MLA:sparse:decode,is_fp8:1,topk:2048,batch_size:7,seqlen_q:4,seqlen_k:[19943,16440,17926,20550,20209,12901,17852],num_heads:64,num_heads_kv:1,head_dim:576,head_dim_v:512,causal:0,dtype:bf16.
flash_mla:[D][10,20550]flash_mla,MLA:sparse:decode,is_fp8:1,topk:2048,batch_size:10,seqlen_q:4,seqlen_k:[19943,16440,17926,20550,20209,12901,17852,15023,15146,16466],num_heads:64,num_heads_kv:1,head_dim:576,head_dim_v:512,causal:0,dtype:bf16.
flash_mla:[D][14,20550]flash_mla,MLA:sparse:decode,is_fp8:1,topk:2048,batch_size:14,seqlen_q:4,seqlen_k:[19943,16440,17926,20550,20209,12901,17852,15023,15146,16466,15782,19148,17367,15724],num_heads:64,num_heads_kv:1,head_dim:576,head_dim_v:512,causal:0,dtype:bf16.
flash_mla:[D][21,20550]flash_mla,MLA:sparse:decode,is_fp8:1,topk:2048,batch_size:21,seqlen_q:4,seqlen_k:[19943,16440,17926,20550,20209,12901,17852,15023,15146,16466,15782,19148,17367,15724,16552,16269,19250,14884,16216,13217,10275],num_heads:64,num_heads_kv:1,head_dim:576,head_dim_v:512,causal:0,dtype:bf16.
flash_mla:[D][30,20550]flash_mla,MLA:sparse:decode,is_fp8:1,topk:2048,batch_size:30,seqlen_q:4,seqlen_k:[19943,16440,17926,20550,20209,12901,17852,15023,15146,16466,15782,19148,17367,15724,16552,16269,19250,14884,16216,13217,10275,17091,17632,13505,20550,11675,15529,14931,19349,19186],num_heads:64,num_heads_kv:1,head_dim:576,head_dim_v:512,causal:0,dtype:bf16.
flash_mla:[D][44,20550]flash_mla,MLA:sparse:decode,is_fp8:1,topk:2048,batch_size:44,seqlen_q:4,seqlen_k:[19943,16440,17926,20550,20209,12901,17852,15023,15146,16466,15782,19148,17367,15724,16552,16269,19250,14884,16216,13217,10275,17091,17632,13505,20550,11675,15529,14931,19349,19186,15810,16383,13131,10323,14518,15813,18572,18500,14416,14635,12718,11763,11028,20423],num_heads:64,num_heads_kv:1,head_dim:576,head_dim_v:512,causal:0,dtype:bf16.
flash_mla:[D][65,20550]flash_mla,MLA:sparse:decode,is_fp8:1,topk:2048,batch_size:65,seqlen_q:4,seqlen_k:[19943,16440,17926,20550,20209,12901,17852,15023,15146,16466,15782,19148,17367,15724,16552,16269,19250,14884,16216,13217,10275,17091,17632,13505,20550,11675,15529,14931,19349,19186,15810,16383,13131,10323,14518,15813,18572,18500,14416,14635,12718,11763,11028,20423,14102,14286,12193,17409,11265,14865,13111,16405,14099,12378,15339,16512,15582,16189,13782,14480,13684,14488,13323,10977,15867],num_heads:64,num_heads_kv:1,head_dim:576,head_dim_v:512,causal:0,dtype:bf16.
flash_mla:[D][95,20550]flash_mla,MLA:sparse:decode,is_fp8:1,topk:2048,batch_size:95,seqlen_q:4,seqlen_k:[19943,16440,17926,20550,20209,12901,17852,15023,15146,16466,15782,19148,17367,15724,16552,16269,19250,14884,16216,13217,10275,17091,17632,13505,20550,11675,15529,14931,19349,19186,15810,16383,13131,10323,14518,15813,18572,18500,14416,14635,12718,11763,11028,20423,14102,14286,12193,17409,11265,14865,13111,16405,14099,12378,15339,16512,15582,16189,13782,14480,13684,14488,13323,10977,15867,14379,11224,16600,13081,15545,17285,15743,18339,12239,16445,13652,13174,13924,14611,15556,12418,17726,16608,11465,19235,20282,18440,14949,12661,18120,14376,18552,15947,17920,16327],num_heads:64,num_heads_kv:1,head_dim:576,head_dim_v:512,causal:0,dtype:bf16.
flash_mla:[D][139,20550]flash_mla,MLA:sparse:decode,is_fp8:1,topk:2048,batch_size:139,seqlen_q:4,seqlen_k:[19943,16440,17926,20550,20209,12901,17852,15023,15146,16466,15782,19148,17367,15724,16552,16269,19250,14884,16216,13217,10275,17091,17632,13505,20550,11675,15529,14931,19349,19186,15810,16383,13131,10323,14518,15813,18572,18500,14416,14635,12718,11763,11028,20423,14102,14286,12193,17409,11265,14865,13111,16405,14099,12378,15339,16512,15582,16189,13782,14480,13684,14488,13323,10977,15867,14379,11224,16600,13081,15545,17285,15743,18339,12239,16445,13652,13174,13924,14611,15556,12418,17726,16608,11465,19235,20282,18440,14949,12661,18120,14376,18552,15947,17920,16327,17227,15438,19999,15738,16444,20249,11949,12148,17902,12398,20405,14349,13491,20352,19215,20209,17739,13199,20318,14723,17473,17845,15013,16989,17781,16379,12587,16178,18819,13627,15027,14294,20162,17139,16458,13434,16797,13679,15493,13778,17149,16893,14876,16429],num_heads:64,num_heads_kv:1,head_dim:576,head_dim_v:512,causal:0,dtype:bf16.
flash_mla:[D][203,20550]flash_mla,MLA:sparse:decode,is_fp8:1,topk:2048,batch_size:203,seqlen_q:4,seqlen_k:[19943,16440,17926,20550,20209,12901,17852,15023,15146,16466,15782,19148,17367,15724,16552,16269,19250,14884,16216,13217,10275,17091,17632,13505,20550,11675,15529,14931,19349,19186,15810,16383,13131,10323,14518,15813,18572,18500,14416,14635,12718,11763,11028,20423,14102,14286,12193,17409,11265,14865,13111,16405,14099,12378,15339,16512,15582,16189,13782,14480,13684,14488,13323,10977,15867,14379,11224,16600,13081,15545,17285,15743,18339,12239,16445,13652,13174,13924,14611,15556,12418,17726,16608,11465,19235,20282,18440,14949,12661,18120,14376,18552,15947,17920,16327,17227,15438,19999,15738,16444,20249,11949,12148,17902,12398,20405,14349,13491,20352,19215,20209,17739,13199,20318,14723,17473,17845,15013,16989,17781,16379,12587,16178,18819,13627,15027,14294,20162,17139,16458,13434,16797,13679,15493,13778,17149,16893,14876,16429,12603,11580,16540,15840,17043,20550,17838,13066,18281,12031,14226,15236,19813,13498,13288,15159,13707,18306,12637,12464,14287,14132,20368,17851,15636,12263,17581,12842,11443,18464,16226,17777,16230,17613,13739,12755,17163,13348,13640,14241,15456,14502,11879,13758,10275,17018,11296,12574,15546,13512,19376,12090,16098,15311,12411,16756,14971,17394,17527,20550,18845,14463,14797,18237],num_heads:64,num_heads_kv:1,head_dim:576,head_dim_v:512,causal:0,dtype:bf16.
flash_mla:[D][296,20550]flash_mla,MLA:sparse:decode,is_fp8:1,topk:2048,batch_size:296,seqlen_q:4,seqlen_k:[19943,16440,17926,20550,20209,12901,17852,15023,15146,16466,15782,19148,17367,15724,16552,16269,19250,14884,16216,13217,10275,17091,17632,13505,20550,11675,15529,14931,19349,19186,15810,16383,13131,10323,14518,15813,18572,18500,14416,14635,12718,11763,11028,20423,14102,14286,12193,17409,11265,14865,13111,16405,14099,12378,15339,16512,15582,16189,13782,14480,13684,14488,13323,10977,15867,14379,11224,16600,13081,15545,17285,15743,18339,12239,16445,13652,13174,13924,14611,15556,12418,17726,16608,11465,19235,20282,18440,14949,12661,18120,14376,18552,15947,17920,16327,17227,15438,19999,15738,16444,20249,11949,12148,17902,12398,20405,14349,13491,20352,19215,20209,17739,13199,20318,14723,17473,17845,15013,16989,17781,16379,12587,16178,18819,13627,15027,14294,20162,17139,16458,13434,16797,13679,15493,13778,17149,16893,14876,16429,12603,11580,16540,15840,17043,20550,17838,13066,18281,12031,14226,15236,19813,13498,13288,15159,13707,18306,12637,12464,14287,14132,20368,17851,15636,12263,17581,12842,11443,18464,16226,17777,16230,17613,13739,12755,17163,13348,13640,14241,15456,14502,11879,13758,10275,17018,11296,12574,15546,13512,19376,12090,16098,15311,12411,16756,14971,17394,17527,20550,18845,14463,14797,18237,17095,17056,11258,15349,13515,16131,15159,17750,16226,17432,14213,12985,14358,15368,16386,20550,15303,12956,14523,14221,16648,11453,15574,15814,16008,13877,14800,11753,14144,14017,16480,12441,17418,19251,10275,16507,17150,13774,14391,15070,14646,14618,11106,18372,18185,13322,11644,16750,13932,15776,14591,17188,17196,13547,11858,11345,16980,12357,14109,13880,15276,10437,15896,16757,15639,14613,15662,16437,10275,20436,16414,13735,14407,16680,15113,10275,20550,15128,18032,13634,19358,16147,16976,12726,18523,17184,18756,13798,14176,20550,12688,15062,18332],num_heads:64,num_heads_kv:1,head_dim:576,head_dim_v:512,causal:0,dtype:bf16.
flash_mla:[D][1,50367]flash_mla,MLA:sparse:decode,is_fp8:1,topk:2048,batch_size:1,seqlen_q:4,seqlen_k:[50367],num_heads:64,num_heads_kv:1,head_dim:576,head_dim_v:512,causal:0,dtype:bf16.
flash_mla:[D][2,50367]flash_mla,MLA:sparse:decode,is_fp8:1,topk:2048,batch_size:2,seqlen_q:4,seqlen_k:[50367,41519],num_heads:64,num_heads_kv:1,head_dim:576,head_dim_v:512,causal:0,dtype:bf16.
flash_mla:[D][3,50367]flash_mla,MLA:sparse:decode,is_fp8:1,topk:2048,batch_size:3,seqlen_q:4,seqlen_k:[50367,41519,45273],num_heads:64,num_heads_kv:1,head_dim:576,head_dim_v:512,causal:0,dtype:bf16.
flash_mla:[D][4,51899]flash_mla,MLA:sparse:decode,is_fp8:1,topk:2048,batch_size:4,seqlen_q:4,seqlen_k:[50367,41519,45273,51899],num_heads:64,num_heads_kv:1,head_dim:576,head_dim_v:512,causal:0,dtype:bf16.
flash_mla:[D][5,51899]flash_mla,MLA:sparse:decode,is_fp8:1,topk:2048,batch_size:5,seqlen_q:4,seqlen_k:[50367,41519,45273,51899,51038],num_heads:64,num_heads_kv:1,head_dim:576,head_dim_v:512,causal:0,dtype:bf16.
flash_mla:[D][7,51899]flash_mla,MLA:sparse:decode,is_fp8:1,topk:2048,batch_size:7,seqlen_q:4,seqlen_k:[50367,41519,45273,51899,51038,32584,45087],num_heads:64,num_heads_kv:1,head_dim:576,head_dim_v:512,causal:0,dtype:bf16.
flash_mla:[D][9,51899]flash_mla,MLA:sparse:decode,is_fp8:1,topk:2048,batch_size:9,seqlen_q:4,seqlen_k:[50367,41519,45273,51899,51038,32584,45087,37942,38254],num_heads:64,num_heads_kv:1,head_dim:576,head_dim_v:512,causal:0,dtype:bf16.
flash_mla:[D][13,51899]flash_mla,MLA:sparse:decode,is_fp8:1,topk:2048,batch_size:13,seqlen_q:4,seqlen_k:[50367,41519,45273,51899,51038,32584,45087,37942,38254,41587,39858,48357,43860],num_heads:64,num_heads_kv:1,head_dim:576,head_dim_v:512,causal:0,dtype:bf16.
flash_mla:[D][17,51899]flash_mla,MLA:sparse:decode,is_fp8:1,topk:2048,batch_size:17,seqlen_q:4,seqlen_k:[50367,41519,45273,51899,51038,32584,45087,37942,38254,41587,39858,48357,43860,39713,41803,41088,48616],num_heads:64,num_heads_kv:1,head_dim:576,head_dim_v:512,causal:0,dtype:bf16.
flash_mla:[D][24,51899]flash_mla,MLA:sparse:decode,is_fp8:1,topk:2048,batch_size:24,seqlen_q:4,seqlen_k:[50367,41519,45273,51899,51038,32584,45087,37942,38254,41587,39858,48357,43860,39713,41803,41088,48616,37593,40954,33383,25949,43164,44531,34109],num_heads:64,num_heads_kv:1,head_dim:576,head_dim_v:512,causal:0,dtype:bf16.
flash_mla:[D][33,51899]flash_mla,MLA:sparse:decode,is_fp8:1,topk:2048,batch_size:33,seqlen_q:4,seqlen_k:[50367,41519,45273,51899,51038,32584,45087,37942,38254,41587,39858,48357,43860,39713,41803,41088,48616,37593,40954,33383,25949,43164,44531,34109,51899,29489,39220,37709,48867,48455,39929,41377,33164],num_heads:64,num_heads_kv:1,head_dim:576,head_dim_v:512,causal:0,dtype:bf16.
flash_mla:[D][45,51899]flash_mla,MLA:sparse:decode,is_fp8:1,topk:2048,batch_size:45,seqlen_q:4,seqlen_k:[50367,41519,45273,51899,51038,32584,45087,37942,38254,41587,39858,48357,43860,39713,41803,41088,48616,37593,40954,33383,25949,43164,44531,34109,51899,29489,39220,37709,48867,48455,39929,41377,33164,26074,36667,39938,46904,46723,36411,36962,32122,29712,27855,51578,35617],num_heads:64,num_heads_kv:1,head_dim:576,head_dim_v:512,causal:0,dtype:bf16.
flash_mla:[D][62,51899]flash_mla,MLA:sparse:decode,is_fp8:1,topk:2048,batch_size:62,seqlen_q:4,seqlen_k:[50367,41519,45273,51899,51038,32584,45087,37942,38254,41587,39858,48357,43860,39713,41803,41088,48616,37593,40954,33383,25949,43164,44531,34109,51899,29489,39220,37709,48867,48455,39929,41377,33164,26074,36667,39938,46904,46723,36411,36962,32122,29712,27855,51578,35617,36082,30797,43967,28454,37543,33115,41433,35610,31265,38741,41702,39355,40886,34809,36570,34561,36591],num_heads:64,num_heads_kv:1,head_dim:576,head_dim_v:512,causal:0,dtype:bf16.
flash_mla:[D][85,51899]flash_mla,MLA:sparse:decode,is_fp8:1,topk:2048,batch_size:85,seqlen_q:4,seqlen_k:[50367,41519,45273,51899,51038,32584,45087,37942,38254,41587,39858,48357,43860,39713,41803,41088,48616,37593,40954,33383,25949,43164,44531,34109,51899,29489,39220,37709,48867,48455,39929,41377,33164,26074,36667,39938,46904,46723,36411,36962,32122,29712,27855,51578,35617,36082,30797,43967,28454,37543,33115,41433,35610,31265,38741,41702,39355,40886,34809,36570,34561,36591,33649,27725,40074,36317,28348,41926,33038,39260,43653,39760,46315,30913,41533,34481,33275,35169,36902,39288,31365,44767,41944,28958,48578],num_heads:64,num_heads_kv:1,head_dim:576,head_dim_v:512,causal:0,dtype:bf16.
flash_mla:[D][117,51899]flash_mla,MLA:sparse:decode,is_fp8:1,topk:2048,batch_size:117,seqlen_q:4,seqlen_k:[50367,41519,45273,51899,51038,32584,45087,37942,38254,41587,39858,48357,43860,39713,41803,41088,48616,37593,40954,33383,25949,43164,44531,34109,51899,29489,39220,37709,48867,48455,39929,41377,33164,26074,36667,39938,46904,46723,36411,36962,32122,29712,27855,51578,35617,36082,30797,43967,28454,37543,33115,41433,35610,31265,38741,41702,39355,40886,34809,36570,34561,36591,33649,27725,40074,36317,28348,41926,33038,39260,43653,39760,46315,30913,41533,34481,33275,35169,36902,39288,31365,44767,41944,28958,48578,51222,46570,37756,31978,45764,36308,46854,40275,45259,41235,43507,38992,50508,39747,41531,51139,30181,30682,45212,31313,51532,36240,34075,51398,48528,51038,44801,33337,51314,37185,44129,45068],num_heads:64,num_heads_kv:1,head_dim:576,head_dim_v:512,causal:0,dtype:bf16.
flash_mla:[D][1,127206]flash_mla,MLA:sparse:decode,is_fp8:1,topk:2048,batch_size:1,seqlen_q:4,seqlen_k:[127206],num_heads:64,num_heads_kv:1,head_dim:576,head_dim_v:512,causal:0,dtype:bf16.
flash_mla:[D][2,127206]flash_mla,MLA:sparse:decode,is_fp8:1,topk:2048,batch_size:2,seqlen_q:4,seqlen_k:[127206,104860],num_heads:64,num_heads_kv:1,head_dim:576,head_dim_v:512,causal:0,dtype:bf16.
flash_mla:[D][3,127206]flash_mla,MLA:sparse:decode,is_fp8:1,topk:2048,batch_size:3,seqlen_q:4,seqlen_k:[127206,104860,114339],num_heads:64,num_heads_kv:1,head_dim:576,head_dim_v:512,causal:0,dtype:bf16.
flash_mla:[D][4,131072]flash_mla,MLA:sparse:decode,is_fp8:1,topk:2048,batch_size:4,seqlen_q:4,seqlen_k:[127206,104860,114339,131072],num_heads:64,num_heads_kv:1,head_dim:576,head_dim_v:512,causal:0,dtype:bf16.
flash_mla:[D][5,131072]flash_mla,MLA:sparse:decode,is_fp8:1,topk:2048,batch_size:5,seqlen_q:4,seqlen_k:[127206,104860,114339,131072,128902],num_heads:64,num_heads_kv:1,head_dim:576,head_dim_v:512,causal:0,dtype:bf16.
flash_mla:[D][6,131072]flash_mla,MLA:sparse:decode,is_fp8:1,topk:2048,batch_size:6,seqlen_q:4,seqlen_k:[127206,104860,114339,131072,128902,82292],num_heads:64,num_heads_kv:1,head_dim:576,head_dim_v:512,causal:0,dtype:bf16.
flash_mla:[D][8,131072]flash_mla,MLA:sparse:decode,is_fp8:1,topk:2048,batch_size:8,seqlen_q:4,seqlen_k:[127206,104860,114339,131072,128902,82292,113870,95824],num_heads:64,num_heads_kv:1,head_dim:576,head_dim_v:512,causal:0,dtype:bf16.
flash_mla:[D][10,131072]flash_mla,MLA:sparse:decode,is_fp8:1,topk:2048,batch_size:10,seqlen_q:4,seqlen_k:[127206,104860,114339,131072,128902,82292,113870,95824,96612,105031],num_heads:64,num_heads_kv:1,head_dim:576,head_dim_v:512,causal:0,dtype:bf16.
flash_mla:[D][13,131072]flash_mla,MLA:sparse:decode,is_fp8:1,topk:2048,batch_size:13,seqlen_q:4,seqlen_k:[127206,104860,114339,131072,128902,82292,113870,95824,96612,105031,100664,122130,110772],num_heads:64,num_heads_kv:1,head_dim:576,head_dim_v:512,causal:0,dtype:bf16.
flash_mla:[D][17,131072]flash_mla,MLA:sparse:decode,is_fp8:1,topk:2048,batch_size:17,seqlen_q:4,seqlen_k:[127206,104860,114339,131072,128902,82292,113870,95824,96612,105031,100664,122130,110772,100297,105576,103770,122782],num_heads:64,num_heads_kv:1,head_dim:576,head_dim_v:512,causal:0,dtype:bf16.
flash_mla:[D][21,131072]flash_mla,MLA:sparse:decode,is_fp8:1,topk:2048,batch_size:21,seqlen_q:4,seqlen_k:[127206,104860,114339,131072,128902,82292,113870,95824,96612,105031,100664,122130,110772,100297,105576,103770,122782,94942,103433,84310,65536],num_heads:64,num_heads_kv:1,head_dim:576,head_dim_v:512,causal:0,dtype:bf16.
flash_mla:[D][28,131072]flash_mla,MLA:sparse:decode,is_fp8:1,topk:2048,batch_size:28,seqlen_q:4,seqlen_k:[127206,104860,114339,131072,128902,82292,113870,95824,96612,105031,100664,122130,110772,100297,105576,103770,122782,94942,103433,84310,65536,109012,112466,86144,131072,74475,99053,95237],num_heads:64,num_heads_kv:1,head_dim:576,head_dim_v:512,causal:0,dtype:bf16.
flash_mla:[D][36,131072]flash_mla,MLA:sparse:decode,is_fp8:1,topk:2048,batch_size:36,seqlen_q:4,seqlen_k:[127206,104860,114339,131072,128902,82292,113870,95824,96612,105031,100664,122130,110772,100297,105576,103770,122782,94942,103433,84310,65536,109012,112466,86144,131072,74475,99053,95237,123417,122377,100842,104499,83758,65850,92603,100865],num_heads:64,num_heads_kv:1,head_dim:576,head_dim_v:512,causal:0,dtype:bf16.
flash_mla:[D][46,131072]flash_mla,MLA:sparse:decode,is_fp8:1,topk:2048,batch_size:46,seqlen_q:4,seqlen_k:[127206,104860,114339,131072,128902,82292,113870,95824,96612,105031,100664,122130,110772,100297,105576,103770,122782,94942,103433,84310,65536,109012,112466,86144,131072,74475,99053,95237,123417,122377,100842,104499,83758,65850,92603,100865,118461,118003,91958,93351,81124,75038,70348,130265,89953,91126],num_heads:64,num_heads_kv:1,head_dim:576,head_dim_v:512,causal:0,dtype:bf16.
flash_mla:[D][1,194]flash_mla,MLA:sparse:decode,is_fp8:1,topk:2048,batch_size:1,seqlen_q:8,seqlen_k:[194],num_heads:64,num_heads_kv:1,head_dim:576,head_dim_v:512,causal:0,dtype:bf16.
flash_mla:[D][2,194]flash_mla,MLA:sparse:decode,is_fp8:1,topk:2048,batch_size:2,seqlen_q:8,seqlen_k:[194,160],num_heads:64,num_heads_kv:1,head_dim:576,head_dim_v:512,causal:0,dtype:bf16.
flash_mla:[D][3,194]flash_mla,MLA:sparse:decode,is_fp8:1,topk:2048,batch_size:3,seqlen_q:8,seqlen_k:[194,160,174],num_heads:64,num_heads_kv:1,head_dim:576,head_dim_v:512,causal:0,dtype:bf16.
flash_mla:[D][4,200]flash_mla,MLA:sparse:decode,is_fp8:1,topk:2048,batch_size:4,seqlen_q:8,seqlen_k:[194,160,174,200],num_heads:64,num_heads_kv:1,head_dim:576,head_dim_v:512,causal:0,dtype:bf16.
flash_mla:[D][7,200]flash_mla,MLA:sparse:decode,is_fp8:1,topk:2048,batch_size:7,seqlen_q:8,seqlen_k:[194,160,174,200,196,125,173],num_heads:64,num_heads_kv:1,head_dim:576,head_dim_v:512,causal:0,dtype:bf16.
flash_mla:[D][11,200]flash_mla,MLA:sparse:decode,is_fp8:1,topk:2048,batch_size:11,seqlen_q:8,seqlen_k:[194,160,174,200,196,125,173,146,147,160,153],num_heads:64,num_heads_kv:1,head_dim:576,head_dim_v:512,causal:0,dtype:bf16.
flash_mla:[D][19,200]flash_mla,MLA:sparse:decode,is_fp8:1,topk:2048,batch_size:19,seqlen_q:8,seqlen_k:[194,160,174,200,196,125,173,146,147,160,153,186,169,153,161,158,187,144,157],num_heads:64,num_heads_kv:1,head_dim:576,head_dim_v:512,causal:0,dtype:bf16.
flash_mla:[D][30,200]flash_mla,MLA:sparse:decode,is_fp8:1,topk:2048,batch_size:30,seqlen_q:8,seqlen_k:[194,160,174,200,196,125,173,146,147,160,153,186,169,153,161,158,187,144,157,128,100,166,171,131,200,113,151,145,188,186],num_heads:64,num_heads_kv:1,head_dim:576,head_dim_v:512,causal:0,dtype:bf16.
flash_mla:[D][49,200]flash_mla,MLA:sparse:decode,is_fp8:1,topk:2048,batch_size:49,seqlen_q:8,seqlen_k:[194,160,174,200,196,125,173,146,147,160,153,186,169,153,161,158,187,144,157,128,100,166,171,131,200,113,151,145,188,186,153,159,127,100,141,153,180,180,140,142,123,114,107,198,137,139,118,169,109],num_heads:64,num_heads_kv:1,head_dim:576,head_dim_v:512,causal:0,dtype:bf16.
flash_mla:[D][80,200]flash_mla,MLA:sparse:decode,is_fp8:1,topk:2048,batch_size:80,seqlen_q:8,seqlen_k:[194,160,174,200,196,125,173,146,147,160,153,186,169,153,161,158,187,144,157,128,100,166,171,131,200,113,151,145,188,186,153,159,127,100,141,153,180,180,140,142,123,114,107,198,137,139,118,169,109,144,127,159,137,120,149,160,151,157,134,140,133,141,129,106,154,139,109,161,127,151,168,153,178,119,160,132,128,135,142,151],num_heads:64,num_heads_kv:1,head_dim:576,head_dim_v:512,causal:0,dtype:bf16.
flash_mla:[D][131,200]flash_mla,MLA:sparse:decode,is_fp8:1,topk:2048,batch_size:131,seqlen_q:8,seqlen_k:[194,160,174,200,196,125,173,146,147,160,153,186,169,153,161,158,187,144,157,128,100,166,171,131,200,113,151,145,188,186,153,159,127,100,141,153,180,180,140,142,123,114,107,198,137,139,118,169,109,144,127,159,137,120,149,160,151,157,134,140,133,141,129,106,154,139,109,161,127,151,168,153,178,119,160,132,128,135,142,151,120,172,161,111,187,197,179,145,123,176,139,180,155,174,158,167,150,194,153,160,197,116,118,174,120,198,139,131,198,187,196,172,128,197,143,170,173,146,165,173,159,122,157,183,132,146,139,196,166,160,130],num_heads:64,num_heads_kv:1,head_dim:576,head_dim_v:512,causal:0,dtype:bf16.
flash_mla:[D][213,200]flash_mla,MLA:sparse:decode,is_fp8:1,topk:2048,batch_size:213,seqlen_q:8,seqlen_k:[194,160,174,200,196,125,173,146,147,160,153,186,169,153,161,158,187,144,157,128,100,166,171,131,200,113,151,145,188,186,153,159,127,100,141,153,180,180,140,142,123,114,107,198,137,139,118,169,109,144,127,159,137,120,149,160,151,157,134,140,133,141,129,106,154,139,109,161,127,151,168,153,178,119,160,132,128,135,142,151,120,172,161,111,187,197,179,145,123,176,139,180,155,174,158,167,150,194,153,160,197,116,118,174,120,198,139,131,198,187,196,172,128,197,143,170,173,146,165,173,159,122,157,183,132,146,139,196,166,160,130,163,133,150,134,166,164,144,159,122,112,160,154,165,200,173,127,177,117,138,148,192,131,129,147,133,178,123,121,139,137,198,173,152,119,171,124,111,179,157,173,157,171,133,124,167,129,132,138,150,141,115,133,100,165,109,122,151,131,188,117,156,149,120,163,145,169,170,200,183,140,144,177,166,166,109,149,131,156,147,172,157,169],num_heads:64,num_heads_kv:1,head_dim:576,head_dim_v:512,causal:0,dtype:bf16.
flash_mla:[D][346,200]flash_mla,MLA:sparse:decode,is_fp8:1,topk:2048,batch_size:346,seqlen_q:8,seqlen_k:[194,160,174,200,196,125,173,146,147,160,153,186,169,153,161,158,187,144,157,128,100,166,171,131,200,113,151,145,188,186,153,159,127,100,141,153,180,180,140,142,123,114,107,198,137,139,118,169,109,144,127,159,137,120,149,160,151,157,134,140,133,141,129,106,154,139,109,161,127,151,168,153,178,119,160,132,128,135,142,151,120,172,161,111,187,197,179,145,123,176,139,180,155,174,158,167,150,194,153,160,197,116,118,174,120,198,139,131,198,187,196,172,128,197,143,170,173,146,165,173,159,122,157,183,132,146,139,196,166,160,130,163,133,150,134,166,164,144,159,122,112,160,154,165,200,173,127,177,117,138,148,192,131,129,147,133,178,123,121,139,137,198,173,152,119,171,124,111,179,157,173,157,171,133,124,167,129,132,138,150,141,115,133,100,165,109,122,151,131,188,117,156,149,120,163,145,169,170,200,183,140,144,177,166,166,109,149,131,156,147,172,157,169,138,126,139,149,159,200,148,126,141,138,162,111,151,153,155,135,144,114,137,136,160,121,169,187,100,160,166,134,140,146,142,142,108,178,176,129,113,163,135,153,142,167,167,131,115,110,165,120,137,135,148,101,154,163,152,142,152,159,100,198,159,133,140,162,147,100,200,147,175,132,188,157,165,123,180,167,182,134,137,200,123,146,178,152,164,140,159,117,191,147,132,166,138,116,116,167,146,146,176,121,131,140,152,148,142,148,147,132,129,156,127,121,142,146,200,132,173,168,120,169,120,100,165,106,161,132,191,176,138,132,119,138,142],num_heads:64,num_heads_kv:1,head_dim:576,head_dim_v:512,causal:0,dtype:bf16.
flash_mla:[D][563,200]flash_mla,MLA:sparse:decode,is_fp8:1,topk:2048,batch_size:563,seqlen_q:8,seqlen_k:[194,160,174,200,196,125,173,146,147,160,153,186,169,153,161,158,187,144,157,128,100,166,171,131,200,113,151,145,188,186,153,159,127,100,141,153,180,180,140,142,123,114,107,198,137,139,118,169,109,144,127,159,137,120,149,160,151,157,134,140,133,141,129,106,154,139,109,161,127,151,168,153,178,119,160,132,128,135,142,151,120,172,161,111,187,197,179,145,123,176,139,180,155,174,158,167,150,194,153,160,197,116,118,174,120,198,139,131,198,187,196,172,128,197,143,170,173,146,165,173,159,122,157,183,132,146,139,196,166,160,130,163,133,150,134,166,164,144,159,122,112,160,154,165,200,173,127,177,117,138,148,192,131,129,147,133,178,123,121,139,137,198,173,152,119,171,124,111,179,157,173,157,171,133,124,167,129,132,138,150,141,115,133,100,165,109,122,151,131,188,117,156,149,120,163,145,169,170,200,183,140,144,177,166,166,109,149,131,156,147,172,157,169,138,126,139,149,159,200,148,126,141,138,162,111,151,153,155,135,144,114,137,136,160,121,169,187,100,160,166,134,140,146,142,142,108,178,176,129,113,163,135,153,142,167,167,131,115,110,165,120,137,135,148,101,154,163,152,142,152,159,100,198,159,133,140,162,147,100,200,147,175,132,188,157,165,123,180,167,182,134,137,200,123,146,178,152,164,140,159,117,191,147,132,166,138,116,116,167,146,146,176,121,131,140,152,148,142,148,147,132,129,156,127,121,142,146,200,132,173,168,120,169,120,100,165,106,161,132,191,176,138,132,119,138,142,140,153,164,158,130,114,184,132,133,136,103,138,138,165,167,150,173,158,149,154,145,140,143,121,157,125,171,143,151,162,166,110,144,172,107,159,100,124,150,108,125,113,191,154,164,144,141,109,142,130,171,178,186,171,135,122,169,158,105,158,170,151,145,129,113,170,142,144,193,167,159,153,187,192,173,164,100,153,146,152,173,100,135,156,138,114,171,156,125,157,170,150,170,151,140,121,147,154,171,147,161,125,130,147,123,170,161,156,158,200,138,100,154,148,137,125,139,154,137,200,125,130,100,156,100,136,143,132,193,174,182,127,178,162,169,175,127,139,171,100,187,163,148,155,124,141,177,182,200,148,133,137,124,148,159,149,177,144,141,135,109,110,120,182,172,184,116,100,133,154,162,176,157,193,144,127,107,127,156,127,173,185,100,171,100,160,180,151,118,135,143,145,144,147,155,119,143,187,140,138,176,100,179,134,154,152,173,143,133,182,100,150,116,130,200,148,154],num_heads:64,num_heads_kv:1,head_dim:576,head_dim_v:512,causal:0,dtype:bf16.
flash_mla:[D][917,200]flash_mla,MLA:sparse:decode,is_fp8:1,topk:2048,batch_size:917,seqlen_q:8,seqlen_k:[194,160,174,200,196,125,173,146,147,160,153,186,169,153,161,158,187,144,157,128,100,166,171,131,200,113,151,145,188,186,153,159,127,100,141,153,180,180,140,142,123,114,107,198,137,139,118,169,109,144,127,159,137,120,149,160,151,157,134,140,133,141,129,106,154,139,109,161,127,151,168,153,178,119,160,132,128,135,142,151,120,172,161,111,187,197,179,145,123,176,139,180,155,174,158,167,150,194,153,160,197,116,118,174,120,198,139,131,198,187,196,172,128,197,143,170,173,146,165,173,159,122,157,183,132,146,139,196,166,160,130,163,133,150,134,166,164,144,159,122,112,160,154,165,200,173,127,177,117,138,148,192,131,129,147,133,178,123,121,139,137,198,173,152,119,171,124,111,179,157,173,157,171,133,124,167,129,132,138,150,141,115,133,100,165,109,122,151,131,188,117,156,149,120,163,145,169,170,200,183,140,144,177,166,166,109,149,131,156,147,172,157,169,138,126,139,149,159,200,148,126,141,138,162,111,151,153,155,135,144,114,137,136,160,121,169,187,100,160,166,134,140,146,142,142,108,178,176,129,113,163,135,153,142,167,167,131,115,110,165,120,137,135,148,101,154,163,152,142,152,159,100,198,159,133,140,162,147,100,200,147,175,132,188,157,165,123,180,167,182,134,137,200,123,146,178,152,164,140,159,117,191,147,132,166,138,116,116,167,146,146,176,121,131,140,152,148,142,148,147,132,129,156,127,121,142,146,200,132,173,168,120,169,120,100,165,106,161,132,191,176,138,132,119,138,142,140,153,164,158,130,114,184,132,133,136,103,138,138,165,167,150,173,158,149,154,145,140,143,121,157,125,171,143,151,162,166,110,144,172,107,159,100,124,150,108,125,113,191,154,164,144,141,109,142,130,171,178,186,171,135,122,169,158,105,158,170,151,145,129,113,170,142,144,193,167,159,153,187,192,173,164,100,153,146,152,173,100,135,156,138,114,171,156,125,157,170,150,170,151,140,121,147,154,171,147,161,125,130,147,123,170,161,156,158,200,138,100,154,148,137,125,139,154,137,200,125,130,100,156,100,136,143,132,193,174,182,127,178,162,169,175,127,139,171,100,187,163,148,155,124,141,177,182,200,148,133,137,124,148,159,149,177,144,141,135,109,110,120,182,172,184,116,100,133,154,162,176,157,193,144,127,107,127,156,127,173,185,100,171,100,160,180,151,118,135,143,145,144,147,155,119,143,187,140,138,176,100,179,134,154,152,173,143,133,182,100,150,116,130,200,148,154,105,131,154,158,165,150,163,161,104,150,169,164,140,129,122,146,178,101,133,121,169,136,138,144,161,140,100,163,160,144,122,158,159,138,144,126,145,111,160,126,155,114,135,147,108,152,140,106,117,165,172,146,160,155,158,182,112,166,140,144,142,140,119,154,191,148,149,132,147,161,140,138,160,127,156,170,183,147,184,175,125,119,142,175,148,134,188,157,100,157,163,155,161,148,117,140,126,126,118,161,152,138,133,149,176,100,159,136,102,101,127,155,159,126,175,185,159,135,178,168,171,133,100,200,109,149,200,158,173,112,105,136,177,141,130,154,177,113,119,130,177,155,200,173,149,181,155,132,166,132,142,183,147,129,138,175,136,140,137,154,140,109,127,126,181,170,164,137,129,137,123,200,100,164,117,147,125,120,121,193,146,130,163,150,168,104,157,169,108,161,192,149,170,166,132,150,110,138,156,168,150,167,122,147,150,196,144,137,150,127,154,140,105,148,142,109,148,187,163,165,116,161,153,163,160,116,148,131,148,127,182,128,127,151,123,139,129,185,169,148,140,173,160,162,149,107,147,136,166,175,133,161,193,133,192,128,150,149,150,129,135,133,158,158,200,184,137,158,174,150,148,151,171,128,141,161,157,155,140,174,200,160,145,168,136,131,150,100,121,141,116,124,139,108,139,136,150,178,154,150,152,155,124,147,157,115,171,177,134,143,128,167,123,144,128,151,105,183,125,151,144,130,127,173,136,156,129,133,161,173,145,114,199,128,111,200,139,113,132,159,154,128,195,136,120,174,183,129,114,175,100,119,174,148],num_heads:64,num_heads_kv:1,head_dim:576,head_dim_v:512,causal:0,dtype:bf16.
flash_mla:[D][1492,200]flash_mla,MLA:sparse:decode,is_fp8:1,topk:2048,batch_size:1492,seqlen_q:8,seqlen_k:[194,160,174,200,196,125,173,146,147,160,153,186,169,153,161,158,187,144,157,128,100,166,171,131,200,113,151,145,188,186,153,159,127,100,141,153,180,180,140,142,123,114,107,198,137,139,118,169,109,144,127,159,137,120,149,160,151,157,134,140,133,141,129,106,154,139,109,161,127,151,168,153,178,119,160,132,128,135,142,151,120,172,161,111,187,197,179,145,123,176,139,180,155,174,158,167,150,194,153,160,197,116,118,174,120,198,139,131,198,187,196,172,128,197,143,170,173,146,165,173,159,122,157,183,132,146,139,196,166,160,130,163,133,150,134,166,164,144,159,122,112,160,154,165,200,173,127,177,117,138,148,192,131,129,147,133,178,123,121,139,137,198,173,152,119,171,124,111,179,157,173,157,171,133,124,167,129,132,138,150,141,115,133,100,165,109,122,151,131,188,117,156,149,120,163,145,169,170,200,183,140,144,177,166,166,109,149,131,156,147,172,157,169,138,126,139,149,159,200,148,126,141,138,162,111,151,153,155,135,144,114,137,136,160,121,169,187,100,160,166,134,140,146,142,142,108,178,176,129,113,163,135,153,142,167,167,131,115,110,165,120,137,135,148,101,154,163,152,142,152,159,100,198,159,133,140,162,147,100,200,147,175,132,188,157,165,123,180,167,182,134,137,200,123,146,178,152,164,140,159,117,191,147,132,166,138,116,116,167,146,146,176,121,131,140,152,148,142,148,147,132,129,156,127,121,142,146,200,132,173,168,120,169,120,100,165,106,161,132,191,176,138,132,119,138,142,140,153,164,158,130,114,184,132,133,136,103,138,138,165,167,150,173,158,149,154,145,140,143,121,157,125,171,143,151,162,166,110,144,172,107,159,100,124,150,108,125,113,191,154,164,144,141,109,142,130,171,178,186,171,135,122,169,158,105,158,170,151,145,129,113,170,142,144,193,167,159,153,187,192,173,164,100,153,146,152,173,100,135,156,138,114,171,156,125,157,170,150,170,151,140,121,147,154,171,147,161,125,130,147,123,170,161,156,158,200,138,100,154,148,137,125,139,154,137,200,125,130,100,156,100,136,143,132,193,174,182,127,178,162,169,175,127,139,171,100,187,163,148,155,124,141,177,182,200,148,133,137,124,148,159,149,177,144,141,135,109,110,120,182,172,184,116,100,133,154,162,176,157,193,144,127,107,127,156,127,173,185,100,171,100,160,180,151,118,135,143,145,144,147,155,119,143,187,140,138,176,100,179,134,154,152,173,143,133,182,100,150,116,130,200,148,154,105,131,154,158,165,150,163,161,104,150,169,164,140,129,122,146,178,101,133,121,169,136,138,144,161,140,100,163,160,144,122,158,159,138,144,126,145,111,160,126,155,114,135,147,108,152,140,106,117,165,172,146,160,155,158,182,112,166,140,144,142,140,119,154,191,148,149,132,147,161,140,138,160,127,156,170,183,147,184,175,125,119,142,175,148,134,188,157,100,157,163,155,161,148,117,140,126,126,118,161,152,138,133,149,176,100,159,136,102,101,127,155,159,126,175,185,159,135,178,168,171,133,100,200,109,149,200,158,173,112,105,136,177,141,130,154,177,113,119,130,177,155,200,173,149,181,155,132,166,132,142,183,147,129,138,175,136,140,137,154,140,109,127,126,181,170,164,137,129,137,123,200,100,164,117,147,125,120,121,193,146,130,163,150,168,104,157,169,108,161,192,149,170,166,132,150,110,138,156,168,150,167,122,147,150,196,144,137,150,127,154,140,105,148,142,109,148,187,163,165,116,161,153,163,160,116,148,131,148,127,182,128,127,151,123,139,129,185,169,148,140,173,160,162,149,107,147,136,166,175,133,161,193,133,192,128,150,149,150,129,135,133,158,158,200,184,137,158,174,150,148,151,171,128,141,161,157,155,140,174,200,160,145,168,136,131,150,100,121,141,116,124,139,108,139,136,150,178,154,150,152,155,124,147,157,115,171,177,134,143,128,167,123,144,128,151,105,183,125,151,144,130,127,173,136,156,129,133,161,173,145,114,199,128,111,200,139,113,132,159,154,128,195,136,120,174,183,129,114,175,100,119,174,148,143,158,146,117,181,183,155,151,200,143,143,159,186,189,143,157,115,142,128,124,192,130,136,159,182,162,200,148,156,156,185,162,147,126,156,185,139,163,156,171,129,200,118,140,173,157,170,137,148,150,189,167,169,133,174,155,184,200,142,139,128,146,140,158,146,140,176,126,160,139,168,184,142,161,154,130,156,157,160,145,152,121,141,163,172,139,152,155,155,163,104,148,155,124,191,154,189,130,127,155,108,155,152,175,167,139,122,192,130,123,122,177,137,131,153,144,133,168,176,174,169,160,105,191,157,165,177,185,160,160,135,150,128,132,127,146,176,200,154,116,181,142,133,155,118,155,147,152,159,151,150,157,160,124,114,148,114,152,173,165,123,128,158,139,142,164,125,139,129,123,128,166,151,128,144,109,131,200,147,168,148,158,166,122,149,189,130,135,142,156,163,181,162,148,181,167,112,200,194,145,159,183,145,168,177,124,134,173,161,173,146,142,100,121,151,170,163,146,143,155,151,185,153,112,118,187,120,169,143,145,146,180,145,149,111,155,163,155,184,151,157,191,111,138,185,173,166,170,158,190,159,155,153,154,121,169,146,195,148,160,156,134,174,197,149,142,141,102,145,156,176,174,139,143,178,145,137,184,175,150,135,100,164,127,100,189,166,121,119,171,128,182,165,163,160,154,172,138,152,168,164,120,137,156,139,194,140,145,169,158,146,131,157,175,161,130,193,113,110,174,155,136,122,200,152,163,157,160,163,168,140,142,106,130,156,176,164,141,118,100,178,135,138,153,114,141,200,162,158,110,200,114,198,100,185,190,129,160,163,129,113,117,163,147,135,174,162,131,119,163,136,152,189,162,128,154,126,190,135,155,157,153,101,113,138,157,146,126,116,139,138,162,141,165,135,143,141,130,165,129,136,148,117,141,132,140,148,130,144,182,149,178,158,169,130,152,153,134,129,112,187,125,183,138,128,165,134,164,141,162,125,170,162,127,200,163,200,190,145,139,139,104,132,156,188,130,172,118,135,138,159,161,174,169,156,159,189,137,169,104,160,137,150,176,154,172,186,159,179,141,149,136,176,160,137,153,176,149,126,153,100,169,139,138,171,115,198,137,136,175,167,200,144,146,113,141,131,138,106,191,114,100,120,134,121,177,146,150,165,157,174,122,136,166,100,115,162,137,173,170,120,160,180,153,125,171,165,163,167,100,172,195,160,154,167,158,166,150,130,124,125,115,123,194,168,134,140,152,133,151,169,149,158,172,143,157,142,149,141,136,154,164,153,162,131,119,160,167,151,183,172,200,144,125,131],num_heads:64,num_heads_kv:1,head_dim:576,head_dim_v:512,causal:0,dtype:bf16.
flash_mla:[D][1,489]flash_mla,MLA:sparse:decode,is_fp8:1,topk:2048,batch_size:1,seqlen_q:8,seqlen_k:[489],num_heads:64,num_heads_kv:1,head_dim:576,head_dim_v:512,causal:0,dtype:bf16.
flash_mla:[D][2,489]flash_mla,MLA:sparse:decode,is_fp8:1,topk:2048,batch_size:2,seqlen_q:8,seqlen_k:[489,403],num_heads:64,num_heads_kv:1,head_dim:576,head_dim_v:512,causal:0,dtype:bf16.
flash_mla:[D][3,489]flash_mla,MLA:sparse:decode,is_fp8:1,topk:2048,batch_size:3,seqlen_q:8,seqlen_k:[489,403,439],num_heads:64,num_heads_kv:1,head_dim:576,head_dim_v:512,causal:0,dtype:bf16.
flash_mla:[D][4,505]flash_mla,MLA:sparse:decode,is_fp8:1,topk:2048,batch_size:4,seqlen_q:8,seqlen_k:[489,403,439,505],num_heads:64,num_heads_kv:1,head_dim:576,head_dim_v:512,causal:0,dtype:bf16.
flash_mla:[D][7,505]flash_mla,MLA:sparse:decode,is_fp8:1,topk:2048,batch_size:7,seqlen_q:8,seqlen_k:[489,403,439,505,495,316,437],num_heads:64,num_heads_kv:1,head_dim:576,head_dim_v:512,causal:0,dtype:bf16.
flash_mla:[D][11,505]flash_mla,MLA:sparse:decode,is_fp8:1,topk:2048,batch_size:11,seqlen_q:8,seqlen_k:[489,403,439,505,495,316,437,368,371,403,387],num_heads:64,num_heads_kv:1,head_dim:576,head_dim_v:512,causal:0,dtype:bf16.
flash_mla:[D][19,505]flash_mla,MLA:sparse:decode,is_fp8:1,topk:2048,batch_size:19,seqlen_q:8,seqlen_k:[489,403,439,505,495,316,437,368,371,403,387,469,425,385,405,399,472,365,397],num_heads:64,num_heads_kv:1,head_dim:576,head_dim_v:512,causal:0,dtype:bf16.
flash_mla:[D][30,505]flash_mla,MLA:sparse:decode,is_fp8:1,topk:2048,batch_size:30,seqlen_q:8,seqlen_k:[489,403,439,505,495,316,437,368,371,403,387,469,425,385,405,399,472,365,397,324,252,419,432,331,505,286,380,366,474,470],num_heads:64,num_heads_kv:1,head_dim:576,head_dim_v:512,causal:0,dtype:bf16.
flash_mla:[D][49,505]flash_mla,MLA:sparse:decode,is_fp8:1,topk:2048,batch_size:49,seqlen_q:8,seqlen_k:[489,403,439,505,495,316,437,368,371,403,387,469,425,385,405,399,472,365,397,324,252,419,432,331,505,286,380,366,474,470,387,401,322,253,356,387,455,453,353,358,311,288,270,500,345,350,299,426,276],num_heads:64,num_heads_kv:1,head_dim:576,head_dim_v:512,causal:0,dtype:bf16.
flash_mla:[D][80,505]flash_mla,MLA:sparse:decode,is_fp8:1,topk:2048,batch_size:80,seqlen_q:8,seqlen_k:[489,403,439,505,495,316,437,368,371,403,387,469,425,385,405,399,472,365,397,324,252,419,432,331,505,286,380,366,474,470,387,401,322,253,356,387,455,453,353,358,311,288,270,500,345,350,299,426,276,364,321,402,345,303,376,404,382,397,338,355,335,355,326,269,389,352,275,407,320,381,423,386,449,300,403,334,323,341,358,381],num_heads:64,num_heads_kv:1,head_dim:576,head_dim_v:512,causal:0,dtype:bf16.
flash_mla:[D][131,505]flash_mla,MLA:sparse:decode,is_fp8:1,topk:2048,batch_size:131,seqlen_q:8,seqlen_k:[489,403,439,505,495,316,437,368,371,403,387,469,425,385,405,399,472,365,397,324,252,419,432,331,505,286,380,366,474,470,387,401,322,253,356,387,455,453,353,358,311,288,270,500,345,350,299,426,276,364,321,402,345,303,376,404,382,397,338,355,335,355,326,269,389,352,275,407,320,381,423,386,449,300,403,334,323,341,358,381,304,434,407,281,471,497,452,366,310,444,352,455,391,439,400,422,378,490,385,403,496,293,297,439,304,500,351,330,499,471,495,435,323,498,361,428,437,368,416,436,401,308,396,461,334,368,350,494,420,403,329],num_heads:64,num_heads_kv:1,head_dim:576,head_dim_v:512,causal:0,dtype:bf16.
flash_mla:[D][213,505]flash_mla,MLA:sparse:decode,is_fp8:1,topk:2048,batch_size:213,seqlen_q:8,seqlen_k:[489,403,439,505,495,316,437,368,371,403,387,469,425,385,405,399,472,365,397,324,252,419,432,331,505,286,380,366,474,470,387,401,322,253,356,387,455,453,353,358,311,288,270,500,345,350,299,426,276,364,321,402,345,303,376,404,382,397,338,355,335,355,326,269,389,352,275,407,320,381,423,386,449,300,403,334,323,341,358,381,304,434,407,281,471,497,452,366,310,444,352,455,391,439,400,422,378,490,385,403,496,293,297,439,304,500,351,330,499,471,495,435,323,498,361,428,437,368,416,436,401,308,396,461,334,368,350,494,420,403,329,411,335,380,337,420,414,364,402,309,284,405,388,418,505,437,320,448,295,348,373,485,331,325,371,336,448,309,305,350,346,499,437,383,300,431,314,280,452,397,436,398,431,336,312,420,327,334,349,379,355,291,337,252,417,277,308,381,331,475,296,394,375,304,410,367,426,429,505,462,354,362,447,419,418,276,376,331,395,371,435,397,427],num_heads:64,num_heads_kv:1,head_dim:576,head_dim_v:512,causal:0,dtype:bf16.
flash_mla:[D][346,505]flash_mla,MLA:sparse:decode,is_fp8:1,topk:2048,batch_size:346,seqlen_q:8,seqlen_k:[489,403,439,505,495,316,437,368,371,403,387,469,425,385,405,399,472,365,397,324,252,419,432,331,505,286,380,366,474,470,387,401,322,253,356,387,455,453,353,358,311,288,270,500,345,350,299,426,276,364,321,402,345,303,376,404,382,397,338,355,335,355,326,269,389,352,275,407,320,381,423,386,449,300,403,334,323,341,358,381,304,434,407,281,471,497,452,366,310,444,352,455,391,439,400,422,378,490,385,403,496,293,297,439,304,500,351,330,499,471,495,435,323,498,361,428,437,368,416,436,401,308,396,461,334,368,350,494,420,403,329,411,335,380,337,420,414,364,402,309,284,405,388,418,505,437,320,448,295,348,373,485,331,325,371,336,448,309,305,350,346,499,437,383,300,431,314,280,452,397,436,398,431,336,312,420,327,334,349,379,355,291,337,252,417,277,308,381,331,475,296,394,375,304,410,367,426,429,505,462,354,362,447,419,418,276,376,331,395,371,435,397,427,348,318,352,376,401,505,375,317,356,348,408,280,381,387,392,340,363,288,346,343,404,305,427,472,252,404,420,337,352,369,359,358,272,450,446,326,285,410,341,386,357,421,421,332,290,278,416,303,346,340,374,256,389,411,383,358,384,403,252,501,402,336,353,409,370,252,505,371,442,334,474,396,416,312,454,421,460,338,347,505,311,369,449,384,414,352,401,295,482,370,335,419,348,293,293,421,367,369,445,307,331,353,383,375,359,374,371,332,326,395,321,305,358,368,505,333,437,425,303,426,303,252,416,267,406,334,482,445,349,334,301,350,360],num_heads:64,num_heads_kv:1,head_dim:576,head_dim_v:512,causal:0,dtype:bf16.
flash_mla:[D][563,505]flash_mla,MLA:sparse:decode,is_fp8:1,topk:2048,batch_size:563,seqlen_q:8,seqlen_k:[489,403,439,505,495,316,437,368,371,403,387,469,425,385,405,399,472,365,397,324,252,419,432,331,505,286,380,366,474,470,387,401,322,253,356,387,455,453,353,358,311,288,270,500,345,350,299,426,276,364,321,402,345,303,376,404,382,397,338,355,335,355,326,269,389,352,275,407,320,381,423,386,449,300,403,334,323,341,358,381,304,434,407,281,471,497,452,366,310,444,352,455,391,439,400,422,378,490,385,403,496,293,297,439,304,500,351,330,499,471,495,435,323,498,361,428,437,368,416,436,401,308,396,461,334,368,350,494,420,403,329,411,335,380,337,420,414,364,402,309,284,405,388,418,505,437,320,448,295,348,373,485,331,325,371,336,448,309,305,350,346,499,437,383,300,431,314,280,452,397,436,398,431,336,312,420,327,334,349,379,355,291,337,252,417,277,308,381,331,475,296,394,375,304,410,367,426,429,505,462,354,362,447,419,418,276,376,331,395,371,435,397,427,348,318,352,376,401,505,375,317,356,348,408,280,381,387,392,340,363,288,346,343,404,305,427,472,252,404,420,337,352,369,359,358,272,450,446,326,285,410,341,386,357,421,421,332,290,278,416,303,346,340,374,256,389,411,383,358,384,403,252,501,402,336,353,409,370,252,505,371,442,334,474,396,416,312,454,421,460,338,347,505,311,369,449,384,414,352,401,295,482,370,335,419,348,293,293,421,367,369,445,307,331,353,383,375,359,374,371,332,326,395,321,305,358,368,505,333,437,425,303,426,303,252,416,267,406,334,482,445,349,334,301,350,360,355,387,414,400,329,287,463,334,336,345,261,347,347,417,422,378,436,399,377,388,365,353,361,306,395,315,431,362,381,409,418,279,364,433,271,402,252,313,380,273,315,285,481,388,413,363,355,276,359,330,432,449,470,431,340,307,426,400,266,400,429,381,366,327,286,428,358,363,487,421,401,386,473,486,436,414,252,385,369,383,437,252,342,395,348,288,432,395,316,397,429,378,428,382,353,304,372,390,433,370,406,317,328,371,311,429,407,395,399,505,348,252,390,374,345,316,350,389,346,505,317,328,252,393,252,344,360,333,487,440,461,322,449,409,426,442,320,351,432,252,473,412,375,391,313,355,447,459,505,373,336,345,313,373,402,375,447,363,356,341,275,279,303,459,434,464,294,253,336,389,409,444,395,487,363,320,272,321,393,322,437,466,252,432,252,403,455,382,297,341,361,366,365,371,391,301,362,473,353,350,445,252,452,338,388,384,437,361,335,459,252,379,293,330,504,375,390],num_heads:64,num_heads_kv:1,head_dim:576,head_dim_v:512,causal:0,dtype:bf16.
flash_mla:[D][917,505]flash_mla,MLA:sparse:decode,is_fp8:1,topk:2048,batch_size:917,seqlen_q:8,seqlen_k:[489,403,439,505,495,316,437,368,371,403,387,469,425,385,405,399,472,365,397,324,252,419,432,331,505,286,380,366,474,470,387,401,322,253,356,387,455,453,353,358,311,288,270,500,345,350,299,426,276,364,321,402,345,303,376,404,382,397,338,355,335,355,326,269,389,352,275,407,320,381,423,386,449,300,403,334,323,341,358,381,304,434,407,281,471,497,452,366,310,444,352,455,391,439,400,422,378,490,385,403,496,293,297,439,304,500,351,330,499,471,495,435,323,498,361,428,437,368,416,436,401,308,396,461,334,368,350,494,420,403,329,411,335,380,337,420,414,364,402,309,284,405,388,418,505,437,320,448,295,348,373,485,331,325,371,336,448,309,305,350,346,499,437,383,300,431,314,280,452,397,436,398,431,336,312,420,327,334,349,379,355,291,337,252,417,277,308,381,331,475,296,394,375,304,410,367,426,429,505,462,354,362,447,419,418,276,376,331,395,371,435,397,427,348,318,352,376,401,505,375,317,356,348,408,280,381,387,392,340,363,288,346,343,404,305,427,472,252,404,420,337,352,369,359,358,272,450,446,326,285,410,341,386,357,421,421,332,290,278,416,303,346,340,374,256,389,411,383,358,384,403,252,501,402,336,353,409,370,252,505,371,442,334,474,396,416,312,454,421,460,338,347,505,311,369,449,384,414,352,401,295,482,370,335,419,348,293,293,421,367,369,445,307,331,353,383,375,359,374,371,332,326,395,321,305,358,368,505,333,437,425,303,426,303,252,416,267,406,334,482,445,349,334,301,350,360,355,387,414,400,329,287,463,334,336,345,261,347,347,417,422,378,436,399,377,388,365,353,361,306,395,315,431,362,381,409,418,279,364,433,271,402,252,313,380,273,315,285,481,388,413,363,355,276,359,330,432,449,470,431,340,307,426,400,266,400,429,381,366,327,286,428,358,363,487,421,401,386,473,486,436,414,252,385,369,383,437,252,342,395,348,288,432,395,316,397,429,378,428,382,353,304,372,390,433,370,406,317,328,371,311,429,407,395,399,505,348,252,390,374,345,316,350,389,346,505,317,328,252,393,252,344,360,333,487,440,461,322,449,409,426,442,320,351,432,252,473,412,375,391,313,355,447,459,505,373,336,345,313,373,402,375,447,363,356,341,275,279,303,459,434,464,294,253,336,389,409,444,395,487,363,320,272,321,393,322,437,466,252,432,252,403,455,382,297,341,361,366,365,371,391,301,362,473,353,350,445,252,452,338,388,384,437,361,335,459,252,379,293,330,504,375,390,265,332,390,400,416,378,411,406,262,380,426,415,355,327,307,369,449,255,336,306,427,343,348,364,406,353,252,412,405,364,309,400,401,348,364,319,366,280,404,318,393,289,340,371,273,385,354,268,295,416,434,369,403,392,398,459,283,420,353,363,358,354,300,389,483,374,377,334,370,407,354,349,403,320,393,429,463,372,464,443,315,301,358,442,373,340,475,396,252,397,410,392,406,373,294,354,318,319,298,406,384,349,337,376,445,252,401,343,259,255,320,391,402,318,442,467,402,340,448,425,432,336,252,505,276,375,505,398,437,283,266,344,446,356,327,390,446,286,301,328,446,392,505,436,375,457,391,333,420,334,359,461,371,327,348,442,343,353,345,389,353,277,322,319,456,429,414,346,326,346,311,505,252,413,297,371,315,303,306,488,369,329,413,378,423,263,397,426,273,406,484,377,429,420,333,380,279,349,394,423,379,423,308,371,379,494,364,346,379,320,390,355,265,374,357,275,373,471,410,416,293,408,387,411,404,292,375,330,374,321,460,323,321,382,310,351,325,466,427,374,353,437,403,409,376,271,370,344,418,441,336,407,487,335,483,324,379,377,378,325,340,335,398,398,505,464,345,398,440,379,373,381,432,324,357,407,397,393,354,439,505,403,365,425,344,330,380,252,305,356,292,312,350,274,352,344,379,450,388,379,384,392,313,370,397,291,432,446,338,362,322,422,311,363,323,381,264,461,317,381,364,329,322,436,344,395,327,337,407,436,366,288,503,324,280,505,352,285,334,401,389,324,492,345,303,438,461,326,289,442,252,300,438,374],num_heads:64,num_heads_kv:1,head_dim:576,head_dim_v:512,causal:0,dtype:bf16.
flash_mla:[D][1492,505]flash_mla,MLA:sparse:decode,is_fp8:1,topk:2048,batch_size:1492,seqlen_q:8,seqlen_k:[489,403,439,505,495,316,437,368,371,403,387,469,425,385,405,399,472,365,397,324,252,419,432,331,505,286,380,366,474,470,387,401,322,253,356,387,455,453,353,358,311,288,270,500,345,350,299,426,276,364,321,402,345,303,376,404,382,397,338,355,335,355,326,269,389,352,275,407,320,381,423,386,449,300,403,334,323,341,358,381,304,434,407,281,471,497,452,366,310,444,352,455,391,439,400,422,378,490,385,403,496,293,297,439,304,500,351,330,499,471,495,435,323,498,361,428,437,368,416,436,401,308,396,461,334,368,350,494,420,403,329,411,335,380,337,420,414,364,402,309,284,405,388,418,505,437,320,448,295,348,373,485,331,325,371,336,448,309,305,350,346,499,437,383,300,431,314,280,452,397,436,398,431,336,312,420,327,334,349,379,355,291,337,252,417,277,308,381,331,475,296,394,375,304,410,367,426,429,505,462,354,362,447,419,418,276,376,331,395,371,435,397,427,348,318,352,376,401,505,375,317,356,348,408,280,381,387,392,340,363,288,346,343,404,305,427,472,252,404,420,337,352,369,359,358,272,450,446,326,285,410,341,386,357,421,421,332,290,278,416,303,346,340,374,256,389,411,383,358,384,403,252,501,402,336,353,409,370,252,505,371,442,334,474,396,416,312,454,421,460,338,347,505,311,369,449,384,414,352,401,295,482,370,335,419,348,293,293,421,367,369,445,307,331,353,383,375,359,374,371,332,326,395,321,305,358,368,505,333,437,425,303,426,303,252,416,267,406,334,482,445,349,334,301,350,360,355,387,414,400,329,287,463,334,336,345,261,347,347,417,422,378,436,399,377,388,365,353,361,306,395,315,431,362,381,409,418,279,364,433,271,402,252,313,380,273,315,285,481,388,413,363,355,276,359,330,432,449,470,431,340,307,426,400,266,400,429,381,366,327,286,428,358,363,487,421,401,386,473,486,436,414,252,385,369,383,437,252,342,395,348,288,432,395,316,397,429,378,428,382,353,304,372,390,433,370,406,317,328,371,311,429,407,395,399,505,348,252,390,374,345,316,350,389,346,505,317,328,252,393,252,344,360,333,487,440,461,322,449,409,426,442,320,351,432,252,473,412,375,391,313,355,447,459,505,373,336,345,313,373,402,375,447,363,356,341,275,279,303,459,434,464,294,253,336,389,409,444,395,487,363,320,272,321,393,322,437,466,252,432,252,403,455,382,297,341,361,366,365,371,391,301,362,473,353,350,445,252,452,338,388,384,437,361,335,459,252,379,293,330,504,375,390,265,332,390,400,416,378,411,406,262,380,426,415,355,327,307,369,449,255,336,306,427,343,348,364,406,353,252,412,405,364,309,400,401,348,364,319,366,280,404,318,393,289,340,371,273,385,354,268,295,416,434,369,403,392,398,459,283,420,353,363,358,354,300,389,483,374,377,334,370,407,354,349,403,320,393,429,463,372,464,443,315,301,358,442,373,340,475,396,252,397,410,392,406,373,294,354,318,319,298,406,384,349,337,376,445,252,401,343,259,255,320,391,402,318,442,467,402,340,448,425,432,336,252,505,276,375,505,398,437,283,266,344,446,356,327,390,446,286,301,328,446,392,505,436,375,457,391,333,420,334,359,461,371,327,348,442,343,353,345,389,353,277,322,319,456,429,414,346,326,346,311,505,252,413,297,371,315,303,306,488,369,329,413,378,423,263,397,426,273,406,484,377,429,420,333,380,279,349,394,423,379,423,308,371,379,494,364,346,379,320,390,355,265,374,357,275,373,471,410,416,293,408,387,411,404,292,375,330,374,321,460,323,321,382,310,351,325,466,427,374,353,437,403,409,376,271,370,344,418,441,336,407,487,335,483,324,379,377,378,325,340,335,398,398,505,464,345,398,440,379,373,381,432,324,357,407,397,393,354,439,505,403,365,425,344,330,380,252,305,356,292,312,350,274,352,344,379,450,388,379,384,392,313,370,397,291,432,446,338,362,322,422,311,363,323,381,264,461,317,381,364,329,322,436,344,395,327,337,407,436,366,288,503,324,280,505,352,285,334,401,389,324,492,345,303,438,461,326,289,442,252,300,438,374,361,400,368,296,458,461,390,380,505,360,361,400,470,478,361,397,291,358,325,314,483,328,344,401,459,408,505,373,394,395,468,409,370,318,393,466,352,411,393,432,327,505,297,354,437,396,430,346,373,378,476,421,428,336,439,392,465,504,358,352,323,368,353,400,368,355,445,318,405,352,423,465,358,405,389,327,393,396,404,365,383,305,355,413,434,351,384,392,390,412,263,374,393,314,483,388,476,328,320,392,272,391,384,441,422,351,308,485,328,312,309,448,345,330,386,364,335,425,445,440,426,403,266,483,397,416,448,468,404,405,340,380,324,332,321,368,444,505,389,293,457,359,336,391,299,392,372,384,402,382,379,395,404,313,287,374,287,383,437,416,311,323,398,352,358,415,315,352,327,312,324,420,381,322,363,274,331,505,372,424,373,399,419,308,376,477,327,342,358,394,411,457,409,374,457,422,283,505,489,367,401,461,367,424,447,314,340,436,407,436,369,359,252,305,380,429,411,369,360,391,382,466,387,284,297,473,304,426,361,367,369,454,365,375,281,391,411,393,466,381,396,481,280,349,467,436,420,430,398,480,401,393,388,390,305,426,369,492,373,404,393,338,440,498,377,359,355,258,366,393,444,438,351,360,448,367,345,465,443,379,340,252,415,321,254,477,418,306,301,432,322,459,416,411,403,390,433,349,383,425,413,302,346,393,352,489,353,367,426,398,368,330,396,443,408,328,487,286,278,438,392,343,308,505,385,411,398,405,412,424,354,359,268,328,395,443,415,356,298,252,450,340,349,386,289,355,505,409,400,278,505,288,499,252,466,479,326,404,412,326,286,294,412,372,342,438,410,330,302,410,344,384,477,409,323,388,317,479,342,391,397,388,254,286,349,398,369,317,293,352,348,410,357,415,340,361,356,328,417,326,345,373,296,357,333,353,374,327,364,460,376,450,399,426,329,384,386,339,326,284,472,316,462,348,323,417,338,413,357,408,317,430,408,320,505,412,505,478,366,352,352,262,334,393,474,329,433,299,341,349,401,406,438,426,393,402,478,345,426,264,403,347,378,443,388,433,470,402,451,357,377,345,443,404,346,387,443,375,318,386,253,426,351,348,433,291,500,347,345,442,422,505,364,370,284,357,332,349,268,482,288,252,303,339,305,447,369,379,416,396,439,308,343,419,252,291,409,347,436,428,302,403,453,387,316,433,418,412,423,252,433,491,405,390,421,399,419,378,329,314,315,291,310,488,425,338,353,385,336,382,426,375,399,433,360,395,358,376,357,344,388,413,387,409,331,302,404,421,381,462,435,505,365,315,331],num_heads:64,num_heads_kv:1,head_dim:576,head_dim_v:512,causal:0,dtype:bf16.
flash_mla:[D][1,1237]flash_mla,MLA:sparse:decode,is_fp8:1,topk:2048,batch_size:1,seqlen_q:8,seqlen_k:[1237],num_heads:64,num_heads_kv:1,head_dim:576,head_dim_v:512,causal:0,dtype:bf16.
flash_mla:[D][2,1237]flash_mla,MLA:sparse:decode,is_fp8:1,topk:2048,batch_size:2,seqlen_q:8,seqlen_k:[1237,1020],num_heads:64,num_heads_kv:1,head_dim:576,head_dim_v:512,causal:0,dtype:bf16.
flash_mla:[D][3,1237]flash_mla,MLA:sparse:decode,is_fp8:1,topk:2048,batch_size:3,seqlen_q:8,seqlen_k:[1237,1020,1112],num_heads:64,num_heads_kv:1,head_dim:576,head_dim_v:512,causal:0,dtype:bf16.
flash_mla:[D][4,1276]flash_mla,MLA:sparse:decode,is_fp8:1,topk:2048,batch_size:4,seqlen_q:8,seqlen_k:[1237,1020,1112,1276],num_heads:64,num_heads_kv:1,head_dim:576,head_dim_v:512,causal:0,dtype:bf16.
flash_mla:[D][7,1276]flash_mla,MLA:sparse:decode,is_fp8:1,topk:2048,batch_size:7,seqlen_q:8,seqlen_k:[1237,1020,1112,1276,1253,801,1108],num_heads:64,num_heads_kv:1,head_dim:576,head_dim_v:512,causal:0,dtype:bf16.
flash_mla:[D][11,1276]flash_mla,MLA:sparse:decode,is_fp8:1,topk:2048,batch_size:11,seqlen_q:8,seqlen_k:[1237,1020,1112,1276,1253,801,1108,932,940,1022,979],num_heads:64,num_heads_kv:1,head_dim:576,head_dim_v:512,causal:0,dtype:bf16.
flash_mla:[D][19,1276]flash_mla,MLA:sparse:decode,is_fp8:1,topk:2048,batch_size:19,seqlen_q:8,seqlen_k:[1237,1020,1112,1276,1253,801,1108,932,940,1022,979,1188,1078,976,1027,1010,1194,924,1006],num_heads:64,num_heads_kv:1,head_dim:576,head_dim_v:512,causal:0,dtype:bf16.
flash_mla:[D][30,1276]flash_mla,MLA:sparse:decode,is_fp8:1,topk:2048,batch_size:30,seqlen_q:8,seqlen_k:[1237,1020,1112,1276,1253,801,1108,932,940,1022,979,1188,1078,976,1027,1010,1194,924,1006,821,638,1060,1094,838,1276,725,964,927,1200,1190],num_heads:64,num_heads_kv:1,head_dim:576,head_dim_v:512,causal:0,dtype:bf16.
flash_mla:[D][49,1276]flash_mla,MLA:sparse:decode,is_fp8:1,topk:2048,batch_size:49,seqlen_q:8,seqlen_k:[1237,1020,1112,1276,1253,801,1108,932,940,1022,979,1188,1078,976,1027,1010,1194,924,1006,821,638,1060,1094,838,1276,725,964,927,1200,1190,981,1017,815,642,901,981,1152,1148,895,908,790,731,685,1267,875,887,757,1080,700],num_heads:64,num_heads_kv:1,head_dim:576,head_dim_v:512,causal:0,dtype:bf16.
flash_mla:[D][80,1276]flash_mla,MLA:sparse:decode,is_fp8:1,topk:2048,batch_size:80,seqlen_q:8,seqlen_k:[1237,1020,1112,1276,1253,801,1108,932,940,1022,979,1188,1078,976,1027,1010,1194,924,1006,821,638,1060,1094,838,1276,725,964,927,1200,1190,981,1017,815,642,901,981,1152,1148,895,908,790,731,685,1267,875,887,757,1080,700,923,814,1018,875,769,952,1025,967,1005,856,899,850,899,827,682,985,893,697,1030,812,965,1072,977,1138,760,1020,848,818,864,907,965],num_heads:64,num_heads_kv:1,head_dim:576,head_dim_v:512,causal:0,dtype:bf16.
flash_mla:[D][131,1276]flash_mla,MLA:sparse:decode,is_fp8:1,topk:2048,batch_size:131,seqlen_q:8,seqlen_k:[1237,1020,1112,1276,1253,801,1108,932,940,1022,979,1188,1078,976,1027,1010,1194,924,1006,821,638,1060,1094,838,1276,725,964,927,1200,1190,981,1017,815,642,901,981,1152,1148,895,908,790,731,685,1267,875,887,757,1080,700,923,814,1018,875,769,952,1025,967,1005,856,899,850,899,827,682,985,893,697,1030,812,965,1072,977,1138,760,1020,848,818,864,907,965,771,1100,1031,712,1193,1258,1144,928,786,1124,892,1151,990,1112,1013,1069,958,1240,977,1020,1256,742,754,1111,770,1266,891,838,1262,1192,1253,1101,820,1260,914,1084,1107,932,1054,1103,1016,782,1004,1167,846,933,887,1251,1063,1021,834],num_heads:64,num_heads_kv:1,head_dim:576,head_dim_v:512,causal:0,dtype:bf16.
flash_mla:[D][213,1276]flash_mla,MLA:sparse:decode,is_fp8:1,topk:2048,batch_size:213,seqlen_q:8,seqlen_k:[1237,1020,1112,1276,1253,801,1108,932,940,1022,979,1188,1078,976,1027,1010,1194,924,1006,821,638,1060,1094,838,1276,725,964,927,1200,1190,981,1017,815,642,901,981,1152,1148,895,908,790,731,685,1267,875,887,757,1080,700,923,814,1018,875,769,952,1025,967,1005,856,899,850,899,827,682,985,893,697,1030,812,965,1072,977,1138,760,1020,848,818,864,907,965,771,1100,1031,712,1193,1258,1144,928,786,1124,892,1151,990,1112,1013,1069,958,1240,977,1020,1256,742,754,1111,770,1266,891,838,1262,1192,1253,1101,820,1260,914,1084,1107,932,1054,1103,1016,782,1004,1167,846,933,887,1251,1063,1021,834,1042,849,962,855,1064,1048,923,1019,783,719,1026,983,1057,1276,1107,811,1134,747,883,946,1229,838,825,941,851,1136,785,774,887,877,1263,1107,970,762,1091,797,711,1145,1007,1103,1007,1093,853,792,1065,829,847,884,959,900,738,854,638,1056,702,781,965,839,1202,751,999,950,771,1040,929,1079,1087,1276,1169,898,918,1131,1061,1058,699,953,839,1001,941,1101,1007,1082],num_heads:64,num_heads_kv:1,head_dim:576,head_dim_v:512,causal:0,dtype:bf16.
flash_mla:[D][346,1276]flash_mla,MLA:sparse:decode,is_fp8:1,topk:2048,batch_size:346,seqlen_q:8,seqlen_k:[1237,1020,1112,1276,1253,801,1108,932,940,1022,979,1188,1078,976,1027,1010,1194,924,1006,821,638,1060,1094,838,1276,725,964,927,1200,1190,981,1017,815,642,901,981,1152,1148,895,908,790,731,685,1267,875,887,757,1080,700,923,814,1018,875,769,952,1025,967,1005,856,899,850,899,827,682,985,893,697,1030,812,965,1072,977,1138,760,1020,848,818,864,907,965,771,1100,1031,712,1193,1258,1144,928,786,1124,892,1151,990,1112,1013,1069,958,1240,977,1020,1256,742,754,1111,770,1266,891,838,1262,1192,1253,1101,820,1260,914,1084,1107,932,1054,1103,1016,782,1004,1167,846,933,887,1251,1063,1021,834,1042,849,962,855,1064,1048,923,1019,783,719,1026,983,1057,1276,1107,811,1134,747,883,946,1229,838,825,941,851,1136,785,774,887,877,1263,1107,970,762,1091,797,711,1145,1007,1103,1007,1093,853,792,1065,829,847,884,959,900,738,854,638,1056,702,781,965,839,1202,751,999,950,771,1040,929,1079,1087,1276,1169,898,918,1131,1061,1058,699,953,839,1001,941,1101,1007,1082,882,806,891,954,1017,1276,950,805,901,883,1033,712,967,981,993,862,919,730,878,870,1023,773,1081,1194,638,1024,1064,855,893,935,909,907,690,1140,1128,827,723,1039,865,979,906,1066,1067,841,737,705,1054,767,876,862,948,649,987,1040,971,907,972,1020,638,1267,1019,853,894,1035,938,638,1276,939,1119,846,1201,1002,1053,790,1149,1066,1163,857,880,1276,788,935,1137,972,1049,893,1015,749,1220,938,848,1062,883,744,742,1067,931,935,1128,777,840,895,972,950,911,947,939,842,827,1000,815,772,907,931,1276,844,1106,1075,767,1079,768,638,1053,677,1028,848,1220,1126,884,847,763,886,912],num_heads:64,num_heads_kv:1,head_dim:576,head_dim_v:512,causal:0,dtype:bf16.
flash_mla:[D][563,1276]flash_mla,MLA:sparse:decode,is_fp8:1,topk:2048,batch_size:563,seqlen_q:8,seqlen_k:[1237,1020,1112,1276,1253,801,1108,932,940,1022,979,1188,1078,976,1027,1010,1194,924,1006,821,638,1060,1094,838,1276,725,964,927,1200,1190,981,1017,815,642,901,981,1152,1148,895,908,790,731,685,1267,875,887,757,1080,700,923,814,1018,875,769,952,1025,967,1005,856,899,850,899,827,682,985,893,697,1030,812,965,1072,977,1138,760,1020,848,818,864,907,965,771,1100,1031,712,1193,1258,1144,928,786,1124,892,1151,990,1112,1013,1069,958,1240,977,1020,1256,742,754,1111,770,1266,891,838,1262,1192,1253,1101,820,1260,914,1084,1107,932,1054,1103,1016,782,1004,1167,846,933,887,1251,1063,1021,834,1042,849,962,855,1064,1048,923,1019,783,719,1026,983,1057,1276,1107,811,1134,747,883,946,1229,838,825,941,851,1136,785,774,887,877,1263,1107,970,762,1091,797,711,1145,1007,1103,1007,1093,853,792,1065,829,847,884,959,900,738,854,638,1056,702,781,965,839,1202,751,999,950,771,1040,929,1079,1087,1276,1169,898,918,1131,1061,1058,699,953,839,1001,941,1101,1007,1082,882,806,891,954,1017,1276,950,805,901,883,1033,712,967,981,993,862,919,730,878,870,1023,773,1081,1194,638,1024,1064,855,893,935,909,907,690,1140,1128,827,723,1039,865,979,906,1066,1067,841,737,705,1054,767,876,862,948,649,987,1040,971,907,972,1020,638,1267,1019,853,894,1035,938,638,1276,939,1119,846,1201,1002,1053,790,1149,1066,1163,857,880,1276,788,935,1137,972,1049,893,1015,749,1220,938,848,1062,883,744,742,1067,931,935,1128,777,840,895,972,950,911,947,939,842,827,1000,815,772,907,931,1276,844,1106,1075,767,1079,768,638,1053,677,1028,848,1220,1126,884,847,763,886,912,899,981,1048,1012,835,728,1173,847,853,874,663,881,880,1055,1068,957,1105,1011,954,982,926,894,914,777,1001,799,1090,917,964,1035,1059,707,924,1096,687,1018,638,794,963,693,800,722,1219,983,1047,921,900,699,910,835,1093,1138,1190,1092,861,779,1078,1013,675,1013,1086,966,927,828,727,1084,907,919,1232,1065,1015,979,1198,1230,1104,1049,638,976,936,971,1106,638,866,999,882,731,1095,1001,802,1007,1087,957,1084,969,894,772,943,987,1096,938,1029,803,832,939,789,1087,1030,1001,1010,1276,882,638,988,948,874,801,887,985,877,1276,804,830,638,996,638,871,913,844,1233,1115,1166,816,1136,1035,1079,1120,812,889,1094,638,1197,1044,949,992,793,901,1131,1163,1276,945,852,875,795,944,1017,951,1131,919,901,864,697,707,769,1163,1099,1175,745,643,852,984,1036,1123,1002,1234,921,811,689,815,995,815,1105,1181,638,1094,638,1020,1151,967,753,863,915,928,924,939,990,764,918,1198,895,886,1128,638,1144,856,983,972,1106,914,849,1163,638,960,742,835,1276,949,988],num_heads:64,num_heads_kv:1,head_dim:576,head_dim_v:512,causal:0,dtype:bf16.
flash_mla:[D][917,1276]flash_mla,MLA:sparse:decode,is_fp8:1,topk:2048,batch_size:917,seqlen_q:8,seqlen_k:[1237,1020,1112,1276,1253,801,1108,932,940,1022,979,1188,1078,976,1027,1010,1194,924,1006,821,638,1060,1094,838,1276,725,964,927,1200,1190,981,1017,815,642,901,981,1152,1148,895,908,790,731,685,1267,875,887,757,1080,700,923,814,1018,875,769,952,1025,967,1005,856,899,850,899,827,682,985,893,697,1030,812,965,1072,977,1138,760,1020,848,818,864,907,965,771,1100,1031,712,1193,1258,1144,928,786,1124,892,1151,990,1112,1013,1069,958,1240,977,1020,1256,742,754,1111,770,1266,891,838,1262,1192,1253,1101,820,1260,914,1084,1107,932,1054,1103,1016,782,1004,1167,846,933,887,1251,1063,1021,834,1042,849,962,855,1064,1048,923,1019,783,719,1026,983,1057,1276,1107,811,1134,747,883,946,1229,838,825,941,851,1136,785,774,887,877,1263,1107,970,762,1091,797,711,1145,1007,1103,1007,1093,853,792,1065,829,847,884,959,900,738,854,638,1056,702,781,965,839,1202,751,999,950,771,1040,929,1079,1087,1276,1169,898,918,1131,1061,1058,699,953,839,1001,941,1101,1007,1082,882,806,891,954,1017,1276,950,805,901,883,1033,712,967,981,993,862,919,730,878,870,1023,773,1081,1194,638,1024,1064,855,893,935,909,907,690,1140,1128,827,723,1039,865,979,906,1066,1067,841,737,705,1054,767,876,862,948,649,987,1040,971,907,972,1020,638,1267,1019,853,894,1035,938,638,1276,939,1119,846,1201,1002,1053,790,1149,1066,1163,857,880,1276,788,935,1137,972,1049,893,1015,749,1220,938,848,1062,883,744,742,1067,931,935,1128,777,840,895,972,950,911,947,939,842,827,1000,815,772,907,931,1276,844,1106,1075,767,1079,768,638,1053,677,1028,848,1220,1126,884,847,763,886,912,899,981,1048,1012,835,728,1173,847,853,874,663,881,880,1055,1068,957,1105,1011,954,982,926,894,914,777,1001,799,1090,917,964,1035,1059,707,924,1096,687,1018,638,794,963,693,800,722,1219,983,1047,921,900,699,910,835,1093,1138,1190,1092,861,779,1078,1013,675,1013,1086,966,927,828,727,1084,907,919,1232,1065,1015,979,1198,1230,1104,1049,638,976,936,971,1106,638,866,999,882,731,1095,1001,802,1007,1087,957,1084,969,894,772,943,987,1096,938,1029,803,832,939,789,1087,1030,1001,1010,1276,882,638,988,948,874,801,887,985,877,1276,804,830,638,996,638,871,913,844,1233,1115,1166,816,1136,1035,1079,1120,812,889,1094,638,1197,1044,949,992,793,901,1131,1163,1276,945,852,875,795,944,1017,951,1131,919,901,864,697,707,769,1163,1099,1175,745,643,852,984,1036,1123,1002,1234,921,811,689,815,995,815,1105,1181,638,1094,638,1020,1151,967,753,863,915,928,924,939,990,764,918,1198,895,886,1128,638,1144,856,983,972,1106,914,849,1163,638,960,742,835,1276,949,988,673,841,988,1013,1055,958,1040,1029,666,962,1079,1050,899,828,779,936,1137,646,852,775,1081,868,882,922,1027,894,638,1043,1026,922,784,1012,1017,882,922,809,928,710,1023,806,994,733,863,939,692,975,896,679,749,1053,1099,936,1021,992,1009,1161,717,1064,896,921,908,897,762,986,1222,948,956,847,938,1031,898,884,1021,811,997,1087,1173,942,1174,1121,798,763,908,1120,945,861,1203,1002,638,1007,1039,992,1028,946,747,898,806,808,756,1028,972,885,853,953,1128,638,1016,870,657,647,811,991,1019,807,1118,1183,1019,862,1135,1077,1094,852,638,1276,700,951,1276,1009,1107,718,674,872,1130,901,830,988,1129,727,764,831,1131,994,1276,1105,951,1158,990,844,1065,846,910,1168,940,829,883,1119,869,895,875,986,895,702,815,808,1154,1086,1050,876,827,876,789,1276,638,1046,752,940,799,769,775,1236,935,835,1045,958,1071,666,1005,1079,692,1028,1226,954,1087,1063,844,963,707,885,999,1071,960,1071,781,940,960,1251,922,877,960,810,987,898,672,947,906,697,946,1193,1039,1054,743,1032,980,1041,1024,740,950,836,949,814,1165,820,814,968,785,889,825,1181,1081,947,894,1106,1021,1036,952,688,939,872,1059,1117,852,1031,1233,850,1224,821,960,955,958,823,863,850,1008,1009,1276,1174,875,1008,1115,961,945,965,1094,822,905,1031,1006,995,898,1111,1276,1021,926,1077,871,837,962,638,773,901,741,792,887,695,892,871,961,1140,984,960,972,993,795,938,1006,739,1094,1128,856,918,817,1068,788,921,820,965,671,1167,803,966,923,835,815,1105,873,1000,829,854,1032,1104,929,730,1274,820,711,1276,892,724,848,1015,987,821,1246,874,768,1109,1168,827,734,1120,638,761,1110,948],num_heads:64,num_heads_kv:1,head_dim:576,head_dim_v:512,causal:0,dtype:bf16.
flash_mla:[D][1492,1276]flash_mla,MLA:sparse:decode,is_fp8:1,topk:2048,batch_size:1492,seqlen_q:8,seqlen_k:[1237,1020,1112,1276,1253,801,1108,932,940,1022,979,1188,1078,976,1027,1010,1194,924,1006,821,638,1060,1094,838,1276,725,964,927,1200,1190,981,1017,815,642,901,981,1152,1148,895,908,790,731,685,1267,875,887,757,1080,700,923,814,1018,875,769,952,1025,967,1005,856,899,850,899,827,682,985,893,697,1030,812,965,1072,977,1138,760,1020,848,818,864,907,965,771,1100,1031,712,1193,1258,1144,928,786,1124,892,1151,990,1112,1013,1069,958,1240,977,1020,1256,742,754,1111,770,1266,891,838,1262,1192,1253,1101,820,1260,914,1084,1107,932,1054,1103,1016,782,1004,1167,846,933,887,1251,1063,1021,834,1042,849,962,855,1064,1048,923,1019,783,719,1026,983,1057,1276,1107,811,1134,747,883,946,1229,838,825,941,851,1136,785,774,887,877,1263,1107,970,762,1091,797,711,1145,1007,1103,1007,1093,853,792,1065,829,847,884,959,900,738,854,638,1056,702,781,965,839,1202,751,999,950,771,1040,929,1079,1087,1276,1169,898,918,1131,1061,1058,699,953,839,1001,941,1101,1007,1082,882,806,891,954,1017,1276,950,805,901,883,1033,712,967,981,993,862,919,730,878,870,1023,773,1081,1194,638,1024,1064,855,893,935,909,907,690,1140,1128,827,723,1039,865,979,906,1066,1067,841,737,705,1054,767,876,862,948,649,987,1040,971,907,972,1020,638,1267,1019,853,894,1035,938,638,1276,939,1119,846,1201,1002,1053,790,1149,1066,1163,857,880,1276,788,935,1137,972,1049,893,1015,749,1220,938,848,1062,883,744,742,1067,931,935,1128,777,840,895,972,950,911,947,939,842,827,1000,815,772,907,931,1276,844,1106,1075,767,1079,768,638,1053,677,1028,848,1220,1126,884,847,763,886,912,899,981,1048,1012,835,728,1173,847,853,874,663,881,880,1055,1068,957,1105,1011,954,982,926,894,914,777,1001,799,1090,917,964,1035,1059,707,924,1096,687,1018,638,794,963,693,800,722,1219,983,1047,921,900,699,910,835,1093,1138,1190,1092,861,779,1078,1013,675,1013,1086,966,927,828,727,1084,907,919,1232,1065,1015,979,1198,1230,1104,1049,638,976,936,971,1106,638,866,999,882,731,1095,1001,802,1007,1087,957,1084,969,894,772,943,987,1096,938,1029,803,832,939,789,1087,1030,1001,1010,1276,882,638,988,948,874,801,887,985,877,1276,804,830,638,996,638,871,913,844,1233,1115,1166,816,1136,1035,1079,1120,812,889,1094,638,1197,1044,949,992,793,901,1131,1163,1276,945,852,875,795,944,1017,951,1131,919,901,864,697,707,769,1163,1099,1175,745,643,852,984,1036,1123,1002,1234,921,811,689,815,995,815,1105,1181,638,1094,638,1020,1151,967,753,863,915,928,924,939,990,764,918,1198,895,886,1128,638,1144,856,983,972,1106,914,849,1163,638,960,742,835,1276,949,988,673,841,988,1013,1055,958,1040,1029,666,962,1079,1050,899,828,779,936,1137,646,852,775,1081,868,882,922,1027,894,638,1043,1026,922,784,1012,1017,882,922,809,928,710,1023,806,994,733,863,939,692,975,896,679,749,1053,1099,936,1021,992,1009,1161,717,1064,896,921,908,897,762,986,1222,948,956,847,938,1031,898,884,1021,811,997,1087,1173,942,1174,1121,798,763,908,1120,945,861,1203,1002,638,1007,1039,992,1028,946,747,898,806,808,756,1028,972,885,853,953,1128,638,1016,870,657,647,811,991,1019,807,1118,1183,1019,862,1135,1077,1094,852,638,1276,700,951,1276,1009,1107,718,674,872,1130,901,830,988,1129,727,764,831,1131,994,1276,1105,951,1158,990,844,1065,846,910,1168,940,829,883,1119,869,895,875,986,895,702,815,808,1154,1086,1050,876,827,876,789,1276,638,1046,752,940,799,769,775,1236,935,835,1045,958,1071,666,1005,1079,692,1028,1226,954,1087,1063,844,963,707,885,999,1071,960,1071,781,940,960,1251,922,877,960,810,987,898,672,947,906,697,946,1193,1039,1054,743,1032,980,1041,1024,740,950,836,949,814,1165,820,814,968,785,889,825,1181,1081,947,894,1106,1021,1036,952,688,939,872,1059,1117,852,1031,1233,850,1224,821,960,955,958,823,863,850,1008,1009,1276,1174,875,1008,1115,961,945,965,1094,822,905,1031,1006,995,898,1111,1276,1021,926,1077,871,837,962,638,773,901,741,792,887,695,892,871,961,1140,984,960,972,993,795,938,1006,739,1094,1128,856,918,817,1068,788,921,820,965,671,1167,803,966,923,835,815,1105,873,1000,829,854,1032,1104,929,730,1274,820,711,1276,892,724,848,1015,987,821,1246,874,768,1109,1168,827,734,1120,638,761,1110,948,915,1013,932,750,1159,1167,989,964,1276,913,915,1014,1190,1210,915,1006,737,907,823,796,1224,831,872,1015,1163,1033,1276,945,998,1000,1185,1037,938,806,995,1179,891,1041,996,1094,829,1276,753,898,1106,1004,1088,878,945,958,1206,1066,1083,852,1111,992,1177,1276,908,892,819,934,896,1014,934,899,1126,807,1025,892,1072,1177,908,1027,985,829,995,1002,1022,925,971,774,900,1045,1098,889,973,993,989,1042,667,949,995,797,1223,982,1205,831,812,992,690,991,972,1118,1068,890,782,1229,831,790,784,1134,874,837,978,924,849,1076,1126,1113,1078,1021,674,1222,1005,1053,1134,1184,1023,1026,861,962,821,842,814,932,1123,1276,987,742,1158,909,851,990,759,992,942,972,1017,967,959,1002,1023,792,729,947,729,970,1106,1053,790,820,1009,893,906,1051,800,893,829,791,820,1064,965,817,920,696,840,1276,942,1073,946,1012,1062,781,952,1208,830,866,908,999,1040,1158,1036,947,1157,1068,719,1276,1238,930,1017,1167,929,1073,1132,795,861,1103,1030,1103,935,911,639,774,964,1088,1041,936,913,991,969,1180,980,721,754,1198,770,1078,914,930,935,1151,926,951,713,989,1041,995,1179,965,1004,1219,710,884,1183,1105,1064,1089,1009,1216,1017,995,982,987,773,1079,936,1246,944,1023,996,857,1114,1259,954,909,900,656,928,996,1124,1109,890,912,1135,929,875,1178,1121,959,862,638,1050,814,644,1208,1060,775,763,1095,817,1163,1055,1042,1021,987,1097,884,970,1076,1046,766,877,997,892,1239,894,931,1079,1009,933,836,1004,1122,1033,833,1233,726,705,1109,992,869,782,1276,975,1041,1007,1026,1042,1073,897,910,680,832,1000,1123,1052,902,756,638,1140,863,885,977,733,901,1276,1037,1014,705,1276,730,1262,638,1180,1214,825,1024,1044,827,726,747,1043,943,867,1110,1037,836,766,1040,871,972,1207,1036,819,982,805,1212,867,989,1005,982,645,727,885,1007,935,804,742,893,882,1038,905,1052,862,916,901,832,1056,827,874,945,750,905,843,895,947,829,922,1165,952,1139,1012,1080,833,973,978,859,826,720,1194,802,1171,882,819,1055,856,1047,904,1033,803,1089,1034,810,1276,1042,1276,1211,926,891,892,666,846,996,1199,834,1097,757,863,884,1016,1029,1110,1079,995,1019,1209,875,1080,669,1022,880,957,1122,983,1097,1191,1018,1143,905,955,873,1122,1022,876,981,1122,950,806,977,642,1079,890,882,1096,739,1266,880,873,1119,1069,1276,923,937,721,904,842,885,679,1221,731,638,768,860,774,1131,935,961,1054,1002,1112,780,869,1062,638,738,1036,880,1105,1085,766,1021,1148,980,801,1096,1058,1043,1070,638,1097,1244,1026,987,1067,1010,1060,957,835,797,798,738,787,1237,1076,857,894,974,852,967,1080,951,1010,1097,913,1002,907,952,905,872,984,1047,980,1036,839,765,1023,1066,964,1171,1101,1276,925,798,839],num_heads:64,num_heads_kv:1,head_dim:576,head_dim_v:512,causal:0,dtype:bf16.
flash_mla:[D][1,3126]flash_mla,MLA:sparse:decode,is_fp8:1,topk:2048,batch_size:1,seqlen_q:8,seqlen_k:[3126],num_heads:64,num_heads_kv:1,head_dim:576,head_dim_v:512,causal:0,dtype:bf16.
flash_mla:[D][2,3126]flash_mla,MLA:sparse:decode,is_fp8:1,topk:2048,batch_size:2,seqlen_q:8,seqlen_k:[3126,2577],num_heads:64,num_heads_kv:1,head_dim:576,head_dim_v:512,causal:0,dtype:bf16.
flash_mla:[D][3,3126]flash_mla,MLA:sparse:decode,is_fp8:1,topk:2048,batch_size:3,seqlen_q:8,seqlen_k:[3126,2577,2810],num_heads:64,num_heads_kv:1,head_dim:576,head_dim_v:512,causal:0,dtype:bf16.
flash_mla:[D][4,3222]flash_mla,MLA:sparse:decode,is_fp8:1,topk:2048,batch_size:4,seqlen_q:8,seqlen_k:[3126,2577,2810,3222],num_heads:64,num_heads_kv:1,head_dim:576,head_dim_v:512,causal:0,dtype:bf16.
flash_mla:[D][7,3222]flash_mla,MLA:sparse:decode,is_fp8:1,topk:2048,batch_size:7,seqlen_q:8,seqlen_k:[3126,2577,2810,3222,3168,2022,2798],num_heads:64,num_heads_kv:1,head_dim:576,head_dim_v:512,causal:0,dtype:bf16.
flash_mla:[D][11,3222]flash_mla,MLA:sparse:decode,is_fp8:1,topk:2048,batch_size:11,seqlen_q:8,seqlen_k:[3126,2577,2810,3222,3168,2022,2798,2355,2374,2581,2474],num_heads:64,num_heads_kv:1,head_dim:576,head_dim_v:512,causal:0,dtype:bf16.
flash_mla:[D][19,3222]flash_mla,MLA:sparse:decode,is_fp8:1,topk:2048,batch_size:19,seqlen_q:8,seqlen_k:[3126,2577,2810,3222,3168,2022,2798,2355,2374,2581,2474,3002,2722,2465,2594,2550,3018,2333,2542],num_heads:64,num_heads_kv:1,head_dim:576,head_dim_v:512,causal:0,dtype:bf16.
flash_mla:[D][30,3222]flash_mla,MLA:sparse:decode,is_fp8:1,topk:2048,batch_size:30,seqlen_q:8,seqlen_k:[3126,2577,2810,3222,3168,2022,2798,2355,2374,2581,2474,3002,2722,2465,2594,2550,3018,2333,2542,2071,1611,2679,2764,2116,3222,1829,2434,2340,3033,3008],num_heads:64,num_heads_kv:1,head_dim:576,head_dim_v:512,causal:0,dtype:bf16.
flash_mla:[D][49,3222]flash_mla,MLA:sparse:decode,is_fp8:1,topk:2048,batch_size:49,seqlen_q:8,seqlen_k:[3126,2577,2810,3222,3168,2022,2798,2355,2374,2581,2474,3002,2722,2465,2594,2550,3018,2333,2542,2071,1611,2679,2764,2116,3222,1829,2434,2340,3033,3008,2478,2568,2058,1617,2275,2479,2911,2900,2259,2294,1993,1843,1728,3202,2210,2239,1911,2729,1765],num_heads:64,num_heads_kv:1,head_dim:576,head_dim_v:512,causal:0,dtype:bf16.
flash_mla:[D][80,3222]flash_mla,MLA:sparse:decode,is_fp8:1,topk:2048,batch_size:80,seqlen_q:8,seqlen_k:[3126,2577,2810,3222,3168,2022,2798,2355,2374,2581,2474,3002,2722,2465,2594,2550,3018,2333,2542,2071,1611,2679,2764,2116,3222,1829,2434,2340,3033,3008,2478,2568,2058,1617,2275,2479,2911,2900,2259,2294,1993,1843,1728,3202,2210,2239,1911,2729,1765,2330,2055,2571,2210,1940,2404,2588,2442,2537,2160,2269,2144,2271,2088,1720,2487,2254,1759,2602,2050,2436,2709,2467,2875,1918,2578,2140,2065,2182,2290,2438],num_heads:64,num_heads_kv:1,head_dim:576,head_dim_v:512,causal:0,dtype:bf16.
flash_mla:[D][131,3222]flash_mla,MLA:sparse:decode,is_fp8:1,topk:2048,batch_size:131,seqlen_q:8,seqlen_k:[3126,2577,2810,3222,3168,2022,2798,2355,2374,2581,2474,3002,2722,2465,2594,2550,3018,2333,2542,2071,1611,2679,2764,2116,3222,1829,2434,2340,3033,3008,2478,2568,2058,1617,2275,2479,2911,2900,2259,2294,1993,1843,1728,3202,2210,2239,1911,2729,1765,2330,2055,2571,2210,1940,2404,2588,2442,2537,2160,2269,2144,2271,2088,1720,2487,2254,1759,2602,2050,2436,2709,2467,2875,1918,2578,2140,2065,2182,2290,2438,1946,2779,2603,1796,3015,3180,2891,2343,1984,2840,2253,2908,2499,2809,2559,2700,2420,3135,2467,2578,3174,1872,1903,2806,1943,3199,2249,2114,3190,3012,3168,2781,2068,3185,2307,2739,2797,2353,2663,2787,2567,1972,2536,2950,2136,2355,2240,3161,2686,2580,2105],num_heads:64,num_heads_kv:1,head_dim:576,head_dim_v:512,causal:0,dtype:bf16.
flash_mla:[D][213,3222]flash_mla,MLA:sparse:decode,is_fp8:1,topk:2048,batch_size:213,seqlen_q:8,seqlen_k:[3126,2577,2810,3222,3168,2022,2798,2355,2374,2581,2474,3002,2722,2465,2594,2550,3018,2333,2542,2071,1611,2679,2764,2116,3222,1829,2434,2340,3033,3008,2478,2568,2058,1617,2275,2479,2911,2900,2259,2294,1993,1843,1728,3202,2210,2239,1911,2729,1765,2330,2055,2571,2210,1940,2404,2588,2442,2537,2160,2269,2144,2271,2088,1720,2487,2254,1759,2602,2050,2436,2709,2467,2875,1918,2578,2140,2065,2182,2290,2438,1946,2779,2603,1796,3015,3180,2891,2343,1984,2840,2253,2908,2499,2809,2559,2700,2420,3135,2467,2578,3174,1872,1903,2806,1943,3199,2249,2114,3190,3012,3168,2781,2068,3185,2307,2739,2797,2353,2663,2787,2567,1972,2536,2950,2136,2355,2240,3161,2686,2580,2105,2633,2144,2428,2159,2688,2648,2332,2575,1975,1815,2593,2483,2671,3222,2796,2048,2866,1885,2229,2388,3106,2115,2082,2376,2148,2870,1980,1953,2239,2215,3193,2798,2451,1922,2756,2012,1793,2894,2543,2787,2544,2761,2153,1999,2690,2092,2138,2232,2423,2273,1861,2156,1611,2667,1770,1970,2437,2117,3037,1894,2523,2400,1945,2626,2346,2727,2747,3222,2954,2267,2319,2859,2680,2673,1764,2406,2118,2528,2376,2782,2543,2732],num_heads:64,num_heads_kv:1,head_dim:576,head_dim_v:512,causal:0,dtype:bf16.
flash_mla:[D][346,3222]flash_mla,MLA:sparse:decode,is_fp8:1,topk:2048,batch_size:346,seqlen_q:8,seqlen_k:[3126,2577,2810,3222,3168,2022,2798,2355,2374,2581,2474,3002,2722,2465,2594,2550,3018,2333,2542,2071,1611,2679,2764,2116,3222,1829,2434,2340,3033,3008,2478,2568,2058,1617,2275,2479,2911,2900,2259,2294,1993,1843,1728,3202,2210,2239,1911,2729,1765,2330,2055,2571,2210,1940,2404,2588,2442,2537,2160,2269,2144,2271,2088,1720,2487,2254,1759,2602,2050,2436,2709,2467,2875,1918,2578,2140,2065,2182,2290,2438,1946,2779,2603,1796,3015,3180,2891,2343,1984,2840,2253,2908,2499,2809,2559,2700,2420,3135,2467,2578,3174,1872,1903,2806,1943,3199,2249,2114,3190,3012,3168,2781,2068,3185,2307,2739,2797,2353,2663,2787,2567,1972,2536,2950,2136,2355,2240,3161,2686,2580,2105,2633,2144,2428,2159,2688,2648,2332,2575,1975,1815,2593,2483,2671,3222,2796,2048,2866,1885,2229,2388,3106,2115,2082,2376,2148,2870,1980,1953,2239,2215,3193,2798,2451,1922,2756,2012,1793,2894,2543,2787,2544,2761,2153,1999,2690,2092,2138,2232,2423,2273,1861,2156,1611,2667,1770,1970,2437,2117,3037,1894,2523,2400,1945,2626,2346,2727,2747,3222,2954,2267,2319,2859,2680,2673,1764,2406,2118,2528,2376,2782,2543,2732,2228,2035,2250,2409,2568,3222,2398,2030,2276,2229,2610,1795,2441,2479,2509,2175,2320,1842,2217,2197,2583,1950,2730,3018,1611,2587,2688,2159,2255,2362,2295,2291,1740,2880,2851,2088,1825,2625,2183,2473,2287,2694,2695,2123,1858,1778,2661,1936,2211,2175,2394,1635,2492,2627,2451,2290,2455,2576,1611,3204,2573,2153,2258,2614,2369,1611,3222,2371,2827,2137,3035,2531,2661,1994,2904,2693,2940,2162,2222,3222,1988,2361,2874,2455,2650,2255,2565,1889,3084,2368,2141,2684,2230,1878,1873,2695,2351,2362,2850,1961,2121,2260,2454,2399,2300,2391,2372,2125,2088,2526,2056,1949,2290,2352,3222,2132,2796,2717,1936,2727,1938,1611,2660,1708,2597,2140,3084,2846,2233,2138,1926,2238,2303],num_heads:64,num_heads_kv:1,head_dim:576,head_dim_v:512,causal:0,dtype:bf16.
flash_mla:[D][563,3222]flash_mla,MLA:sparse:decode,is_fp8:1,topk:2048,batch_size:563,seqlen_q:8,seqlen_k:[3126,2577,2810,3222,3168,2022,2798,2355,2374,2581,2474,3002,2722,2465,2594,2550,3018,2333,2542,2071,1611,2679,2764,2116,3222,1829,2434,2340,3033,3008,2478,2568,2058,1617,2275,2479,2911,2900,2259,2294,1993,1843,1728,3202,2210,2239,1911,2729,1765,2330,2055,2571,2210,1940,2404,2588,2442,2537,2160,2269,2144,2271,2088,1720,2487,2254,1759,2602,2050,2436,2709,2467,2875,1918,2578,2140,2065,2182,2290,2438,1946,2779,2603,1796,3015,3180,2891,2343,1984,2840,2253,2908,2499,2809,2559,2700,2420,3135,2467,2578,3174,1872,1903,2806,1943,3199,2249,2114,3190,3012,3168,2781,2068,3185,2307,2739,2797,2353,2663,2787,2567,1972,2536,2950,2136,2355,2240,3161,2686,2580,2105,2633,2144,2428,2159,2688,2648,2332,2575,1975,1815,2593,2483,2671,3222,2796,2048,2866,1885,2229,2388,3106,2115,2082,2376,2148,2870,1980,1953,2239,2215,3193,2798,2451,1922,2756,2012,1793,2894,2543,2787,2544,2761,2153,1999,2690,2092,2138,2232,2423,2273,1861,2156,1611,2667,1770,1970,2437,2117,3037,1894,2523,2400,1945,2626,2346,2727,2747,3222,2954,2267,2319,2859,2680,2673,1764,2406,2118,2528,2376,2782,2543,2732,2228,2035,2250,2409,2568,3222,2398,2030,2276,2229,2610,1795,2441,2479,2509,2175,2320,1842,2217,2197,2583,1950,2730,3018,1611,2587,2688,2159,2255,2362,2295,2291,1740,2880,2851,2088,1825,2625,2183,2473,2287,2694,2695,2123,1858,1778,2661,1936,2211,2175,2394,1635,2492,2627,2451,2290,2455,2576,1611,3204,2573,2153,2258,2614,2369,1611,3222,2371,2827,2137,3035,2531,2661,1994,2904,2693,2940,2162,2222,3222,1988,2361,2874,2455,2650,2255,2565,1889,3084,2368,2141,2684,2230,1878,1873,2695,2351,2362,2850,1961,2121,2260,2454,2399,2300,2391,2372,2125,2088,2526,2056,1949,2290,2352,3222,2132,2796,2717,1936,2727,1938,1611,2660,1708,2597,2140,3084,2846,2233,2138,1926,2238,2303,2269,2479,2649,2556,2108,1836,2965,2138,2153,2205,1673,2223,2222,2666,2697,2417,2791,2553,2409,2480,2339,2256,2308,1961,2529,2015,2755,2315,2435,2615,2675,1783,2332,2770,1731,2572,1611,2003,2431,1748,2018,1822,3080,2482,2644,2326,2273,1764,2298,2109,2761,2875,3007,2759,2174,1966,2724,2559,1703,2559,2744,2439,2341,2090,1833,2738,2291,2321,3114,2691,2565,2473,3028,3108,2790,2650,1611,2465,2363,2453,2796,1611,2186,2524,2227,1844,2766,2527,2024,2542,2747,2418,2738,2447,2256,1948,2381,2494,2768,2369,2600,2027,2100,2371,1990,2746,2602,2528,2552,3222,2227,1611,2496,2395,2207,2021,2239,2489,2213,3222,2028,2096,1611,2517,1611,2198,2304,2129,3116,2816,2947,2060,2870,2615,2726,2830,2049,2244,2763,1611,3025,2638,2397,2504,2000,2274,2859,2939,3222,2386,2150,2208,2005,2384,2570,2402,2857,2321,2275,2181,1758,1784,1940,2940,2776,2970,1879,1622,2149,2486,2616,2838,2530,3118,2326,2048,1738,2057,2513,2057,2793,2985,1611,2764,1611,2577,2909,2442,1900,2180,2310,2342,2334,2371,2502,1928,2318,3027,2260,2237,2850,1611,2892,2161,2482,2454,2795,2308,2142,2939,1611,2424,1872,2109,3222,2398,2494],num_heads:64,num_heads_kv:1,head_dim:576,head_dim_v:512,causal:0,dtype:bf16.
flash_mla:[D][917,3222]flash_mla,MLA:sparse:decode,is_fp8:1,topk:2048,batch_size:917,seqlen_q:8,seqlen_k:[3126,2577,2810,3222,3168,2022,2798,2355,2374,2581,2474,3002,2722,2465,2594,2550,3018,2333,2542,2071,1611,2679,2764,2116,3222,1829,2434,2340,3033,3008,2478,2568,2058,1617,2275,2479,2911,2900,2259,2294,1993,1843,1728,3202,2210,2239,1911,2729,1765,2330,2055,2571,2210,1940,2404,2588,2442,2537,2160,2269,2144,2271,2088,1720,2487,2254,1759,2602,2050,2436,2709,2467,2875,1918,2578,2140,2065,2182,2290,2438,1946,2779,2603,1796,3015,3180,2891,2343,1984,2840,2253,2908,2499,2809,2559,2700,2420,3135,2467,2578,3174,1872,1903,2806,1943,3199,2249,2114,3190,3012,3168,2781,2068,3185,2307,2739,2797,2353,2663,2787,2567,1972,2536,2950,2136,2355,2240,3161,2686,2580,2105,2633,2144,2428,2159,2688,2648,2332,2575,1975,1815,2593,2483,2671,3222,2796,2048,2866,1885,2229,2388,3106,2115,2082,2376,2148,2870,1980,1953,2239,2215,3193,2798,2451,1922,2756,2012,1793,2894,2543,2787,2544,2761,2153,1999,2690,2092,2138,2232,2423,2273,1861,2156,1611,2667,1770,1970,2437,2117,3037,1894,2523,2400,1945,2626,2346,2727,2747,3222,2954,2267,2319,2859,2680,2673,1764,2406,2118,2528,2376,2782,2543,2732,2228,2035,2250,2409,2568,3222,2398,2030,2276,2229,2610,1795,2441,2479,2509,2175,2320,1842,2217,2197,2583,1950,2730,3018,1611,2587,2688,2159,2255,2362,2295,2291,1740,2880,2851,2088,1825,2625,2183,2473,2287,2694,2695,2123,1858,1778,2661,1936,2211,2175,2394,1635,2492,2627,2451,2290,2455,2576,1611,3204,2573,2153,2258,2614,2369,1611,3222,2371,2827,2137,3035,2531,2661,1994,2904,2693,2940,2162,2222,3222,1988,2361,2874,2455,2650,2255,2565,1889,3084,2368,2141,2684,2230,1878,1873,2695,2351,2362,2850,1961,2121,2260,2454,2399,2300,2391,2372,2125,2088,2526,2056,1949,2290,2352,3222,2132,2796,2717,1936,2727,1938,1611,2660,1708,2597,2140,3084,2846,2233,2138,1926,2238,2303,2269,2479,2649,2556,2108,1836,2965,2138,2153,2205,1673,2223,2222,2666,2697,2417,2791,2553,2409,2480,2339,2256,2308,1961,2529,2015,2755,2315,2435,2615,2675,1783,2332,2770,1731,2572,1611,2003,2431,1748,2018,1822,3080,2482,2644,2326,2273,1764,2298,2109,2761,2875,3007,2759,2174,1966,2724,2559,1703,2559,2744,2439,2341,2090,1833,2738,2291,2321,3114,2691,2565,2473,3028,3108,2790,2650,1611,2465,2363,2453,2796,1611,2186,2524,2227,1844,2766,2527,2024,2542,2747,2418,2738,2447,2256,1948,2381,2494,2768,2369,2600,2027,2100,2371,1990,2746,2602,2528,2552,3222,2227,1611,2496,2395,2207,2021,2239,2489,2213,3222,2028,2096,1611,2517,1611,2198,2304,2129,3116,2816,2947,2060,2870,2615,2726,2830,2049,2244,2763,1611,3025,2638,2397,2504,2000,2274,2859,2939,3222,2386,2150,2208,2005,2384,2570,2402,2857,2321,2275,2181,1758,1784,1940,2940,2776,2970,1879,1622,2149,2486,2616,2838,2530,3118,2326,2048,1738,2057,2513,2057,2793,2985,1611,2764,1611,2577,2909,2442,1900,2180,2310,2342,2334,2371,2502,1928,2318,3027,2260,2237,2850,1611,2892,2161,2482,2454,2795,2308,2142,2939,1611,2424,1872,2109,3222,2398,2494,1698,2122,2495,2558,2664,2419,2628,2598,1678,2430,2725,2653,2269,2091,1965,2363,2872,1629,2150,1956,2732,2192,2226,2328,2595,2257,1611,2634,2592,2327,1979,2557,2568,2226,2328,2041,2344,1791,2584,2035,2511,1849,2178,2371,1746,2462,2263,1713,1890,2659,2776,2362,2579,2506,2548,2934,1808,2688,2262,2325,2294,2264,1921,2489,3089,2393,2415,2139,2368,2603,2266,2233,2578,2046,2517,2746,2964,2379,2967,2832,2014,1925,2293,2830,2386,2173,3041,2531,1611,2543,2625,2506,2597,2388,1884,2266,2034,2040,1906,2598,2455,2235,2154,2406,2850,1611,2567,2196,1656,1631,2048,2504,2574,2037,2825,2989,2575,2177,2869,2720,2765,2151,1611,3222,1766,2401,3222,2549,2798,1810,1699,2201,2855,2276,2095,2495,2852,1833,1928,2098,2857,2510,3222,2793,2401,2925,2501,2131,2690,2135,2298,2951,2375,2092,2228,2827,2193,2260,2210,2490,2260,1770,2058,2040,2917,2743,2652,2212,2087,2211,1992,3222,1611,2643,1898,2373,2017,1941,1956,3123,2362,2107,2639,2420,2706,1680,2538,2727,1746,2596,3099,2410,2747,2686,2130,2432,1784,2234,2523,2707,2425,2706,1971,2375,2423,3161,2329,2214,2424,2045,2493,2268,1694,2392,2288,1758,2388,3016,2626,2662,1875,2608,2475,2629,2586,1868,2399,2110,2395,2054,2944,2069,2053,2446,1981,2244,2081,2984,2732,2392,2258,2795,2579,2616,2405,1735,2370,2201,2675,2823,2150,2604,3115,2146,3093,2072,2425,2411,2420,2078,2177,2146,2547,2549,3222,2968,2210,2546,2817,2428,2387,2436,2765,2074,2284,2605,2541,2512,2266,2807,3222,2579,2338,2720,2198,2113,2429,1611,1950,2275,1870,1999,2239,1753,2252,2200,2426,2881,2485,2424,2456,2507,2006,2369,2540,1863,2764,2851,2161,2318,2062,2697,1988,2326,2069,2436,1692,2950,2027,2440,2330,2108,2058,2793,2204,2525,2092,2155,2606,2790,2345,1842,3221,2070,1794,3222,2253,1826,2140,2564,2492,2072,3150,2205,1938,2803,2951,2086,1851,2831,1611,1921,2805,2393],num_heads:64,num_heads_kv:1,head_dim:576,head_dim_v:512,causal:0,dtype:bf16.
flash_mla:[D][1492,3222]flash_mla,MLA:sparse:decode,is_fp8:1,topk:2048,batch_size:1492,seqlen_q:8,seqlen_k:[3126,2577,2810,3222,3168,2022,2798,2355,2374,2581,2474,3002,2722,2465,2594,2550,3018,2333,2542,2071,1611,2679,2764,2116,3222,1829,2434,2340,3033,3008,2478,2568,2058,1617,2275,2479,2911,2900,2259,2294,1993,1843,1728,3202,2210,2239,1911,2729,1765,2330,2055,2571,2210,1940,2404,2588,2442,2537,2160,2269,2144,2271,2088,1720,2487,2254,1759,2602,2050,2436,2709,2467,2875,1918,2578,2140,2065,2182,2290,2438,1946,2779,2603,1796,3015,3180,2891,2343,1984,2840,2253,2908,2499,2809,2559,2700,2420,3135,2467,2578,3174,1872,1903,2806,1943,3199,2249,2114,3190,3012,3168,2781,2068,3185,2307,2739,2797,2353,2663,2787,2567,1972,2536,2950,2136,2355,2240,3161,2686,2580,2105,2633,2144,2428,2159,2688,2648,2332,2575,1975,1815,2593,2483,2671,3222,2796,2048,2866,1885,2229,2388,3106,2115,2082,2376,2148,2870,1980,1953,2239,2215,3193,2798,2451,1922,2756,2012,1793,2894,2543,2787,2544,2761,2153,1999,2690,2092,2138,2232,2423,2273,1861,2156,1611,2667,1770,1970,2437,2117,3037,1894,2523,2400,1945,2626,2346,2727,2747,3222,2954,2267,2319,2859,2680,2673,1764,2406,2118,2528,2376,2782,2543,2732,2228,2035,2250,2409,2568,3222,2398,2030,2276,2229,2610,1795,2441,2479,2509,2175,2320,1842,2217,2197,2583,1950,2730,3018,1611,2587,2688,2159,2255,2362,2295,2291,1740,2880,2851,2088,1825,2625,2183,2473,2287,2694,2695,2123,1858,1778,2661,1936,2211,2175,2394,1635,2492,2627,2451,2290,2455,2576,1611,3204,2573,2153,2258,2614,2369,1611,3222,2371,2827,2137,3035,2531,2661,1994,2904,2693,2940,2162,2222,3222,1988,2361,2874,2455,2650,2255,2565,1889,3084,2368,2141,2684,2230,1878,1873,2695,2351,2362,2850,1961,2121,2260,2454,2399,2300,2391,2372,2125,2088,2526,2056,1949,2290,2352,3222,2132,2796,2717,1936,2727,1938,1611,2660,1708,2597,2140,3084,2846,2233,2138,1926,2238,2303,2269,2479,2649,2556,2108,1836,2965,2138,2153,2205,1673,2223,2222,2666,2697,2417,2791,2553,2409,2480,2339,2256,2308,1961,2529,2015,2755,2315,2435,2615,2675,1783,2332,2770,1731,2572,1611,2003,2431,1748,2018,1822,3080,2482,2644,2326,2273,1764,2298,2109,2761,2875,3007,2759,2174,1966,2724,2559,1703,2559,2744,2439,2341,2090,1833,2738,2291,2321,3114,2691,2565,2473,3028,3108,2790,2650,1611,2465,2363,2453,2796,1611,2186,2524,2227,1844,2766,2527,2024,2542,2747,2418,2738,2447,2256,1948,2381,2494,2768,2369,2600,2027,2100,2371,1990,2746,2602,2528,2552,3222,2227,1611,2496,2395,2207,2021,2239,2489,2213,3222,2028,2096,1611,2517,1611,2198,2304,2129,3116,2816,2947,2060,2870,2615,2726,2830,2049,2244,2763,1611,3025,2638,2397,2504,2000,2274,2859,2939,3222,2386,2150,2208,2005,2384,2570,2402,2857,2321,2275,2181,1758,1784,1940,2940,2776,2970,1879,1622,2149,2486,2616,2838,2530,3118,2326,2048,1738,2057,2513,2057,2793,2985,1611,2764,1611,2577,2909,2442,1900,2180,2310,2342,2334,2371,2502,1928,2318,3027,2260,2237,2850,1611,2892,2161,2482,2454,2795,2308,2142,2939,1611,2424,1872,2109,3222,2398,2494,1698,2122,2495,2558,2664,2419,2628,2598,1678,2430,2725,2653,2269,2091,1965,2363,2872,1629,2150,1956,2732,2192,2226,2328,2595,2257,1611,2634,2592,2327,1979,2557,2568,2226,2328,2041,2344,1791,2584,2035,2511,1849,2178,2371,1746,2462,2263,1713,1890,2659,2776,2362,2579,2506,2548,2934,1808,2688,2262,2325,2294,2264,1921,2489,3089,2393,2415,2139,2368,2603,2266,2233,2578,2046,2517,2746,2964,2379,2967,2832,2014,1925,2293,2830,2386,2173,3041,2531,1611,2543,2625,2506,2597,2388,1884,2266,2034,2040,1906,2598,2455,2235,2154,2406,2850,1611,2567,2196,1656,1631,2048,2504,2574,2037,2825,2989,2575,2177,2869,2720,2765,2151,1611,3222,1766,2401,3222,2549,2798,1810,1699,2201,2855,2276,2095,2495,2852,1833,1928,2098,2857,2510,3222,2793,2401,2925,2501,2131,2690,2135,2298,2951,2375,2092,2228,2827,2193,2260,2210,2490,2260,1770,2058,2040,2917,2743,2652,2212,2087,2211,1992,3222,1611,2643,1898,2373,2017,1941,1956,3123,2362,2107,2639,2420,2706,1680,2538,2727,1746,2596,3099,2410,2747,2686,2130,2432,1784,2234,2523,2707,2425,2706,1971,2375,2423,3161,2329,2214,2424,2045,2493,2268,1694,2392,2288,1758,2388,3016,2626,2662,1875,2608,2475,2629,2586,1868,2399,2110,2395,2054,2944,2069,2053,2446,1981,2244,2081,2984,2732,2392,2258,2795,2579,2616,2405,1735,2370,2201,2675,2823,2150,2604,3115,2146,3093,2072,2425,2411,2420,2078,2177,2146,2547,2549,3222,2968,2210,2546,2817,2428,2387,2436,2765,2074,2284,2605,2541,2512,2266,2807,3222,2579,2338,2720,2198,2113,2429,1611,1950,2275,1870,1999,2239,1753,2252,2200,2426,2881,2485,2424,2456,2507,2006,2369,2540,1863,2764,2851,2161,2318,2062,2697,1988,2326,2069,2436,1692,2950,2027,2440,2330,2108,2058,2793,2204,2525,2092,2155,2606,2790,2345,1842,3221,2070,1794,3222,2253,1826,2140,2564,2492,2072,3150,2205,1938,2803,2951,2086,1851,2831,1611,1921,2805,2393,2309,2558,2354,1892,2930,2949,2498,2434,3222,2304,2311,2562,3008,3057,2311,2540,1860,2290,2077,2010,3093,2096,2201,2563,2939,2609,3222,2385,2520,2527,2994,2620,2369,2034,2514,2980,2250,2629,2515,2763,2091,3222,1900,2268,2794,2535,2750,2216,2385,2420,3048,2694,2737,2150,2806,2506,2975,3222,2292,2252,2067,2358,2262,2560,2357,2270,2845,2038,2590,2252,2707,2974,2293,2593,2488,2093,2513,2532,2582,2336,2453,1953,2271,2640,2775,2245,2458,2507,2497,2633,1683,2396,2512,2012,3090,2481,3046,2097,2050,2506,1739,2502,2455,2825,2698,2247,1973,3106,2096,1994,1978,2866,2206,2112,2471,2332,2142,2719,2845,2813,2725,2578,1700,3088,2537,2661,2865,2993,2584,2591,2174,2429,2071,2125,2055,2353,2838,3222,2492,1872,2925,2294,2149,2500,1916,2505,2380,2455,2569,2443,2422,2530,2583,2000,1839,2391,1838,2451,2794,2660,1993,2069,2548,2254,2288,2656,2018,2254,2093,1995,2070,2689,2436,2061,2322,1755,2120,3222,2379,2710,2389,2556,2683,1970,2403,3052,2095,2187,2292,2524,2627,2926,2617,2390,2923,2699,1813,3222,3129,2348,2568,2949,2346,2710,2861,2007,2173,2787,2601,2788,2362,2299,1611,1954,2434,2748,2630,2364,2306,2503,2447,2982,2475,1819,1903,3028,1944,2724,2307,2347,2361,2908,2338,2402,1799,2499,2630,2512,2979,2438,2536,3080,1791,2232,2990,2793,2689,2751,2547,3073,2568,2512,2480,2493,1949,2726,2363,3150,2385,2585,2515,2163,2815,3183,2410,2294,2272,1653,2344,2517,2841,2802,2248,2304,2868,2346,2210,2977,2834,2423,2176,1611,2653,2054,1625,3054,2677,1956,1926,2766,2062,2938,2664,2632,2579,2493,2770,2233,2450,2719,2642,1934,2214,2517,2251,3131,2257,2350,2726,2549,2357,2111,2537,2834,2609,2102,3115,1833,1778,2803,2507,2194,1973,3222,2463,2631,2544,2591,2633,2711,2264,2298,1714,2101,2525,2837,2657,2278,1906,1611,2880,2178,2235,2469,1849,2275,3222,2619,2560,1778,3222,1842,3190,1611,2982,3068,2083,2586,2636,2088,1832,1884,2634,2381,2188,2805,2620,2111,1931,2626,2199,2455,3051,2618,2068,2480,2032,3064,2189,2499,2540,2480,1626,1833,2233,2544,2360,2030,1872,2254,2227,2622,2284,2658,2176,2312,2275,2100,2667,2088,2205,2386,1893,2285,2129,2259,2391,2093,2327,2943,2405,2877,2555,2727,2103,2458,2469,2169,2084,1815,3018,2024,2958,2227,2068,2666,2161,2645,2281,2609,2025,2751,2612,2045,3222,2633,3222,3060,2339,2249,2253,1678,2135,2515,3030,2104,2771,1911,2179,2231,2565,2600,2803,2726,2513,2573,3056,2210,2728,1687,2581,2221,2417,2835,2482,2772,3009,2572,2887,2284,2412,2205,2836,2582,2211,2478,2835,2400,2033,2469,1617,2725,2246,2226,2768,1865,3200,2222,2205,2827,2701,3222,2330,2367,1819,2282,2125,2235,1713,3085,1845,1611,1937,2172,1952,2858,2360,2426,2661,2531,2810,1968,2195,2684,1611,1861,2617,2222,2793,2742,1933,2579,2900,2475,2022,2770,2672,2634,2704,1611,2771,3144,2591,2493,2696,2552,2678,2416,2107,2011,2013,1862,1985,3125,2719,2164,2258,2461,2151,2443,2729,2401,2551,2773,2306,2530,2291,2404,2285,2202,2486,2644,2474,2616,2118,1930,2584,2693,2436,2959,2781,3222,2335,2013,2117],num_heads:64,num_heads_kv:1,head_dim:576,head_dim_v:512,causal:0,dtype:bf16.
flash_mla:[D][1,7896]flash_mla,MLA:sparse:decode,is_fp8:1,topk:2048,batch_size:1,seqlen_q:8,seqlen_k:[7896],num_heads:64,num_heads_kv:1,head_dim:576,head_dim_v:512,causal:0,dtype:bf16.
flash_mla:[D][2,7896]flash_mla,MLA:sparse:decode,is_fp8:1,topk:2048,batch_size:2,seqlen_q:8,seqlen_k:[7896,6508],num_heads:64,num_heads_kv:1,head_dim:576,head_dim_v:512,causal:0,dtype:bf16.
flash_mla:[D][4,8137]flash_mla,MLA:sparse:decode,is_fp8:1,topk:2048,batch_size:4,seqlen_q:8,seqlen_k:[7896,6508,7097,8137],num_heads:64,num_heads_kv:1,head_dim:576,head_dim_v:512,causal:0,dtype:bf16.
flash_mla:[D][6,8137]flash_mla,MLA:sparse:decode,is_fp8:1,topk:2048,batch_size:6,seqlen_q:8,seqlen_k:[7896,6508,7097,8137,8001,5108],num_heads:64,num_heads_kv:1,head_dim:576,head_dim_v:512,causal:0,dtype:bf16.
flash_mla:[D][9,8137]flash_mla,MLA:sparse:decode,is_fp8:1,topk:2048,batch_size:9,seqlen_q:8,seqlen_k:[7896,6508,7097,8137,8001,5108,7068,5948,5997],num_heads:64,num_heads_kv:1,head_dim:576,head_dim_v:512,causal:0,dtype:bf16.
flash_mla:[D][14,8137]flash_mla,MLA:sparse:decode,is_fp8:1,topk:2048,batch_size:14,seqlen_q:8,seqlen_k:[7896,6508,7097,8137,8001,5108,7068,5948,5997,6519,6248,7580,6875,6225],num_heads:64,num_heads_kv:1,head_dim:576,head_dim_v:512,causal:0,dtype:bf16.
flash_mla:[D][22,8137]flash_mla,MLA:sparse:decode,is_fp8:1,topk:2048,batch_size:22,seqlen_q:8,seqlen_k:[7896,6508,7097,8137,8001,5108,7068,5948,5997,6519,6248,7580,6875,6225,6553,6441,7621,5893,6420,5233,4068,6766],num_heads:64,num_heads_kv:1,head_dim:576,head_dim_v:512,causal:0,dtype:bf16.
flash_mla:[D][34,8137]flash_mla,MLA:sparse:decode,is_fp8:1,topk:2048,batch_size:34,seqlen_q:8,seqlen_k:[7896,6508,7097,8137,8001,5108,7068,5948,5997,6519,6248,7580,6875,6225,6553,6441,7621,5893,6420,5233,4068,6766,6981,5347,8137,4622,6148,5911,7660,7596,6259,6486,5199,4087],num_heads:64,num_heads_kv:1,head_dim:576,head_dim_v:512,causal:0,dtype:bf16.
flash_mla:[D][53,8137]flash_mla,MLA:sparse:decode,is_fp8:1,topk:2048,batch_size:53,seqlen_q:8,seqlen_k:[7896,6508,7097,8137,8001,5108,7068,5948,5997,6519,6248,7580,6875,6225,6553,6441,7621,5893,6420,5233,4068,6766,6981,5347,8137,4622,6148,5911,7660,7596,6259,6486,5199,4087,5748,6261,7353,7324,5708,5794,5035,4657,4366,8085,5583,5656,4827,6892,4460,5885,5191,6495,5582],num_heads:64,num_heads_kv:1,head_dim:576,head_dim_v:512,causal:0,dtype:bf16.
flash_mla:[D][82,8137]flash_mla,MLA:sparse:decode,is_fp8:1,topk:2048,batch_size:82,seqlen_q:8,seqlen_k:[7896,6508,7097,8137,8001,5108,7068,5948,5997,6519,6248,7580,6875,6225,6553,6441,7621,5893,6420,5233,4068,6766,6981,5347,8137,4622,6148,5911,7660,7596,6259,6486,5199,4087,5748,6261,7353,7324,5708,5794,5035,4657,4366,8085,5583,5656,4827,6892,4460,5885,5191,6495,5582,4901,6073,6537,6169,6409,5456,5733,5418,5736,5275,4346,6282,5693,4444,6572,5179,6154,6843,6233,7260,4846,6511,5405,5216,5513,5785,6159,4917,7018],num_heads:64,num_heads_kv:1,head_dim:576,head_dim_v:512,causal:0,dtype:bf16.
flash_mla:[D][128,8137]flash_mla,MLA:sparse:decode,is_fp8:1,topk:2048,batch_size:128,seqlen_q:8,seqlen_k:[7896,6508,7097,8137,8001,5108,7068,5948,5997,6519,6248,7580,6875,6225,6553,6441,7621,5893,6420,5233,4068,6766,6981,5347,8137,4622,6148,5911,7660,7596,6259,6486,5199,4087,5748,6261,7353,7324,5708,5794,5035,4657,4366,8085,5583,5656,4827,6892,4460,5885,5191,6495,5582,4901,6073,6537,6169,6409,5456,5733,5418,5736,5275,4346,6282,5693,4444,6572,5179,6154,6843,6233,7260,4846,6511,5405,5216,5513,5785,6159,4917,7018,6575,4539,7615,8030,7300,5919,5013,7174,5691,7345,6313,7095,6464,6820,6112,7918,6231,6510,8017,4731,4809,7087,4908,8078,5681,5341,8057,7607,8001,7023,5226,8044,5829,6918,7065,5944,6726,7039,6484,4983,6405,7450,5395,5949,5659,7982],num_heads:64,num_heads_kv:1,head_dim:576,head_dim_v:512,causal:0,dtype:bf16.
flash_mla:[D][199,8137]flash_mla,MLA:sparse:decode,is_fp8:1,topk:2048,batch_size:199,seqlen_q:8,seqlen_k:[7896,6508,7097,8137,8001,5108,7068,5948,5997,6519,6248,7580,6875,6225,6553,6441,7621,5893,6420,5233,4068,6766,6981,5347,8137,4622,6148,5911,7660,7596,6259,6486,5199,4087,5748,6261,7353,7324,5708,5794,5035,4657,4366,8085,5583,5656,4827,6892,4460,5885,5191,6495,5582,4901,6073,6537,6169,6409,5456,5733,5418,5736,5275,4346,6282,5693,4444,6572,5179,6154,6843,6233,7260,4846,6511,5405,5216,5513,5785,6159,4917,7018,6575,4539,7615,8030,7300,5919,5013,7174,5691,7345,6313,7095,6464,6820,6112,7918,6231,6510,8017,4731,4809,7087,4908,8078,5681,5341,8057,7607,8001,7023,5226,8044,5829,6918,7065,5944,6726,7039,6484,4983,6405,7450,5395,5949,5659,7982,6785,6516,5318,6650,5416,6134,5455,6789,6688,5890,6504,4990,4585,6548,6271,6747,8137,7062,5173,7238,4763,5632,6032,7844,5344,5261,6001,5427,7247,5003,4935,5656,5595,8064,7067,6191,4855,6960,5084,4530,7310,6424,7038,6426,6973,5439,5050,6795,5284,5400,5638,6119,5741,4703,5447,4068,6737,4472,4978,6155,5349,7671,4787,6373,6062,4914,6634,5927,6886,6939,8137],num_heads:64,num_heads_kv:1,head_dim:576,head_dim_v:512,causal:0,dtype:bf16.
flash_mla:[D][309,8137]flash_mla,MLA:sparse:decode,is_fp8:1,topk:2048,batch_size:309,seqlen_q:8,seqlen_k:[7896,6508,7097,8137,8001,5108,7068,5948,5997,6519,6248,7580,6875,6225,6553,6441,7621,5893,6420,5233,4068,6766,6981,5347,8137,4622,6148,5911,7660,7596,6259,6486,5199,4087,5748,6261,7353,7324,5708,5794,5035,4657,4366,8085,5583,5656,4827,6892,4460,5885,5191,6495,5582,4901,6073,6537,6169,6409,5456,5733,5418,5736,5275,4346,6282,5693,4444,6572,5179,6154,6843,6233,7260,4846,6511,5405,5216,5513,5785,6159,4917,7018,6575,4539,7615,8030,7300,5919,5013,7174,5691,7345,6313,7095,6464,6820,6112,7918,6231,6510,8017,4731,4809,7087,4908,8078,5681,5341,8057,7607,8001,7023,5226,8044,5829,6918,7065,5944,6726,7039,6484,4983,6405,7450,5395,5949,5659,7982,6785,6516,5318,6650,5416,6134,5455,6789,6688,5890,6504,4990,4585,6548,6271,6747,8137,7062,5173,7238,4763,5632,6032,7844,5344,5261,6001,5427,7247,5003,4935,5656,5595,8064,7067,6191,4855,6960,5084,4530,7310,6424,7038,6426,6973,5439,5050,6795,5284,5400,5638,6119,5741,4703,5447,4068,6737,4472,4978,6155,5349,7671,4787,6373,6062,4914,6634,5927,6886,6939,8137,7461,5726,5858,7220,6768,6753,4457,6077,5351,6386,6002,7027,6424,6901,5627,5141,5684,6084,6487,8137,6059,5129,5750,5630,6591,4535,6166,6261,6338,5494,5860,4653,5600,5549,6525,4926,6896,7621,4068,6535,6790,5453,5697,5966,5799,5787,4397,7273,7199,5274,4610,6631,5516,6246,5777,6805,6808,5364,4695,4492,6722,4892,5586,5495,6048,4132,6293,6634,6191,5785,6201,6507,4068,8091,6498,5438,5704,6604,5983,4068,8137,5989,7139,5398,7664,6393,6721,5038,7333,6803,7425,5463,5612,8137,5023,5963,7258,6201,6694,5695,6478,4773,7788,5981,5410,6779,5633,4745,4732,6807],num_heads:64,num_heads_kv:1,head_dim:576,head_dim_v:512,causal:0,dtype:bf16.
flash_mla:[D][480,8137]flash_mla,MLA:sparse:decode,is_fp8:1,topk:2048,batch_size:480,seqlen_q:8,seqlen_k:[7896,6508,7097,8137,8001,5108,7068,5948,5997,6519,6248,7580,6875,6225,6553,6441,7621,5893,6420,5233,4068,6766,6981,5347,8137,4622,6148,5911,7660,7596,6259,6486,5199,4087,5748,6261,7353,7324,5708,5794,5035,4657,4366,8085,5583,5656,4827,6892,4460,5885,5191,6495,5582,4901,6073,6537,6169,6409,5456,5733,5418,5736,5275,4346,6282,5693,4444,6572,5179,6154,6843,6233,7260,4846,6511,5405,5216,5513,5785,6159,4917,7018,6575,4539,7615,8030,7300,5919,5013,7174,5691,7345,6313,7095,6464,6820,6112,7918,6231,6510,8017,4731,4809,7087,4908,8078,5681,5341,8057,7607,8001,7023,5226,8044,5829,6918,7065,5944,6726,7039,6484,4983,6405,7450,5395,5949,5659,7982,6785,6516,5318,6650,5416,6134,5455,6789,6688,5890,6504,4990,4585,6548,6271,6747,8137,7062,5173,7238,4763,5632,6032,7844,5344,5261,6001,5427,7247,5003,4935,5656,5595,8064,7067,6191,4855,6960,5084,4530,7310,6424,7038,6426,6973,5439,5050,6795,5284,5400,5638,6119,5741,4703,5447,4068,6737,4472,4978,6155,5349,7671,4787,6373,6062,4914,6634,5927,6886,6939,8137,7461,5726,5858,7220,6768,6753,4457,6077,5351,6386,6002,7027,6424,6901,5627,5141,5684,6084,6487,8137,6059,5129,5750,5630,6591,4535,6166,6261,6338,5494,5860,4653,5600,5549,6525,4926,6896,7621,4068,6535,6790,5453,5697,5966,5799,5787,4397,7273,7199,5274,4610,6631,5516,6246,5777,6805,6808,5364,4695,4492,6722,4892,5586,5495,6048,4132,6293,6634,6191,5785,6201,6507,4068,8091,6498,5438,5704,6604,5983,4068,8137,5989,7139,5398,7664,6393,6721,5038,7333,6803,7425,5463,5612,8137,5023,5963,7258,6201,6694,5695,6478,4773,7788,5981,5410,6779,5633,4745,4732,6807,5939,5966,7198,4956,5358,5710,6197,6059,5810,6039,5992,5370,5275,6381,5195,4924,5784,5941,8137,5385,7061,6861,4892,6888,4897,4068,6718,4316,6560,5406,7789,7188,5640,5402,4867,5653,5816,5731,6261,6690,6457,5324,4639,7489,5400,5438,5571,4227,5615,5614,6732,6812,6105,7049,6447,6086,6265,5908,5700,5829,4954,6387,5091,6957,5848,6152,6604,6756,4504,5891,6997,4375,6495,4068,5062,6141,4417,5099,4605,7778,6269,6678,5875,5742,4458,5805,5327,6974,7262,7593,6969,5493,4967,6881,6464,4303,6463,6930,6161,5913,5280,4630,6915,5787,5864,7864,6798,6479,6246,7647,7850,7047,6694,4068,6227,5969,6197,7061,4068,5523,6376,5627,4661,6985,6383,5114,6422,6937,6107,6916,6181,5700,4922,6014,6299,6992,5984,6567,5120,5306,5989,5029,6936,6573,6385,6446,8137,5625,4068,6304,6050,5575,5106,5655,6286,5590,8137,5125,5295,4068,6357,4068,5553,5821,5380,7870,7113,7443,5204,7249,6606],num_heads:64,num_heads_kv:1,head_dim:576,head_dim_v:512,causal:0,dtype:bf16.
flash_mla:[D][746,8137]flash_mla,MLA:sparse:decode,is_fp8:1,topk:2048,batch_size:746,seqlen_q:8,seqlen_k:[7896,6508,7097,8137,8001,5108,7068,5948,5997,6519,6248,7580,6875,6225,6553,6441,7621,5893,6420,5233,4068,6766,6981,5347,8137,4622,6148,5911,7660,7596,6259,6486,5199,4087,5748,6261,7353,7324,5708,5794,5035,4657,4366,8085,5583,5656,4827,6892,4460,5885,5191,6495,5582,4901,6073,6537,6169,6409,5456,5733,5418,5736,5275,4346,6282,5693,4444,6572,5179,6154,6843,6233,7260,4846,6511,5405,5216,5513,5785,6159,4917,7018,6575,4539,7615,8030,7300,5919,5013,7174,5691,7345,6313,7095,6464,6820,6112,7918,6231,6510,8017,4731,4809,7087,4908,8078,5681,5341,8057,7607,8001,7023,5226,8044,5829,6918,7065,5944,6726,7039,6484,4983,6405,7450,5395,5949,5659,7982,6785,6516,5318,6650,5416,6134,5455,6789,6688,5890,6504,4990,4585,6548,6271,6747,8137,7062,5173,7238,4763,5632,6032,7844,5344,5261,6001,5427,7247,5003,4935,5656,5595,8064,7067,6191,4855,6960,5084,4530,7310,6424,7038,6426,6973,5439,5050,6795,5284,5400,5638,6119,5741,4703,5447,4068,6737,4472,4978,6155,5349,7671,4787,6373,6062,4914,6634,5927,6886,6939,8137,7461,5726,5858,7220,6768,6753,4457,6077,5351,6386,6002,7027,6424,6901,5627,5141,5684,6084,6487,8137,6059,5129,5750,5630,6591,4535,6166,6261,6338,5494,5860,4653,5600,5549,6525,4926,6896,7621,4068,6535,6790,5453,5697,5966,5799,5787,4397,7273,7199,5274,4610,6631,5516,6246,5777,6805,6808,5364,4695,4492,6722,4892,5586,5495,6048,4132,6293,6634,6191,5785,6201,6507,4068,8091,6498,5438,5704,6604,5983,4068,8137,5989,7139,5398,7664,6393,6721,5038,7333,6803,7425,5463,5612,8137,5023,5963,7258,6201,6694,5695,6478,4773,7788,5981,5410,6779,5633,4745,4732,6807,5939,5966,7198,4956,5358,5710,6197,6059,5810,6039,5992,5370,5275,6381,5195,4924,5784,5941,8137,5385,7061,6861,4892,6888,4897,4068,6718,4316,6560,5406,7789,7188,5640,5402,4867,5653,5816,5731,6261,6690,6457,5324,4639,7489,5400,5438,5571,4227,5615,5614,6732,6812,6105,7049,6447,6086,6265,5908,5700,5829,4954,6387,5091,6957,5848,6152,6604,6756,4504,5891,6997,4375,6495,4068,5062,6141,4417,5099,4605,7778,6269,6678,5875,5742,4458,5805,5327,6974,7262,7593,6969,5493,4967,6881,6464,4303,6463,6930,6161,5913,5280,4630,6915,5787,5864,7864,6798,6479,6246,7647,7850,7047,6694,4068,6227,5969,6197,7061,4068,5523,6376,5627,4661,6985,6383,5114,6422,6937,6107,6916,6181,5700,4922,6014,6299,6992,5984,6567,5120,5306,5989,5029,6936,6573,6385,6446,8137,5625,4068,6304,6050,5575,5106,5655,6286,5590,8137,5125,5295,4068,6357,4068,5553,5821,5380,7870,7113,7443,5204,7249,6606,6886,7148,5177,5670,6979,4068,7641,6664,6055,6326,5054,5746,7220,7422,8137,6026,5432,5579,5066,6022,6491,6067,7216,5863,5748,5510,4441,4507,4902,7425,7012,7500,4747,4099,5430,6280,6609,7167,6391,7874,5875,5173,4392,5197,6348,5198,7054,7538,4068,6980,4068,6510,7347,6167,4800,5506,5835,5916,5895,5990,6319,4872,5855,7646,5710,5650,7198,4068,7303,5459,6268,6199,7060,5829,5412,7421,4068,6122,4731,5327,8137,6056,6300,4290,5360,6301,6462,6729,6110,6637,6563,4241,6139,6882,6701,5731,5282,4964,5968,7254,4117,5430,4942,6900,5538,5623,5881,6554,5702,4068,6654,6548,5878,4999,6459,6487,5623,5881,5156,5920,4525,6526,5141,6344,4672,5501,5989,4413,6219,5716,4330,4776,6717,7012,5967,6513,6329,6437,7409,4569,6789,5713,5873,5794,5720,4854,6288,7801,6044,6100,5403,5982,6576,5725,5640,6512,5168,6358,6936,7485,6010,7492,7153,5088,4863,5791,7148,6028,5491,7680,6393,4068,6424,6630,6331,6559,6033,4761,5724,5140,5153,4817,6562,6201,5646,5441,6078,7199,4068,6485,5547,4185,4123,5173,6325,6501,5147,7136,7549,6504,5500,7245,6870,6984,5434,4068,8137,4463,6065,8137,6438,7067,4574,4294,5560,7211,5749,5293,6303,7202,4632,4870,5299,7215,6340,8137,7054,6066,7388,6317,5385,6793,5393,5806,7452,5998,5285,5629,7141,5540,5708,5583,6289,5709,4472,5199,5153,7366,6928,6699,5588,5272,5585,5032,8137,4068,6675,4795,5995,5097,4904,4942,7886,5966,5323,6667],num_heads:64,num_heads_kv:1,head_dim:576,head_dim_v:512,causal:0,dtype:bf16.
flash_mla:[D][1,19943]flash_mla,MLA:sparse:decode,is_fp8:1,topk:2048,batch_size:1,seqlen_q:8,seqlen_k:[19943],num_heads:64,num_heads_kv:1,head_dim:576,head_dim_v:512,causal:0,dtype:bf16.
flash_mla:[D][2,19943]flash_mla,MLA:sparse:decode,is_fp8:1,topk:2048,batch_size:2,seqlen_q:8,seqlen_k:[19943,16440],num_heads:64,num_heads_kv:1,head_dim:576,head_dim_v:512,causal:0,dtype:bf16.
flash_mla:[D][3,19943]flash_mla,MLA:sparse:decode,is_fp8:1,topk:2048,batch_size:3,seqlen_q:8,seqlen_k:[19943,16440,17926],num_heads:64,num_heads_kv:1,head_dim:576,head_dim_v:512,causal:0,dtype:bf16.
flash_mla:[D][5,20550]flash_mla,MLA:sparse:decode,is_fp8:1,topk:2048,batch_size:5,seqlen_q:8,seqlen_k:[19943,16440,17926,20550,20209],num_heads:64,num_heads_kv:1,head_dim:576,head_dim_v:512,causal:0,dtype:bf16.
flash_mla:[D][7,20550]flash_mla,MLA:sparse:decode,is_fp8:1,topk:2048,batch_size:7,seqlen_q:8,seqlen_k:[19943,16440,17926,20550,20209,12901,17852],num_heads:64,num_heads_kv:1,head_dim:576,head_dim_v:512,causal:0,dtype:bf16.
flash_mla:[D][10,20550]flash_mla,MLA:sparse:decode,is_fp8:1,topk:2048,batch_size:10,seqlen_q:8,seqlen_k:[19943,16440,17926,20550,20209,12901,17852,15023,15146,16466],num_heads:64,num_heads_kv:1,head_dim:576,head_dim_v:512,causal:0,dtype:bf16.
flash_mla:[D][14,20550]flash_mla,MLA:sparse:decode,is_fp8:1,topk:2048,batch_size:14,seqlen_q:8,seqlen_k:[19943,16440,17926,20550,20209,12901,17852,15023,15146,16466,15782,19148,17367,15724],num_heads:64,num_heads_kv:1,head_dim:576,head_dim_v:512,causal:0,dtype:bf16.
flash_mla:[D][21,20550]flash_mla,MLA:sparse:decode,is_fp8:1,topk:2048,batch_size:21,seqlen_q:8,seqlen_k:[19943,16440,17926,20550,20209,12901,17852,15023,15146,16466,15782,19148,17367,15724,16552,16269,19250,14884,16216,13217,10275],num_heads:64,num_heads_kv:1,head_dim:576,head_dim_v:512,causal:0,dtype:bf16.
flash_mla:[D][30,20550]flash_mla,MLA:sparse:decode,is_fp8:1,topk:2048,batch_size:30,seqlen_q:8,seqlen_k:[19943,16440,17926,20550,20209,12901,17852,15023,15146,16466,15782,19148,17367,15724,16552,16269,19250,14884,16216,13217,10275,17091,17632,13505,20550,11675,15529,14931,19349,19186],num_heads:64,num_heads_kv:1,head_dim:576,head_dim_v:512,causal:0,dtype:bf16.
flash_mla:[D][44,20550]flash_mla,MLA:sparse:decode,is_fp8:1,topk:2048,batch_size:44,seqlen_q:8,seqlen_k:[19943,16440,17926,20550,20209,12901,17852,15023,15146,16466,15782,19148,17367,15724,16552,16269,19250,14884,16216,13217,10275,17091,17632,13505,20550,11675,15529,14931,19349,19186,15810,16383,13131,10323,14518,15813,18572,18500,14416,14635,12718,11763,11028,20423],num_heads:64,num_heads_kv:1,head_dim:576,head_dim_v:512,causal:0,dtype:bf16.
flash_mla:[D][65,20550]flash_mla,MLA:sparse:decode,is_fp8:1,topk:2048,batch_size:65,seqlen_q:8,seqlen_k:[19943,16440,17926,20550,20209,12901,17852,15023,15146,16466,15782,19148,17367,15724,16552,16269,19250,14884,16216,13217,10275,17091,17632,13505,20550,11675,15529,14931,19349,19186,15810,16383,13131,10323,14518,15813,18572,18500,14416,14635,12718,11763,11028,20423,14102,14286,12193,17409,11265,14865,13111,16405,14099,12378,15339,16512,15582,16189,13782,14480,13684,14488,13323,10977,15867],num_heads:64,num_heads_kv:1,head_dim:576,head_dim_v:512,causal:0,dtype:bf16.
flash_mla:[D][95,20550]flash_mla,MLA:sparse:decode,is_fp8:1,topk:2048,batch_size:95,seqlen_q:8,seqlen_k:[19943,16440,17926,20550,20209,12901,17852,15023,15146,16466,15782,19148,17367,15724,16552,16269,19250,14884,16216,13217,10275,17091,17632,13505,20550,11675,15529,14931,19349,19186,15810,16383,13131,10323,14518,15813,18572,18500,14416,14635,12718,11763,11028,20423,14102,14286,12193,17409,11265,14865,13111,16405,14099,12378,15339,16512,15582,16189,13782,14480,13684,14488,13323,10977,15867,14379,11224,16600,13081,15545,17285,15743,18339,12239,16445,13652,13174,13924,14611,15556,12418,17726,16608,11465,19235,20282,18440,14949,12661,18120,14376,18552,15947,17920,16327],num_heads:64,num_heads_kv:1,head_dim:576,head_dim_v:512,causal:0,dtype:bf16.
flash_mla:[D][139,20550]flash_mla,MLA:sparse:decode,is_fp8:1,topk:2048,batch_size:139,seqlen_q:8,seqlen_k:[19943,16440,17926,20550,20209,12901,17852,15023,15146,16466,15782,19148,17367,15724,16552,16269,19250,14884,16216,13217,10275,17091,17632,13505,20550,11675,15529,14931,19349,19186,15810,16383,13131,10323,14518,15813,18572,18500,14416,14635,12718,11763,11028,20423,14102,14286,12193,17409,11265,14865,13111,16405,14099,12378,15339,16512,15582,16189,13782,14480,13684,14488,13323,10977,15867,14379,11224,16600,13081,15545,17285,15743,18339,12239,16445,13652,13174,13924,14611,15556,12418,17726,16608,11465,19235,20282,18440,14949,12661,18120,14376,18552,15947,17920,16327,17227,15438,19999,15738,16444,20249,11949,12148,17902,12398,20405,14349,13491,20352,19215,20209,17739,13199,20318,14723,17473,17845,15013,16989,17781,16379,12587,16178,18819,13627,15027,14294,20162,17139,16458,13434,16797,13679,15493,13778,17149,16893,14876,16429],num_heads:64,num_heads_kv:1,head_dim:576,head_dim_v:512,causal:0,dtype:bf16.
flash_mla:[D][203,20550]flash_mla,MLA:sparse:decode,is_fp8:1,topk:2048,batch_size:203,seqlen_q:8,seqlen_k:[19943,16440,17926,20550,20209,12901,17852,15023,15146,16466,15782,19148,17367,15724,16552,16269,19250,14884,16216,13217,10275,17091,17632,13505,20550,11675,15529,14931,19349,19186,15810,16383,13131,10323,14518,15813,18572,18500,14416,14635,12718,11763,11028,20423,14102,14286,12193,17409,11265,14865,13111,16405,14099,12378,15339,16512,15582,16189,13782,14480,13684,14488,13323,10977,15867,14379,11224,16600,13081,15545,17285,15743,18339,12239,16445,13652,13174,13924,14611,15556,12418,17726,16608,11465,19235,20282,18440,14949,12661,18120,14376,18552,15947,17920,16327,17227,15438,19999,15738,16444,20249,11949,12148,17902,12398,20405,14349,13491,20352,19215,20209,17739,13199,20318,14723,17473,17845,15013,16989,17781,16379,12587,16178,18819,13627,15027,14294,20162,17139,16458,13434,16797,13679,15493,13778,17149,16893,14876,16429,12603,11580,16540,15840,17043,20550,17838,13066,18281,12031,14226,15236,19813,13498,13288,15159,13707,18306,12637,12464,14287,14132,20368,17851,15636,12263,17581,12842,11443,18464,16226,17777,16230,17613,13739,12755,17163,13348,13640,14241,15456,14502,11879,13758,10275,17018,11296,12574,15546,13512,19376,12090,16098,15311,12411,16756,14971,17394,17527,20550,18845,14463,14797,18237],num_heads:64,num_heads_kv:1,head_dim:576,head_dim_v:512,causal:0,dtype:bf16.
flash_mla:[D][296,20550]flash_mla,MLA:sparse:decode,is_fp8:1,topk:2048,batch_size:296,seqlen_q:8,seqlen_k:[19943,16440,17926,20550,20209,12901,17852,15023,15146,16466,15782,19148,17367,15724,16552,16269,19250,14884,16216,13217,10275,17091,17632,13505,20550,11675,15529,14931,19349,19186,15810,16383,13131,10323,14518,15813,18572,18500,14416,14635,12718,11763,11028,20423,14102,14286,12193,17409,11265,14865,13111,16405,14099,12378,15339,16512,15582,16189,13782,14480,13684,14488,13323,10977,15867,14379,11224,16600,13081,15545,17285,15743,18339,12239,16445,13652,13174,13924,14611,15556,12418,17726,16608,11465,19235,20282,18440,14949,12661,18120,14376,18552,15947,17920,16327,17227,15438,19999,15738,16444,20249,11949,12148,17902,12398,20405,14349,13491,20352,19215,20209,17739,13199,20318,14723,17473,17845,15013,16989,17781,16379,12587,16178,18819,13627,15027,14294,20162,17139,16458,13434,16797,13679,15493,13778,17149,16893,14876,16429,12603,11580,16540,15840,17043,20550,17838,13066,18281,12031,14226,15236,19813,13498,13288,15159,13707,18306,12637,12464,14287,14132,20368,17851,15636,12263,17581,12842,11443,18464,16226,17777,16230,17613,13739,12755,17163,13348,13640,14241,15456,14502,11879,13758,10275,17018,11296,12574,15546,13512,19376,12090,16098,15311,12411,16756,14971,17394,17527,20550,18845,14463,14797,18237,17095,17056,11258,15349,13515,16131,15159,17750,16226,17432,14213,12985,14358,15368,16386,20550,15303,12956,14523,14221,16648,11453,15574,15814,16008,13877,14800,11753,14144,14017,16480,12441,17418,19251,10275,16507,17150,13774,14391,15070,14646,14618,11106,18372,18185,13322,11644,16750,13932,15776,14591,17188,17196,13547,11858,11345,16980,12357,14109,13880,15276,10437,15896,16757,15639,14613,15662,16437,10275,20436,16414,13735,14407,16680,15113,10275,20550,15128,18032,13634,19358,16147,16976,12726,18523,17184,18756,13798,14176,20550,12688,15062,18332],num_heads:64,num_heads_kv:1,head_dim:576,head_dim_v:512,causal:0,dtype:bf16.
flash_mla:[D][1,50367]flash_mla,MLA:sparse:decode,is_fp8:1,topk:2048,batch_size:1,seqlen_q:8,seqlen_k:[50367],num_heads:64,num_heads_kv:1,head_dim:576,head_dim_v:512,causal:0,dtype:bf16.
flash_mla:[D][2,50367]flash_mla,MLA:sparse:decode,is_fp8:1,topk:2048,batch_size:2,seqlen_q:8,seqlen_k:[50367,41519],num_heads:64,num_heads_kv:1,head_dim:576,head_dim_v:512,causal:0,dtype:bf16.
flash_mla:[D][3,50367]flash_mla,MLA:sparse:decode,is_fp8:1,topk:2048,batch_size:3,seqlen_q:8,seqlen_k:[50367,41519,45273],num_heads:64,num_heads_kv:1,head_dim:576,head_dim_v:512,causal:0,dtype:bf16.
flash_mla:[D][4,51899]flash_mla,MLA:sparse:decode,is_fp8:1,topk:2048,batch_size:4,seqlen_q:8,seqlen_k:[50367,41519,45273,51899],num_heads:64,num_heads_kv:1,head_dim:576,head_dim_v:512,causal:0,dtype:bf16.
flash_mla:[D][5,51899]flash_mla,MLA:sparse:decode,is_fp8:1,topk:2048,batch_size:5,seqlen_q:8,seqlen_k:[50367,41519,45273,51899,51038],num_heads:64,num_heads_kv:1,head_dim:576,head_dim_v:512,causal:0,dtype:bf16.
flash_mla:[D][7,51899]flash_mla,MLA:sparse:decode,is_fp8:1,topk:2048,batch_size:7,seqlen_q:8,seqlen_k:[50367,41519,45273,51899,51038,32584,45087],num_heads:64,num_heads_kv:1,head_dim:576,head_dim_v:512,causal:0,dtype:bf16.
flash_mla:[D][9,51899]flash_mla,MLA:sparse:decode,is_fp8:1,topk:2048,batch_size:9,seqlen_q:8,seqlen_k:[50367,41519,45273,51899,51038,32584,45087,37942,38254],num_heads:64,num_heads_kv:1,head_dim:576,head_dim_v:512,causal:0,dtype:bf16.
flash_mla:[D][13,51899]flash_mla,MLA:sparse:decode,is_fp8:1,topk:2048,batch_size:13,seqlen_q:8,seqlen_k:[50367,41519,45273,51899,51038,32584,45087,37942,38254,41587,39858,48357,43860],num_heads:64,num_heads_kv:1,head_dim:576,head_dim_v:512,causal:0,dtype:bf16.
flash_mla:[D][17,51899]flash_mla,MLA:sparse:decode,is_fp8:1,topk:2048,batch_size:17,seqlen_q:8,seqlen_k:[50367,41519,45273,51899,51038,32584,45087,37942,38254,41587,39858,48357,43860,39713,41803,41088,48616],num_heads:64,num_heads_kv:1,head_dim:576,head_dim_v:512,causal:0,dtype:bf16.
flash_mla:[D][24,51899]flash_mla,MLA:sparse:decode,is_fp8:1,topk:2048,batch_size:24,seqlen_q:8,seqlen_k:[50367,41519,45273,51899,51038,32584,45087,37942,38254,41587,39858,48357,43860,39713,41803,41088,48616,37593,40954,33383,25949,43164,44531,34109],num_heads:64,num_heads_kv:1,head_dim:576,head_dim_v:512,causal:0,dtype:bf16.
flash_mla:[D][33,51899]flash_mla,MLA:sparse:decode,is_fp8:1,topk:2048,batch_size:33,seqlen_q:8,seqlen_k:[50367,41519,45273,51899,51038,32584,45087,37942,38254,41587,39858,48357,43860,39713,41803,41088,48616,37593,40954,33383,25949,43164,44531,34109,51899,29489,39220,37709,48867,48455,39929,41377,33164],num_heads:64,num_heads_kv:1,head_dim:576,head_dim_v:512,causal:0,dtype:bf16.
flash_mla:[D][45,51899]flash_mla,MLA:sparse:decode,is_fp8:1,topk:2048,batch_size:45,seqlen_q:8,seqlen_k:[50367,41519,45273,51899,51038,32584,45087,37942,38254,41587,39858,48357,43860,39713,41803,41088,48616,37593,40954,33383,25949,43164,44531,34109,51899,29489,39220,37709,48867,48455,39929,41377,33164,26074,36667,39938,46904,46723,36411,36962,32122,29712,27855,51578,35617],num_heads:64,num_heads_kv:1,head_dim:576,head_dim_v:512,causal:0,dtype:bf16.
flash_mla:[D][62,51899]flash_mla,MLA:sparse:decode,is_fp8:1,topk:2048,batch_size:62,seqlen_q:8,seqlen_k:[50367,41519,45273,51899,51038,32584,45087,37942,38254,41587,39858,48357,43860,39713,41803,41088,48616,37593,40954,33383,25949,43164,44531,34109,51899,29489,39220,37709,48867,48455,39929,41377,33164,26074,36667,39938,46904,46723,36411,36962,32122,29712,27855,51578,35617,36082,30797,43967,28454,37543,33115,41433,35610,31265,38741,41702,39355,40886,34809,36570,34561,36591],num_heads:64,num_heads_kv:1,head_dim:576,head_dim_v:512,causal:0,dtype:bf16.
flash_mla:[D][85,51899]flash_mla,MLA:sparse:decode,is_fp8:1,topk:2048,batch_size:85,seqlen_q:8,seqlen_k:[50367,41519,45273,51899,51038,32584,45087,37942,38254,41587,39858,48357,43860,39713,41803,41088,48616,37593,40954,33383,25949,43164,44531,34109,51899,29489,39220,37709,48867,48455,39929,41377,33164,26074,36667,39938,46904,46723,36411,36962,32122,29712,27855,51578,35617,36082,30797,43967,28454,37543,33115,41433,35610,31265,38741,41702,39355,40886,34809,36570,34561,36591,33649,27725,40074,36317,28348,41926,33038,39260,43653,39760,46315,30913,41533,34481,33275,35169,36902,39288,31365,44767,41944,28958,48578],num_heads:64,num_heads_kv:1,head_dim:576,head_dim_v:512,causal:0,dtype:bf16.
flash_mla:[D][117,51899]flash_mla,MLA:sparse:decode,is_fp8:1,topk:2048,batch_size:117,seqlen_q:8,seqlen_k:[50367,41519,45273,51899,51038,32584,45087,37942,38254,41587,39858,48357,43860,39713,41803,41088,48616,37593,40954,33383,25949,43164,44531,34109,51899,29489,39220,37709,48867,48455,39929,41377,33164,26074,36667,39938,46904,46723,36411,36962,32122,29712,27855,51578,35617,36082,30797,43967,28454,37543,33115,41433,35610,31265,38741,41702,39355,40886,34809,36570,34561,36591,33649,27725,40074,36317,28348,41926,33038,39260,43653,39760,46315,30913,41533,34481,33275,35169,36902,39288,31365,44767,41944,28958,48578,51222,46570,37756,31978,45764,36308,46854,40275,45259,41235,43507,38992,50508,39747,41531,51139,30181,30682,45212,31313,51532,36240,34075,51398,48528,51038,44801,33337,51314,37185,44129,45068],num_heads:64,num_heads_kv:1,head_dim:576,head_dim_v:512,causal:0,dtype:bf16.
flash_mla:[D][1,127206]flash_mla,MLA:sparse:decode,is_fp8:1,topk:2048,batch_size:1,seqlen_q:8,seqlen_k:[127206],num_heads:64,num_heads_kv:1,head_dim:576,head_dim_v:512,causal:0,dtype:bf16.
flash_mla:[D][2,127206]flash_mla,MLA:sparse:decode,is_fp8:1,topk:2048,batch_size:2,seqlen_q:8,seqlen_k:[127206,104860],num_heads:64,num_heads_kv:1,head_dim:576,head_dim_v:512,causal:0,dtype:bf16.
flash_mla:[D][3,127206]flash_mla,MLA:sparse:decode,is_fp8:1,topk:2048,batch_size:3,seqlen_q:8,seqlen_k:[127206,104860,114339],num_heads:64,num_heads_kv:1,head_dim:576,head_dim_v:512,causal:0,dtype:bf16.
flash_mla:[D][4,131072]flash_mla,MLA:sparse:decode,is_fp8:1,topk:2048,batch_size:4,seqlen_q:8,seqlen_k:[127206,104860,114339,131072],num_heads:64,num_heads_kv:1,head_dim:576,head_dim_v:512,causal:0,dtype:bf16.
flash_mla:[D][5,131072]flash_mla,MLA:sparse:decode,is_fp8:1,topk:2048,batch_size:5,seqlen_q:8,seqlen_k:[127206,104860,114339,131072,128902],num_heads:64,num_heads_kv:1,head_dim:576,head_dim_v:512,causal:0,dtype:bf16.
flash_mla:[D][6,131072]flash_mla,MLA:sparse:decode,is_fp8:1,topk:2048,batch_size:6,seqlen_q:8,seqlen_k:[127206,104860,114339,131072,128902,82292],num_heads:64,num_heads_kv:1,head_dim:576,head_dim_v:512,causal:0,dtype:bf16.
flash_mla:[D][8,131072]flash_mla,MLA:sparse:decode,is_fp8:1,topk:2048,batch_size:8,seqlen_q:8,seqlen_k:[127206,104860,114339,131072,128902,82292,113870,95824],num_heads:64,num_heads_kv:1,head_dim:576,head_dim_v:512,causal:0,dtype:bf16.
flash_mla:[D][10,131072]flash_mla,MLA:sparse:decode,is_fp8:1,topk:2048,batch_size:10,seqlen_q:8,seqlen_k:[127206,104860,114339,131072,128902,82292,113870,95824,96612,105031],num_heads:64,num_heads_kv:1,head_dim:576,head_dim_v:512,causal:0,dtype:bf16.
flash_mla:[D][13,131072]flash_mla,MLA:sparse:decode,is_fp8:1,topk:2048,batch_size:13,seqlen_q:8,seqlen_k:[127206,104860,114339,131072,128902,82292,113870,95824,96612,105031,100664,122130,110772],num_heads:64,num_heads_kv:1,head_dim:576,head_dim_v:512,causal:0,dtype:bf16.
flash_mla:[D][17,131072]flash_mla,MLA:sparse:decode,is_fp8:1,topk:2048,batch_size:17,seqlen_q:8,seqlen_k:[127206,104860,114339,131072,128902,82292,113870,95824,96612,105031,100664,122130,110772,100297,105576,103770,122782],num_heads:64,num_heads_kv:1,head_dim:576,head_dim_v:512,causal:0,dtype:bf16.
flash_mla:[D][21,131072]flash_mla,MLA:sparse:decode,is_fp8:1,topk:2048,batch_size:21,seqlen_q:8,seqlen_k:[127206,104860,114339,131072,128902,82292,113870,95824,96612,105031,100664,122130,110772,100297,105576,103770,122782,94942,103433,84310,65536],num_heads:64,num_heads_kv:1,head_dim:576,head_dim_v:512,causal:0,dtype:bf16.
flash_mla:[D][28,131072]flash_mla,MLA:sparse:decode,is_fp8:1,topk:2048,batch_size:28,seqlen_q:8,seqlen_k:[127206,104860,114339,131072,128902,82292,113870,95824,96612,105031,100664,122130,110772,100297,105576,103770,122782,94942,103433,84310,65536,109012,112466,86144,131072,74475,99053,95237],num_heads:64,num_heads_kv:1,head_dim:576,head_dim_v:512,causal:0,dtype:bf16.
flash_mla:[D][36,131072]flash_mla,MLA:sparse:decode,is_fp8:1,topk:2048,batch_size:36,seqlen_q:8,seqlen_k:[127206,104860,114339,131072,128902,82292,113870,95824,96612,105031,100664,122130,110772,100297,105576,103770,122782,94942,103433,84310,65536,109012,112466,86144,131072,74475,99053,95237,123417,122377,100842,104499,83758,65850,92603,100865],num_heads:64,num_heads_kv:1,head_dim:576,head_dim_v:512,causal:0,dtype:bf16.
flash_mla:[D][46,131072]flash_mla,MLA:sparse:decode,is_fp8:1,topk:2048,batch_size:46,seqlen_q:8,seqlen_k:[127206,104860,114339,131072,128902,82292,113870,95824,96612,105031,100664,122130,110772,100297,105576,103770,122782,94942,103433,84310,65536,109012,112466,86144,131072,74475,99053,95237,123417,122377,100842,104499,83758,65850,92603,100865,118461,118003,91958,93351,81124,75038,70348,130265,89953,91126],num_heads:64,num_heads_kv:1,head_dim:576,head_dim_v:512,causal:0,dtype:bf16.
